datetime,open,high,low,close,volume
2026-09-04 08:00:00,1615000.0,1640000.0,1603000.0,1610000.0,39807
2026-09-04 08:01:00,1610000.0,1612000.0,1608000.0,1608000.0,19778
2026-09-04 08:02:00,1608000.0,1610000.0,1608000.0,1609000.0,8445
2026-09-04 08:03:00,1608000.0,1610000.0,1607000.0,1609000.0,10675
2026-09-04 08:04:00,1610000.0,1611000.0,1609000.0,1611000.0,6063
2026-09-04 08:05:00,1611000.0,1611000.0,1608000.0,1608000.0,6479
2026-09-04 08:06:00,1609000.0,1609000.0,1607000.0,1607000.0,6615
2026-09-04 08:07:00,1607000.0,1608000.0,1607000.0,1608000.0,3108
2026-09-04 08:08:00,1607000.0,1608000.0,1606000.0,1607000.0,4634
2026-09-04 08:09:00,1607000.0,1609000.0,1607000.0,1609000.0,9170
2026-09-04 08:10:00,1610000.0,1611000.0,1609000.0,1610000.0,6114
2026-09-04 08:11:00,1610000.0,1611000.0,1610000.0,1610000.0,6358
2026-09-04 08:12:00,1611000.0,1611000.0,1610000.0,1611000.0,1520
2026-09-04 08:13:00,1611000.0,1611000.0,1609000.0,1610000.0,3180
2026-09-04 08:14:00,1609000.0,1610000.0,1608000.0,1608000.0,2340
2026-09-04 08:15:00,1609000.0,1609000.0,1608000.0,1608000.0,2210
2026-09-04 08:16:00,1609000.0,1609000.0,1608000.0,1609000.0,1288
2026-09-04 08:17:00,1609000.0,1609000.0,1608000.0,1609000.0,1035
2026-09-04 08:18:00,1608000.0,1610000.0,1608000.0,1610000.0,2861
2026-09-04 08:19:00,1609000.0,1611000.0,1609000.0,1610000.0,5489
2026-09-04 08:20:00,1610000.0,1611000.0,1609000.0,1609000.0,1738
2026-09-04 08:21:00,1609000.0,1610000.0,1607000.0,1607000.0,3191
2026-09-04 08:22:00,1607000.0,1608000.0,1607000.0,1607000.0,1631
2026-09-04 08:23:00,1607000.0,1608000.0,1606000.0,1606000.0,3987
2026-09-04 08:24:00,1606000.0,1607000.0,1605000.0,1606000.0,3865
2026-09-04 08:25:00,1606000.0,1607000.0,1605000.0,1606000.0,3275
2026-09-04 08:26:00,1606000.0,1608000.0,1606000.0,1607000.0,3522
2026-09-04 08:27:00,1608000.0,1608000.0,1607000.0,1607000.0,1347
2026-09-04 08:28:00,1607000.0,1608000.0,1606000.0,1607000.0,1374
2026-09-04 08:29:00,1606000.0,1609000.0,1606000.0,1608000.0,2275
2026-09-04 08:30:00,1608000.0,1609000.0,1608000.0,1608000.0,490
2026-09-04 08:31:00,1608000.0,1612000.0,1608000.0,1610000.0,9278
2026-09-04 08:32:00,1611000.0,1612000.0,1610000.0,1612000.0,1679
2026-09-04 08:33:00,1611000.0,1613000.0,1611000.0,1613000.0,4163
2026-09-04 08:34:00,1612000.0,1613000.0,1612000.0,1613000.0,1073
2026-09-04 08:35:00,1613000.0,1613000.0,1611000.0,1611000.0,2933
2026-09-04 08:36:00,1612000.0,1612000.0,1610000.0,1610000.0,1061
2026-09-04 08:37:00,1610000.0,1611000.0,1609000.0,1609000.0,1483
2026-09-04 08:38:00,1610000.0,1611000.0,1609000.0,1610000.0,2645
2026-09-04 08:39:00,1611000.0,1611000.0,1610000.0,1610000.0,508
2026-09-04 08:40:00,1610000.0,1611000.0,1610000.0,1610000.0,707
2026-09-04 08:41:00,1610000.0,1611000.0,1609000.0,1610000.0,918
2026-09-04 08:42:00,1610000.0,1611000.0,1609000.0,1610000.0,2055
2026-09-04 08:43:00,1610000.0,1612000.0,1610000.0,1611000.0,2740
2026-09-04 08:44:00,1611000.0,1613000.0,1611000.0,1612000.0,4263
2026-09-04 08:45:00,1611000.0,1617000.0,1611000.0,1614000.0,20796
2026-09-04 08:46:00,1613000.0,1614000.0,1613000.0,1614000.0,1976
2026-09-04 08:47:00,1614000.0,1616000.0,1613000.0,1615000.0,5832
2026-09-04 08:48:00,1615000.0,1617000.0,1615000.0,1617000.0,4955
2026-09-04 08:49:00,1616000.0,1617000.0,1615000.0,1616000.0,3835
2026-09-04 09:00:00,1616000.0,1628000.0,1616000.0,1626000.0,15330
2026-09-04 09:01:00,1626000.0,1635000.0,1625000.0,1632000.0,20698
2026-09-04 09:02:00,1632000.0,1642000.0,1630000.0,1639000.0,31658
2026-09-04 09:03:00,1639000.0,1640000.0,1633000.0,1634000.0,8712
2026-09-04 09:04:00,1634000.0,1637000.0,1633000.0,1637000.0,5441
2026-09-04 09:05:00,1637000.0,1638000.0,1634000.0,1634000.0,3812
2026-09-04 09:06:00,1635000.0,1635000.0,1631000.0,1634000.0,3931
2026-09-04 09:07:00,1634000.0,1634000.0,1628000.0,1630000.0,4915
2026-09-04 09:08:00,1630000.0,1636000.0,1630000.0,1635000.0,5705
2026-09-04 09:09:00,1635000.0,1635000.0,1632000.0,1633000.0,2275
2026-09-04 09:10:00,1632000.0,1635000.0,1631000.0,1632000.0,3235
2026-09-04 09:11:00,1632000.0,1635000.0,1629000.0,1635000.0,4110
2026-09-04 09:12:00,1635000.0,1635000.0,1632000.0,1634000.0,1741
2026-09-04 09:13:00,1634000.0,1634000.0,1632000.0,1633000.0,995
2026-09-04 09:14:00,1633000.0,1633000.0,1630000.0,1632000.0,1486
2026-09-04 09:15:00,1632000.0,1633000.0,1632000.0,1633000.0,1357
2026-09-04 09:16:00,1633000.0,1635000.0,1632000.0,1635000.0,2135
2026-09-04 09:17:00,1635000.0,1638000.0,1635000.0,1637000.0,12164
2026-09-04 09:18:00,1637000.0,1637000.0,1627000.0,1629000.0,4354
2026-09-04 09:19:00,1629000.0,1631000.0,1629000.0,1631000.0,1326
2026-09-04 09:20:00,1631000.0,1631000.0,1629000.0,1629000.0,1883
2026-09-04 09:21:00,1630000.0,1630000.0,1627000.0,1630000.0,2371
2026-09-04 09:22:00,1630000.0,1634000.0,1629000.0,1634000.0,2816
2026-09-04 09:23:00,1634000.0,1635000.0,1633000.0,1635000.0,2207
2026-09-04 09:24:00,1635000.0,1636000.0,1634000.0,1636000.0,2785
2026-09-04 09:25:00,1636000.0,1636000.0,1634000.0,1635000.0,1334
2026-09-04 09:26:00,1635000.0,1636000.0,1634000.0,1634000.0,1284
2026-09-04 09:27:00,1634500.0,1639000.0,1634000.0,1639000.0,7467
2026-09-04 09:28:00,1639000.0,1640000.0,1639000.0,1640000.0,9918
2026-09-04 09:29:00,1640000.0,1643000.0,1640000.0,1643000.0,9736
2026-09-04 09:30:00,1643000.0,1643000.0,1640000.0,1642000.0,3319
2026-09-04 09:31:00,1642000.0,1642000.0,1638000.0,1639000.0,1449
2026-09-04 09:32:00,1639000.0,1642000.0,1638000.0,1638000.0,2655
2026-09-04 09:33:00,1638000.0,1641000.0,1638000.0,1641000.0,2115
2026-09-04 09:34:00,1640000.0,1643000.0,1640000.0,1643000.0,6538
2026-09-04 09:35:00,1643000.0,1644000.0,1641000.0,1641000.0,2047
2026-09-04 09:36:00,1641000.0,1642000.0,1640000.0,1641000.0,928
2026-09-04 09:37:00,1641000.0,1641000.0,1638000.0,1639000.0,1516
2026-09-04 09:38:00,1639000.0,1641000.0,1639000.0,1641000.0,1639
2026-09-04 09:39:00,1641000.0,1641000.0,1640000.0,1641000.0,830
2026-09-04 09:40:00,1641000.0,1641000.0,1639000.0,1640000.0,606
2026-09-04 09:41:00,1639000.0,1640000.0,1638000.0,1640000.0,1653
2026-09-04 09:42:00,1640000.0,1641000.0,1639000.0,1641000.0,1136
2026-09-04 09:43:00,1641000.0,1644000.0,1641000.0,1643000.0,7320
2026-09-04 09:44:00,1643000.0,1644000.0,1642000.0,1643000.0,1447
2026-09-04 09:45:00,1643000.0,1644000.0,1642000.0,1644000.0,1652
2026-09-04 09:46:00,1644000.0,1644000.0,1642000.0,1644000.0,2432
2026-09-04 09:47:00,1644000.0,1644000.0,1643000.0,1643000.0,1151
2026-09-04 09:48:00,1643000.0,1644000.0,1642000.0,1644000.0,1195
2026-09-04 09:49:00,1644000.0,1645000.0,1643000.0,1645000.0,1479
2026-09-04 09:50:00,1644000.0,1648000.0,1644000.0,1648000.0,16173
2026-09-04 09:51:00,1648000.0,1649000.0,1647000.0,1647000.0,7184
2026-09-04 09:52:00,1647000.0,1648000.0,1647000.0,1648000.0,1585
2026-09-04 09:53:00,1647000.0,1649000.0,1647000.0,1647000.0,2175
2026-09-04 09:54:00,1648000.0,1649000.0,1647000.0,1648000.0,1660
2026-09-04 09:55:00,1648000.0,1649000.0,1644000.0,1644000.0,3015
2026-09-04 09:56:00,1644000.0,1645000.0,1641000.0,1641000.0,1924
2026-09-04 09:57:00,1642000.0,1643000.0,1640000.0,1643000.0,2532
2026-09-04 09:58:00,1643000.0,1644000.0,1641000.0,1642000.0,1423
2026-09-04 09:59:00,1642000.0,1642000.0,1638000.0,1638000.0,3637
2026-09-04 10:00:00,1639000.0,1641000.0,1638000.0,1638000.0,1411
2026-09-04 10:01:00,1638500.0,1640000.0,1638000.0,1639000.0,1344
2026-09-04 10:02:00,1639000.0,1639000.0,1636000.0,1636000.0,2617
2026-09-04 10:03:00,1636000.0,1640000.0,1635000.0,1640000.0,2505
2026-09-04 10:04:00,1639000.0,1640000.0,1639000.0,1640000.0,1682
2026-09-04 10:05:00,1640000.0,1641000.0,1639000.0,1640000.0,1128
2026-09-04 10:06:00,1639000.0,1641000.0,1639000.0,1640000.0,642
2026-09-04 10:07:00,1640000.0,1643000.0,1640000.0,1643000.0,2280
2026-09-04 10:08:00,1643000.0,1644000.0,1639000.0,1640000.0,1727
2026-09-04 10:09:00,1639000.0,1641500.0,1638000.0,1640000.0,525
2026-09-04 10:10:00,1641000.0,1641000.0,1639000.0,1639000.0,825
2026-09-04 10:11:00,1639000.0,1640000.0,1638000.0,1639000.0,966
2026-09-04 10:12:00,1639000.0,1640000.0,1638000.0,1640000.0,1673
2026-09-04 10:13:00,1641000.0,1642000.0,1640000.0,1641000.0,661
2026-09-04 10:14:00,1641000.0,1642000.0,1640000.0,1641000.0,308
2026-09-04 10:15:00,1641000.0,1641000.0,1640000.0,1641000.0,349
2026-09-04 10:16:00,1640000.0,1640000.0,1639000.0,1640000.0,433
2026-09-04 10:17:00,1640000.0,1641000.0,1640000.0,1641000.0,584
2026-09-04 10:18:00,1641000.0,1642000.0,1640000.0,1642000.0,620
2026-09-04 10:19:00,1642000.0,1642000.0,1641000.0,1642000.0,745
2026-09-04 10:20:00,1642000.0,1644000.0,1642000.0,1644000.0,2199
2026-09-04 10:21:00,1644000.0,1645000.0,1644000.0,1645000.0,1182
2026-09-04 10:22:00,1645000.0,1645000.0,1643000.0,1644000.0,375
2026-09-04 10:23:00,1644000.0,1644000.0,1642000.0,1642000.0,481
2026-09-04 10:24:00,1642000.0,1644000.0,1642000.0,1644000.0,501
2026-09-04 10:25:00,1644000.0,1644000.0,1642000.0,1642000.0,759
2026-09-04 10:26:00,1643000.0,1644000.0,1641000.0,1643000.0,507
2026-09-04 10:27:00,1644000.0,1644000.0,1642000.0,1643000.0,502
2026-09-04 10:28:00,1643000.0,1644000.0,1643000.0,1643000.0,611
2026-09-04 10:29:00,1643000.0,1643000.0,1640000.0,1642000.0,982
2026-09-04 10:30:00,1642000.0,1643000.0,1640000.0,1641000.0,363
2026-09-04 10:31:00,1641000.0,1641000.0,1638000.0,1638000.0,1294
2026-09-04 10:32:00,1638000.0,1639000.0,1634000.0,1635000.0,2394
2026-09-04 10:33:00,1634000.0,1636000.0,1634000.0,1635000.0,1581
2026-09-04 10:34:00,1635000.0,1639000.0,1635000.0,1638000.0,1565
2026-09-04 10:35:00,1639000.0,1639000.0,1636000.0,1636000.0,839
2026-09-04 10:36:00,1637000.0,1637000.0,1636000.0,1636000.0,1084
2026-09-04 10:37:00,1636000.0,1637000.0,1634000.0,1634000.0,1403
2026-09-04 10:38:00,1635000.0,1637000.0,1635000.0,1637000.0,393
2026-09-04 10:39:00,1637000.0,1638000.0,1636000.0,1638000.0,535
2026-09-04 10:40:00,1637000.0,1638000.0,1636000.0,1637000.0,401
2026-09-04 10:41:00,1636000.0,1637000.0,1633000.0,1633000.0,1739
2026-09-04 10:42:00,1633000.0,1634000.0,1631500.0,1631500.0,1701
2026-09-04 10:43:00,1632000.0,1632000.0,1630000.0,1632000.0,3560
2026-09-04 10:44:00,1632000.0,1635000.0,1631000.0,1633000.0,932
2026-09-04 10:45:00,1633000.0,1633000.0,1629000.0,1629000.0,2091
2026-09-04 10:46:00,1629000.0,1631000.0,1629000.0,1631000.0,1393
2026-09-04 10:47:00,1631000.0,1631000.0,1629000.0,1630000.0,1064
2026-09-04 10:48:00,1630000.0,1632000.0,1629000.0,1630000.0,747
2026-09-04 10:49:00,1629000.0,1630000.0,1629000.0,1629000.0,1194
2026-09-04 10:50:00,1628000.0,1629000.0,1624000.0,1625000.0,7917
2026-09-04 10:51:00,1626000.0,1628000.0,1625000.0,1626000.0,2160
2026-09-04 10:52:00,1626000.0,1628000.0,1625000.0,1628000.0,1521
2026-09-04 10:53:00,1628000.0,1630000.0,1627000.0,1630000.0,725
2026-09-04 10:54:00,1630000.0,1630000.0,1627000.0,1627000.0,1491
2026-09-04 10:55:00,1627000.0,1627000.0,1625000.0,1627000.0,1269
2026-09-04 10:56:00,1627000.0,1629000.0,1627000.0,1628000.0,518
2026-09-04 10:57:00,1629000.0,1631000.0,1628000.0,1631000.0,2052
2026-09-04 10:58:00,1631000.0,1632000.0,1631000.0,1632000.0,1226
2026-09-04 10:59:00,1631500.0,1632000.0,1630000.0,1631000.0,607
2026-09-04 11:00:00,1632000.0,1633000.0,1632000.0,1633000.0,810
2026-09-04 11:01:00,1633000.0,1634000.0,1633000.0,1633000.0,1240
2026-09-04 11:02:00,1633000.0,1633000.0,1632000.0,1633000.0,511
2026-09-04 11:03:00,1633000.0,1635000.0,1632000.0,1635000.0,1618
2026-09-04 11:04:00,1635000.0,1635000.0,1633000.0,1634000.0,567
2026-09-04 11:05:00,1634000.0,1634000.0,1632000.0,1634000.0,436
2026-09-04 11:06:00,1634000.0,1634000.0,1633000.0,1633000.0,179
2026-09-04 11:07:00,1633000.0,1634000.0,1633000.0,1633000.0,253
2026-09-04 11:08:00,1633000.0,1634000.0,1632000.0,1633000.0,463
2026-09-04 11:09:00,1632000.0,1633000.0,1631000.0,1633000.0,968
2026-09-04 11:10:00,1633000.0,1634000.0,1633000.0,1634000.0,413
2026-09-04 11:11:00,1634000.0,1635000.0,1633000.0,1635000.0,1533
2026-09-04 11:12:00,1635000.0,1637000.0,1634000.0,1637000.0,1049
2026-09-04 11:13:00,1637000.0,1639000.0,1637000.0,1639000.0,2073
2026-09-04 11:14:00,1639000.0,1640000.0,1638000.0,1639000.0,1431
2026-09-04 11:15:00,1639000.0,1641000.0,1639000.0,1640000.0,4474
2026-09-04 11:16:00,1640000.0,1641000.0,1639000.0,1639000.0,986
2026-09-04 11:17:00,1640000.0,1640000.0,1639000.0,1639000.0,1731
2026-09-04 11:18:00,1639000.0,1640000.0,1637000.0,1638000.0,1161
2026-09-04 11:19:00,1638000.0,1638000.0,1636000.0,1637000.0,489
2026-09-04 11:20:00,1637000.0,1638000.0,1637000.0,1637000.0,599
2026-09-04 11:21:00,1638000.0,1638000.0,1637000.0,1638000.0,408
2026-09-04 11:22:00,1638000.0,1639000.0,1637000.0,1638000.0,572
2026-09-04 11:23:00,1639000.0,1639000.0,1638000.0,1638000.0,330
2026-09-04 11:24:00,1638000.0,1639000.0,1638000.0,1639000.0,609
2026-09-04 11:25:00,1638000.0,1639000.0,1637000.0,1637500.0,542
2026-09-04 11:26:00,1637500.0,1638000.0,1636000.0,1638000.0,279
2026-09-04 11:27:00,1637000.0,1638000.0,1636000.0,1638000.0,193
2026-09-04 11:28:00,1637000.0,1637000.0,1636000.0,1637000.0,202
2026-09-04 11:29:00,1637000.0,1638000.0,1637000.0,1638000.0,125
2026-09-04 11:30:00,1638000.0,1639000.0,1637500.0,1638000.0,496
2026-09-04 11:31:00,1639000.0,1639000.0,1637000.0,1638000.0,307
2026-09-04 11:32:00,1638000.0,1638000.0,1636500.0,1638000.0,233
2026-09-04 11:33:00,1638000.0,1638000.0,1637000.0,1638000.0,193
2026-09-04 11:34:00,1638000.0,1638000.0,1635000.0,1635000.0,371
2026-09-04 11:35:00,1635000.0,1635000.0,1633000.0,1634000.0,895
2026-09-04 11:36:00,1634000.0,1635000.0,1633500.0,1634000.0,285
2026-09-04 11:37:00,1634000.0,1634000.0,1631000.0,1631000.0,681
2026-09-04 11:38:00,1631000.0,1633000.0,1631000.0,1633000.0,557
2026-09-04 11:39:00,1633000.0,1634000.0,1632000.0,1634000.0,490
2026-09-04 11:40:00,1634000.0,1635000.0,1632000.0,1632000.0,222
2026-09-04 11:41:00,1634000.0,1634000.0,1632000.0,1632000.0,202
2026-09-04 11:42:00,1632000.0,1633000.0,1631000.0,1631000.0,496
2026-09-04 11:43:00,1632000.0,1632000.0,1631000.0,1631000.0,588
2026-09-04 11:44:00,1631000.0,1632000.0,1630000.0,1630000.0,2605
2026-09-04 11:45:00,1630000.0,1630000.0,1629000.0,1629000.0,973
2026-09-04 11:46:00,1629000.0,1631000.0,1629000.0,1631000.0,885
2026-09-04 11:47:00,1631000.0,1633000.0,1631000.0,1633000.0,536
2026-09-04 11:48:00,1633000.0,1634000.0,1632000.0,1633000.0,720
2026-09-04 11:49:00,1634000.0,1635000.0,1633000.0,1635000.0,341
2026-09-04 11:50:00,1634000.0,1635000.0,1634000.0,1635000.0,406
2026-09-04 11:51:00,1635000.0,1638000.0,1635000.0,1638000.0,736
2026-09-04 11:52:00,1638000.0,1638000.0,1637500.0,1638000.0,145
2026-09-04 11:53:00,1637000.0,1638000.0,1637000.0,1638000.0,238
2026-09-04 11:54:00,1638000.0,1639000.0,1638000.0,1639000.0,1931
2026-09-04 11:55:00,1639000.0,1639000.0,1636000.0,1637000.0,365
2026-09-04 11:56:00,1637000.0,1638000.0,1637000.0,1638000.0,199
2026-09-04 11:57:00,1638000.0,1638000.0,1636000.0,1636000.0,195
2026-09-04 11:58:00,1636000.0,1637000.0,1636000.0,1637000.0,223
2026-09-04 11:59:00,1638000.0,1639000.0,1637000.0,1639000.0,1236
2026-09-04 12:00:00,1639000.0,1642000.0,1639000.0,1642000.0,10110
2026-09-04 12:01:00,1642000.0,1643000.0,1641000.0,1643000.0,2468
2026-09-04 12:02:00,1642000.0,1643000.0,1642000.0,1643000.0,818
2026-09-04 12:03:00,1643000.0,1643000.0,1642000.0,1643000.0,919
2026-09-04 12:04:00,1643000.0,1643000.0,1640000.0,1641000.0,465
2026-09-04 12:05:00,1641000.0,1642000.0,1641000.0,1642000.0,573
2026-09-04 12:06:00,1642000.0,1643000.0,1642000.0,1643000.0,459
2026-09-04 12:07:00,1643000.0,1643000.0,1642000.0,1643000.0,370
2026-09-04 12:08:00,1643000.0,1643000.0,1642000.0,1642500.0,275
2026-09-04 12:09:00,1643000.0,1643000.0,1642000.0,1643000.0,335
2026-09-04 12:10:00,1643000.0,1643000.0,1642000.0,1643000.0,1222
2026-09-04 12:11:00,1643000.0,1644000.0,1643000.0,1644000.0,623
2026-09-04 12:12:00,1644000.0,1644000.0,1643000.0,1643000.0,465
2026-09-04 12:13:00,1644000.0,1644000.0,1643000.0,1644000.0,312
2026-09-04 12:14:00,1643000.0,1644000.0,1642000.0,1642000.0,575
2026-09-04 12:15:00,1642000.0,1643000.0,1642000.0,1643000.0,301
2026-09-04 12:16:00,1643000.0,1644000.0,1643000.0,1644000.0,364
2026-09-04 12:17:00,1644000.0,1644000.0,1643000.0,1644000.0,639
2026-09-04 12:18:00,1644000.0,1644000.0,1643500.0,1644000.0,2635
2026-09-04 12:19:00,1644000.0,1645000.0,1644000.0,1645000.0,596
2026-09-04 12:20:00,1645000.0,1645000.0,1645000.0,1645000.0,511
2026-09-04 12:21:00,1645000.0,1645000.0,1644500.0,1645000.0,1352
2026-09-04 12:22:00,1645000.0,1645000.0,1644000.0,1645000.0,542
2026-09-04 12:23:00,1644000.0,1644000.0,1643000.0,1643000.0,964
2026-09-04 12:24:00,1643000.0,1643000.0,1640000.0,1640000.0,924
2026-09-04 12:25:00,1641000.0,1641000.0,1639000.0,1640000.0,742
2026-09-04 12:26:00,1640000.0,1641000.0,1640000.0,1640500.0,404
2026-09-04 12:27:00,1640500.0,1642000.0,1640000.0,1641000.0,320
2026-09-04 12:28:00,1641000.0,1641000.0,1640000.0,1641000.0,236
2026-09-04 12:29:00,1641000.0,1642000.0,1640000.0,1642000.0,266
2026-09-04 12:30:00,1642000.0,1642000.0,1640000.0,1642000.0,156
2026-09-04 12:31:00,1642000.0,1642000.0,1641000.0,1641000.0,196
2026-09-04 12:32:00,1641000.0,1642000.0,1640000.0,1641000.0,252
2026-09-04 12:33:00,1640000.0,1642000.0,1639000.0,1639000.0,311
2026-09-04 12:34:00,1639000.0,1640000.0,1638000.0,1639000.0,270
2026-09-04 12:35:00,1639000.0,1639000.0,1637000.0,1639000.0,359
2026-09-04 12:36:00,1639000.0,1641000.0,1639000.0,1641000.0,490
2026-09-04 12:37:00,1641000.0,1642000.0,1641000.0,1641000.0,223
2026-09-04 12:38:00,1642000.0,1643000.0,1641000.0,1643000.0,1046
2026-09-04 12:39:00,1643000.0,1645000.0,1643000.0,1644000.0,2032
2026-09-04 12:40:00,1644000.0,1645000.0,1644000.0,1644000.0,1034
2026-09-04 12:41:00,1644000.0,1645000.0,1643000.0,1645000.0,372
2026-09-04 12:42:00,1645000.0,1645000.0,1644000.0,1644000.0,1056
2026-09-04 12:43:00,1644000.0,1645000.0,1644000.0,1644000.0,198
2026-09-04 12:44:00,1645000.0,1645000.0,1643000.0,1643000.0,389
2026-09-04 12:45:00,1643000.0,1644000.0,1643000.0,1644000.0,184
2026-09-04 12:46:00,1644000.0,1644000.0,1643000.0,1644000.0,102
2026-09-04 12:47:00,1643000.0,1644000.0,1642000.0,1644000.0,749
2026-09-04 12:48:00,1644000.0,1645000.0,1643000.0,1644000.0,448
2026-09-04 12:49:00,1645000.0,1645000.0,1644000.0,1645000.0,223
2026-09-04 12:50:00,1645000.0,1645000.0,1644500.0,1645000.0,917
2026-09-04 12:51:00,1645000.0,1645000.0,1644000.0,1645000.0,478
2026-09-04 12:52:00,1645000.0,1645000.0,1644000.0,1644000.0,308
2026-09-04 12:53:00,1644000.0,1645000.0,1643000.0,1645000.0,184
2026-09-04 12:54:00,1645000.0,1645000.0,1644000.0,1645000.0,534
2026-09-04 12:55:00,1645000.0,1646000.0,1644500.0,1645000.0,1347
2026-09-04 12:56:00,1645000.0,1646000.0,1645000.0,1645000.0,261
2026-09-04 12:57:00,1645000.0,1646000.0,1645000.0,1646000.0,487
2026-09-04 12:58:00,1646000.0,1646000.0,1645000.0,1646000.0,604
2026-09-04 12:59:00,1646000.0,1646000.0,1646000.0,1646000.0,622
2026-09-04 13:00:00,1646000.0,1647000.0,1645000.0,1647000.0,1809
2026-09-04 13:01:00,1647000.0,1647000.0,1646000.0,1647000.0,3695
2026-09-04 13:02:00,1647000.0,1647000.0,1646000.0,1647000.0,322
2026-09-04 13:03:00,1647000.0,1647000.0,1646500.0,1647000.0,1176
2026-09-04 13:04:00,1647000.0,1648000.0,1647000.0,1648000.0,1883
2026-09-04 13:05:00,1648000.0,1648000.0,1647500.0,1648000.0,1477
2026-09-04 13:06:00,1648000.0,1648000.0,1647000.0,1648000.0,4387
2026-09-04 13:07:00,1648000.0,1649000.0,1648000.0,1649000.0,1586
2026-09-04 13:08:00,1649000.0,1650000.0,1648000.0,1650000.0,12002
2026-09-04 13:09:00,1650000.0,1650000.0,1649000.0,1650000.0,6035
2026-09-04 13:10:00,1650000.0,1650000.0,1649000.0,1649000.0,2290
2026-09-04 13:11:00,1649000.0,1650000.0,1649000.0,1650000.0,1479
2026-09-04 13:12:00,1650000.0,1650000.0,1649000.0,1650000.0,1465
2026-09-04 13:13:00,1650000.0,1654000.0,1649500.0,1654000.0,14641
2026-09-04 13:14:00,1654000.0,1659000.0,1654000.0,1659000.0,19046
2026-09-04 13:15:00,1659000.0,1660000.0,1656000.0,1659000.0,8600
2026-09-04 13:16:00,1659000.0,1659500.0,1658000.0,1659000.0,1610
2026-09-04 13:17:00,1659000.0,1659000.0,1658000.0,1658000.0,1235
2026-09-04 13:18:00,1658000.0,1659000.0,1657000.0,1658000.0,1521
2026-09-04 13:19:00,1657500.0,1658000.0,1657000.0,1657000.0,2575
2026-09-04 13:20:00,1658000.0,1659000.0,1656500.0,1658000.0,1434
2026-09-04 13:21:00,1658000.0,1659000.0,1657500.0,1659000.0,1450
2026-09-04 13:22:00,1659000.0,1660000.0,1658000.0,1659000.0,2207
2026-09-04 13:23:00,1659000.0,1660000.0,1659000.0,1659000.0,1595
2026-09-04 13:24:00,1659000.0,1660000.0,1657000.0,1658000.0,1455
2026-09-04 13:25:00,1658000.0,1659000.0,1657000.0,1658000.0,618
2026-09-04 13:26:00,1658000.0,1660000.0,1658000.0,1660000.0,2033
2026-09-04 13:27:00,1660000.0,1660000.0,1659000.0,1660000.0,2775
2026-09-04 13:28:00,1660000.0,1663000.0,1660000.0,1662000.0,6163
2026-09-04 13:29:00,1662000.0,1664000.0,1662000.0,1662000.0,2570
2026-09-04 13:30:00,1662000.0,1664000.0,1662000.0,1663000.0,1546
2026-09-04 13:31:00,1664000.0,1665000.0,1663000.0,1665000.0,4199
2026-09-04 13:32:00,1665000.0,1665500.0,1664000.0,1665000.0,3780
2026-09-04 13:33:00,1665000.0,1665000.0,1663000.0,1663500.0,1806
2026-09-04 13:34:00,1663000.0,1664000.0,1662000.0,1664000.0,1347
2026-09-04 13:35:00,1664000.0,1664000.0,1662000.0,1662000.0,1893
2026-09-04 13:36:00,1662000.0,1663000.0,1660000.0,1662000.0,1526
2026-09-04 13:37:00,1662000.0,1663000.0,1661000.0,1662000.0,1233
2026-09-04 13:38:00,1662000.0,1663000.0,1659000.0,1660000.0,1993
2026-09-04 13:39:00,1659000.0,1661000.0,1659000.0,1660000.0,1212
2026-09-04 13:40:00,1660000.0,1661000.0,1660000.0,1661000.0,940
2026-09-04 13:41:00,1661000.0,1663000.0,1660000.0,1663000.0,2389
2026-09-04 13:42:00,1663000.0,1663000.0,1662000.0,1663000.0,710
2026-09-04 13:43:00,1663000.0,1663000.0,1662000.0,1662000.0,1329
2026-09-04 13:44:00,1662000.0,1664000.0,1662000.0,1664000.0,1330
2026-09-04 13:45:00,1664000.0,1664000.0,1663500.0,1664000.0,1339
2026-09-04 13:46:00,1664000.0,1665000.0,1662000.0,1663000.0,1101
2026-09-04 13:47:00,1662000.0,1663000.0,1661000.0,1662000.0,955
2026-09-04 13:48:00,1662000.0,1663000.0,1662000.0,1662000.0,692
2026-09-04 13:49:00,1662000.0,1663000.0,1660000.0,1661000.0,1055
2026-09-04 13:50:00,1661000.0,1661000.0,1659000.0,1661000.0,696
2026-09-04 13:51:00,1661000.0,1662000.0,1661000.0,1662000.0,852
2026-09-04 13:52:00,1662000.0,1663000.0,1662000.0,1663000.0,782
2026-09-04 13:53:00,1663000.0,1664000.0,1662000.0,1664000.0,778
2026-09-04 13:54:00,1664000.0,1665000.0,1664000.0,1664000.0,1212
2026-09-04 13:55:00,1664000.0,1665000.0,1663000.0,1664000.0,330
2026-09-04 13:56:00,1664000.0,1665000.0,1664000.0,1665000.0,1326
2026-09-04 13:57:00,1665000.0,1667000.0,1665000.0,1667000.0,7937
2026-09-04 13:58:00,1667000.0,1668000.0,1666000.0,1668000.0,5120
2026-09-04 13:59:00,1668000.0,1669000.0,1667000.0,1667000.0,1637
2026-09-04 14:00:00,1667000.0,1667500.0,1665000.0,1665000.0,1088
2026-09-04 14:01:00,1664000.0,1665000.0,1662000.0,1662000.0,1082
2026-09-04 14:02:00,1662000.0,1665000.0,1661500.0,1663000.0,1288
2026-09-04 14:03:00,1664000.0,1667000.0,1663500.0,1666000.0,1544
2026-09-04 14:04:00,1666000.0,1668000.0,1666000.0,1667000.0,1989
2026-09-04 14:05:00,1667000.0,1668000.0,1667000.0,1667000.0,776
2026-09-04 14:06:00,1667000.0,1669000.0,1667000.0,1668000.0,2094
2026-09-04 14:07:00,1668000.0,1671000.0,1668000.0,1671000.0,19719
2026-09-04 14:08:00,1671000.0,1673000.0,1671000.0,1672000.0,3414
2026-09-04 14:09:00,1673000.0,1673000.0,1672000.0,1672000.0,1935
2026-09-04 14:10:00,1673000.0,1673000.0,1671000.0,1672000.0,2526
2026-09-04 14:11:00,1672000.0,1673000.0,1672000.0,1673000.0,1980
2026-09-04 14:12:00,1673000.0,1675000.0,1673000.0,1675000.0,3944
2026-09-04 14:13:00,1675000.0,1675000.0,1673000.0,1673000.0,3561
2026-09-04 14:14:00,1673000.0,1676000.0,1673000.0,1675000.0,2985
2026-09-04 14:15:00,1676000.0,1676000.0,1675000.0,1675000.0,2104
2026-09-04 14:16:00,1675000.0,1676000.0,1675000.0,1676000.0,2272
2026-09-04 14:17:00,1676000.0,1678000.0,1676000.0,1678000.0,4079
2026-09-04 14:18:00,1678000.0,1680000.0,1678000.0,1680000.0,5614
2026-09-04 14:19:00,1680000.0,1680000.0,1679000.0,1680000.0,7403
2026-09-04 14:20:00,1680000.0,1681000.0,1679500.0,1681000.0,3894
2026-09-04 14:21:00,1681000.0,1682000.0,1680000.0,1681000.0,1991
2026-09-04 14:22:00,1681000.0,1682000.0,1680000.0,1680000.0,3365
2026-09-04 14:23:00,1680000.0,1680000.0,1677000.0,1679000.0,2915
2026-09-04 14:24:00,1679000.0,1680000.0,1677000.0,1678000.0,1918
2026-09-04 14:25:00,1678000.0,1678000.0,1676000.0,1678000.0,1795
2026-09-04 14:26:00,1677000.0,1678000.0,1677000.0,1677000.0,894
2026-09-04 14:27:00,1677000.0,1678000.0,1672000.0,1673000.0,2775
2026-09-04 14:28:00,1673000.0,1674000.0,1671500.0,1672000.0,2458
2026-09-04 14:29:00,1672000.0,1674000.0,1672000.0,1672000.0,2090
2026-09-04 14:30:00,1672000.0,1673000.0,1671000.0,1672000.0,1962
2026-09-04 14:31:00,1671000.0,1673000.0,1671000.0,1673000.0,1826
2026-09-04 14:32:00,1673000.0,1674000.0,1672000.0,1674000.0,1118
2026-09-04 14:33:00,1673000.0,1677000.0,1673000.0,1677000.0,4190
2026-09-04 14:34:00,1676000.0,1677000.0,1676000.0,1676000.0,1400
2026-09-04 14:35:00,1676000.0,1677000.0,1674000.0,1674000.0,1256
2026-09-04 14:36:00,1675000.0,1675000.0,1671000.0,1672000.0,2076
2026-09-04 14:37:00,1671000.0,1674000.0,1671000.0,1674000.0,1600
2026-09-04 14:38:00,1674000.0,1674000.0,1671000.0,1671000.0,1058
2026-09-04 14:39:00,1671000.0,1672000.0,1667000.0,1668000.0,3282
2026-09-04 14:40:00,1668000.0,1670000.0,1667000.0,1668000.0,3031
2026-09-04 14:41:00,1668000.0,1668000.0,1666000.0,1667000.0,2260
2026-09-04 14:42:00,1668000.0,1668000.0,1665000.0,1667000.0,2939
2026-09-04 14:43:00,1667000.0,1667000.0,1665000.0,1665000.0,2520
2026-09-04 14:44:00,1665000.0,1667000.0,1664000.0,1665000.0,3764
2026-09-04 14:45:00,1665000.0,1666000.0,1664000.0,1666000.0,1657
2026-09-04 14:46:00,1666000.0,1667000.0,1665000.0,1665000.0,1409
2026-09-04 14:47:00,1665000.0,1667000.0,1665000.0,1665000.0,1600
2026-09-04 14:48:00,1665000.0,1666000.0,1661000.0,1662500.0,3708
2026-09-04 14:49:00,1662000.0,1662000.0,1659500.0,1660000.0,3549
2026-09-04 14:50:00,1661000.0,1662000.0,1659000.0,1659000.0,3438
2026-09-04 14:51:00,1659000.0,1660000.0,1658000.0,1658000.0,2515
2026-09-04 14:52:00,1658000.0,1660000.0,1657500.0,1659000.0,4556
2026-09-04 14:53:00,1659000.0,1660000.0,1659000.0,1659000.0,1242
2026-09-04 14:54:00,1659000.0,1661000.0,1659000.0,1660000.0,3635
2026-09-04 14:55:00,1661000.0,1661000.0,1657000.0,1658000.0,1703
2026-09-04 14:56:00,1658000.0,1660000.0,1658000.0,1659000.0,1419
2026-09-04 14:57:00,1659500.0,1663000.0,1659000.0,1663000.0,3717
2026-09-04 14:58:00,1663000.0,1665000.0,1662000.0,1665000.0,3376
2026-09-04 14:59:00,1665000.0,1665000.0,1661000.0,1661000.0,1969
2026-09-04 15:00:00,1661000.0,1662000.0,1657000.0,1657000.0,3504
2026-09-04 15:01:00,1657000.0,1658000.0,1654000.0,1654000.0,4177
2026-09-04 15:02:00,1654000.0,1654000.0,1652000.0,1654000.0,7537
2026-09-04 15:03:00,1654000.0,1655000.0,1653000.0,1654000.0,2945
2026-09-04 15:04:00,1654000.0,1655000.0,1654000.0,1654000.0,3123
2026-09-04 15:05:00,1654000.0,1655000.0,1651000.0,1651000.0,3443
2026-09-04 15:06:00,1651000.0,1652000.0,1648000.0,1650000.0,9224
2026-09-04 15:07:00,1649000.0,1652000.0,1649000.0,1652000.0,3561
2026-09-04 15:08:00,1652000.0,1653000.0,1650000.0,1651000.0,1995
2026-09-04 15:09:00,1650000.0,1652000.0,1650000.0,1651000.0,1822
2026-09-04 15:10:00,1651000.0,1652000.0,1650000.0,1652000.0,1697
2026-09-04 15:11:00,1652000.0,1655000.0,1651000.0,1655000.0,2961
2026-09-04 15:12:00,1654000.0,1656000.0,1652000.0,1655000.0,2209
2026-09-04 15:13:00,1655000.0,1656000.0,1652000.0,1652000.0,1701
2026-09-04 15:14:00,1652000.0,1653000.0,1651000.0,1652000.0,1165
2026-09-04 15:15:00,1653000.0,1653000.0,1645000.0,1646000.0,8978
2026-09-04 15:16:00,1645000.0,1646000.0,1643000.0,1644000.0,4782
2026-09-04 15:17:00,1643000.0,1645000.0,1643000.0,1645000.0,3349
2026-09-04 15:18:00,1644000.0,1646000.0,1644000.0,1645000.0,3206
2026-09-04 15:19:00,1645000.0,1650000.0,1645000.0,1649000.0,3213
2026-09-04 15:40:00,1644000.0,1645000.0,1641000.0,1643000.0,9645
2026-09-04 15:41:00,1643000.0,1645000.0,1643000.0,1645000.0,1956
2026-09-04 15:42:00,1645000.0,1646000.0,1644000.0,1645000.0,3045
2026-09-04 15:43:00,1645000.0,1646000.0,1644000.0,1645000.0,1931
2026-09-04 15:44:00,1645000.0,1645000.0,1639000.0,1640000.0,13744
2026-09-04 15:45:00,1640000.0,1640000.0,1638000.0,1640000.0,4564
2026-09-04 15:46:00,1639000.0,1640000.0,1639000.0,1639000.0,1757
2026-09-04 15:47:00,1639000.0,1640000.0,1639000.0,1640000.0,1049
2026-09-04 15:48:00,1640000.0,1641000.0,1639000.0,1641000.0,2459
2026-09-04 15:49:00,1641000.0,1642000.0,1640000.0,1641000.0,3564
2026-09-04 15:50:00,1642000.0,1643000.0,1641000.0,1643000.0,2688
2026-09-04 15:51:00,1643000.0,1643000.0,1642000.0,1643000.0,1173
2026-09-04 15:52:00,1643000.0,1644000.0,1642000.0,1644000.0,2055
2026-09-04 15:53:00,1644000.0,1644000.0,1643000.0,1644000.0,1240
2026-09-04 15:54:00,1644000.0,1645000.0,1643000.0,1645000.0,961
2026-09-04 15:55:00,1645000.0,1645000.0,1644000.0,1645000.0,894
2026-09-04 15:56:00,1645000.0,1646000.0,1644000.0,1646000.0,1542
2026-09-04 15:57:00,1646000.0,1646000.0,1645000.0,1646000.0,909
2026-09-04 15:58:00,1646000.0,1646000.0,1645000.0,1646000.0,601
2026-09-04 15:59:00,1646000.0,1646000.0,1645000.0,1646000.0,763
2026-09-04 16:00:00,1646000.0,1646000.0,1645000.0,1645000.0,850
2026-09-04 16:01:00,1646000.0,1646000.0,1645000.0,1646000.0,840
2026-09-04 16:02:00,1646000.0,1647000.0,1643000.0,1643000.0,3804
2026-09-04 16:03:00,1643000.0,1644000.0,1643000.0,1644000.0,318
2026-09-04 16:04:00,1644000.0,1644000.0,1643000.0,1644000.0,455
2026-09-04 16:05:00,1644000.0,1645000.0,1643000.0,1644000.0,693
2026-09-04 16:06:00,1644000.0,1644000.0,1642000.0,1643000.0,1708
2026-09-04 16:07:00,1642000.0,1643000.0,1642000.0,1642000.0,767
2026-09-04 16:08:00,1642000.0,1644000.0,1642000.0,1643000.0,1729
2026-09-04 16:09:00,1644000.0,1644000.0,1643000.0,1644000.0,442
2026-09-04 16:10:00,1644000.0,1645000.0,1644000.0,1644000.0,2717
2026-09-04 16:11:00,1644000.0,1644000.0,1643000.0,1644000.0,378
2026-09-04 16:12:00,1644000.0,1646000.0,1643000.0,1644000.0,1856
2026-09-04 16:13:00,1644000.0,1644000.0,1643000.0,1644000.0,725
2026-09-04 16:14:00,1644000.0,1645000.0,1643000.0,1644000.0,1318
2026-09-04 16:15:00,1644000.0,1646000.0,1644000.0,1646000.0,343
2026-09-04 16:16:00,1646000.0,1647000.0,1645000.0,1647000.0,3826
2026-09-04 16:17:00,1647000.0,1648000.0,1645000.0,1647000.0,4795
2026-09-04 16:18:00,1647000.0,1647000.0,1644000.0,1645000.0,699
2026-09-04 16:19:00,1645000.0,1646000.0,1644000.0,1646000.0,1712
2026-09-04 16:20:00,1645000.0,1647000.0,1645000.0,1647000.0,846
2026-09-04 16:21:00,1646000.0,1647000.0,1645000.0,1645000.0,1101
2026-09-04 16:22:00,1646000.0,1646000.0,1645000.0,1645000.0,484
2026-09-04 16:23:00,1645000.0,1646000.0,1645000.0,1646000.0,209
2026-09-04 16:24:00,1645000.0,1647000.0,1645000.0,1646000.0,616
2026-09-04 16:25:00,1646000.0,1647000.0,1646000.0,1647000.0,362
2026-09-04 16:26:00,1647000.0,1648000.0,1646000.0,1648000.0,2165
2026-09-04 16:27:00,1648000.0,1650000.0,1647000.0,1649000.0,2878
2026-09-04 16:28:00,1649000.0,1651000.0,1649000.0,1650000.0,4276
2026-09-04 16:29:00,1650000.0,1651000.0,1649000.0,1650000.0,1117
2026-09-04 16:30:00,1651000.0,1652000.0,1650000.0,1651000.0,2680
2026-09-04 16:31:00,1652000.0,1652000.0,1649000.0,1650000.0,3382
2026-09-04 16:32:00,1650000.0,1650000.0,1648000.0,1649000.0,1152
2026-09-04 16:33:00,1648000.0,1649000.0,1648000.0,1649000.0,398
2026-09-04 16:34:00,1649000.0,1649000.0,1648000.0,1649000.0,263
2026-09-04 16:35:00,1649000.0,1650000.0,1649000.0,1650000.0,500
2026-09-04 16:36:00,1650000.0,1650000.0,1648000.0,1648000.0,1525
2026-09-04 16:37:00,1648000.0,1648000.0,1647000.0,1648000.0,1265
2026-09-04 16:38:00,1648000.0,1648000.0,1647000.0,1647000.0,287
2026-09-04 16:39:00,1647000.0,1649000.0,1647000.0,1649000.0,796
2026-09-04 16:40:00,1648000.0,1649000.0,1647000.0,1648000.0,544
2026-09-04 16:41:00,1648000.0,1649000.0,1647000.0,1648000.0,1106
2026-09-04 16:42:00,1648000.0,1648000.0,1647000.0,1647000.0,293
2026-09-04 16:43:00,1648000.0,1648000.0,1646000.0,1647000.0,1544
2026-09-04 16:44:00,1647000.0,1647000.0,1646000.0,1647000.0,1215
2026-09-04 16:45:00,1646000.0,1647000.0,1646000.0,1647000.0,358
2026-09-04 16:46:00,1647000.0,1647000.0,1646000.0,1647000.0,795
2026-09-04 16:47:00,1647000.0,1648000.0,1646000.0,1647000.0,572
2026-09-04 16:48:00,1647000.0,1647000.0,1646000.0,1646000.0,701
2026-09-04 16:49:00,1646000.0,1647000.0,1644000.0,1644000.0,4220
2026-09-04 16:50:00,1644000.0,1645000.0,1643000.0,1645000.0,1074
2026-09-04 16:51:00,1645000.0,1645000.0,1644000.0,1644000.0,452
2026-09-04 16:52:00,1644000.0,1645000.0,1644000.0,1645000.0,331
2026-09-04 16:53:00,1645000.0,1645000.0,1644000.0,1645000.0,775
2026-09-04 16:54:00,1645000.0,1645000.0,1644000.0,1645000.0,375
2026-09-04 16:55:00,1645000.0,1646000.0,1644000.0,1645000.0,503
2026-09-04 16:56:00,1645000.0,1646000.0,1645000.0,1646000.0,171
2026-09-04 16:57:00,1646000.0,1646000.0,1645000.0,1645000.0,437
2026-09-04 16:58:00,1645000.0,1646000.0,1645000.0,1645000.0,283
2026-09-04 16:59:00,1646000.0,1646000.0,1645000.0,1645000.0,417
2026-09-04 17:00:00,1646000.0,1647000.0,1645000.0,1647000.0,1366
2026-09-04 17:01:00,1647000.0,1648000.0,1647000.0,1648000.0,852
2026-09-04 17:02:00,1648000.0,1649000.0,1648000.0,1649000.0,1449
2026-09-04 17:03:00,1649000.0,1650000.0,1648000.0,1650000.0,1141
2026-09-04 17:04:00,1650000.0,1650000.0,1649000.0,1650000.0,658
2026-09-04 17:05:00,1649000.0,1650000.0,1649000.0,1649000.0,1399
2026-09-04 17:06:00,1649000.0,1649000.0,1648000.0,1649000.0,229
2026-09-04 17:07:00,1649000.0,1650000.0,1648000.0,1649000.0,1135
2026-09-04 17:08:00,1650000.0,1650000.0,1649000.0,1649000.0,907
2026-09-04 17:09:00,1650000.0,1650000.0,1649000.0,1650000.0,576
2026-09-04 17:10:00,1650000.0,1650000.0,1649000.0,1649000.0,303
2026-09-04 17:11:00,1649000.0,1653000.0,1649000.0,1653000.0,8666
2026-09-04 17:12:00,1653000.0,1658000.0,1653000.0,1658000.0,16999
2026-09-04 17:13:00,1657000.0,1661000.0,1657000.0,1661000.0,12133
2026-09-04 17:14:00,1661000.0,1663000.0,1660000.0,1662000.0,9297
2026-09-04 17:15:00,1662000.0,1664000.0,1655000.0,1656000.0,7480
2026-09-04 17:16:00,1656000.0,1656000.0,1653000.0,1654000.0,2324
2026-09-04 17:17:00,1654000.0,1660000.0,1654000.0,1660000.0,2644
2026-09-04 17:18:00,1660000.0,1660000.0,1655000.0,1656000.0,3276
2026-09-04 17:19:00,1656000.0,1660000.0,1656000.0,1658000.0,3771
2026-09-04 17:20:00,1658000.0,1660000.0,1658000.0,1659000.0,1407
2026-09-04 17:21:00,1659000.0,1660000.0,1658000.0,1659000.0,2238
2026-09-04 17:22:00,1659000.0,1659000.0,1657000.0,1658000.0,1143
2026-09-04 17:23:00,1658000.0,1658000.0,1656000.0,1656000.0,1095
2026-09-04 17:24:00,1657000.0,1657000.0,1654000.0,1654000.0,1785
2026-09-04 17:25:00,1654000.0,1655000.0,1653000.0,1654000.0,1153
2026-09-04 17:26:00,1654000.0,1654000.0,1652000.0,1652000.0,2115
2026-09-04 17:27:00,1652000.0,1652000.0,1651000.0,1651000.0,2142
2026-09-04 17:28:00,1652000.0,1657000.0,1651000.0,1657000.0,3229
2026-09-04 17:29:00,1656000.0,1657000.0,1654000.0,1655000.0,1446
2026-09-04 17:30:00,1655000.0,1656000.0,1655000.0,1655000.0,828
2026-09-04 17:31:00,1656000.0,1657000.0,1655000.0,1656000.0,1888
2026-09-04 17:32:00,1657000.0,1657000.0,1656000.0,1656000.0,1117
2026-09-04 17:33:00,1656000.0,1657000.0,1655000.0,1656000.0,1451
2026-09-04 17:34:00,1656000.0,1656000.0,1655000.0,1655000.0,205
2026-09-04 17:35:00,1656000.0,1657000.0,1655000.0,1657000.0,1987
2026-09-04 17:36:00,1657000.0,1658000.0,1656000.0,1657000.0,646
2026-09-04 17:37:00,1657000.0,1658000.0,1656000.0,1656000.0,1770
2026-09-04 17:38:00,1656000.0,1658000.0,1656000.0,1657000.0,1055
2026-09-04 17:39:00,1657000.0,1658000.0,1657000.0,1657000.0,532
2026-09-04 17:40:00,1657000.0,1658000.0,1656000.0,1656000.0,561
2026-09-04 17:41:00,1656000.0,1657000.0,1656000.0,1656000.0,853
2026-09-04 17:42:00,1657000.0,1657000.0,1656000.0,1657000.0,567
2026-09-04 17:43:00,1657000.0,1657000.0,1656000.0,1656000.0,371
2026-09-04 17:44:00,1656000.0,1656000.0,1655000.0,1655000.0,265
2026-09-04 17:45:00,1656000.0,1656000.0,1654000.0,1654000.0,1257
2026-09-04 17:46:00,1654000.0,1655000.0,1654000.0,1654000.0,917
2026-09-04 17:47:00,1654000.0,1654000.0,1653000.0,1653000.0,449
2026-09-04 17:48:00,1653000.0,1654000.0,1653000.0,1653000.0,448
2026-09-04 17:49:00,1653000.0,1654000.0,1653000.0,1653000.0,258
2026-09-04 17:50:00,1653000.0,1654000.0,1652000.0,1652000.0,1348
2026-09-04 17:51:00,1652000.0,1653000.0,1652000.0,1652000.0,1049
2026-09-04 17:52:00,1652000.0,1653000.0,1652000.0,1653000.0,902
2026-09-04 17:53:00,1653000.0,1653000.0,1652000.0,1652000.0,918
2026-09-04 17:54:00,1653000.0,1654000.0,1652000.0,1654000.0,1426
2026-09-04 17:55:00,1653000.0,1654000.0,1653000.0,1654000.0,319
2026-09-04 17:56:00,1654000.0,1654000.0,1653000.0,1653000.0,641
2026-09-04 17:57:00,1654000.0,1654000.0,1653000.0,1654000.0,287
2026-09-04 17:58:00,1654000.0,1654000.0,1653000.0,1654000.0,207
2026-09-04 17:59:00,1654000.0,1654000.0,1653000.0,1653000.0,393
2026-09-04 18:00:00,1654000.0,1656000.0,1653000.0,1656000.0,2981
2026-09-04 18:01:00,1655000.0,1657000.0,1655000.0,1656000.0,1531
2026-09-04 18:02:00,1656000.0,1657000.0,1656000.0,1657000.0,1142
2026-09-04 18:03:00,1657000.0,1658000.0,1656000.0,1657000.0,1240
2026-09-04 18:04:00,1657000.0,1658000.0,1657000.0,1657000.0,541
2026-09-04 18:05:00,1657000.0,1659000.0,1655000.0,1658000.0,4339
2026-09-04 18:06:00,1655000.0,1657000.0,1653000.0,1656000.0,2558
2026-09-04 18:07:00,1655000.0,1656000.0,1655000.0,1655000.0,236
2026-09-04 18:08:00,1655000.0,1657000.0,1655000.0,1656000.0,424
2026-09-04 18:09:00,1656000.0,1656000.0,1655000.0,1655000.0,197
2026-09-04 18:10:00,1656000.0,1656000.0,1654000.0,1654000.0,589
2026-09-04 18:11:00,1654000.0,1655000.0,1654000.0,1655000.0,523
2026-09-04 18:12:00,1654000.0,1655000.0,1654000.0,1655000.0,225
2026-09-04 18:13:00,1655000.0,1655000.0,1654000.0,1654000.0,281
2026-09-04 18:14:00,1654000.0,1655000.0,1653000.0,1653000.0,884
2026-09-04 18:15:00,1653000.0,1654000.0,1653000.0,1653000.0,289
2026-09-04 18:16:00,1653000.0,1654000.0,1653000.0,1654000.0,334
2026-09-04 18:17:00,1653000.0,1654000.0,1653000.0,1653000.0,164
2026-09-04 18:18:00,1653000.0,1654000.0,1653000.0,1654000.0,1466
2026-09-04 18:19:00,1654000.0,1655000.0,1653000.0,1654000.0,766
2026-09-04 18:20:00,1654000.0,1655000.0,1654000.0,1654000.0,68
2026-09-04 18:21:00,1654000.0,1655000.0,1654000.0,1655000.0,314
2026-09-04 18:22:00,1654000.0,1655000.0,1654000.0,1654000.0,866
2026-09-04 18:23:00,1654000.0,1655000.0,1653000.0,1653000.0,841
2026-09-04 18:24:00,1653000.0,1654000.0,1653000.0,1653000.0,307
2026-09-04 18:25:00,1653000.0,1654000.0,1653000.0,1654000.0,201
2026-09-04 18:26:00,1654000.0,1654000.0,1653000.0,1653000.0,219
2026-09-04 18:27:00,1653000.0,1654000.0,1653000.0,1653000.0,198
2026-09-04 18:28:00,1653000.0,1654000.0,1653000.0,1654000.0,824
2026-09-04 18:29:00,1654000.0,1655000.0,1653000.0,1655000.0,259
2026-09-04 18:30:00,1655000.0,1655000.0,1654000.0,1655000.0,958
2026-09-04 18:31:00,1655000.0,1656000.0,1654000.0,1655000.0,730
2026-09-04 18:32:00,1655000.0,1656000.0,1655000.0,1655000.0,236
2026-09-04 18:33:00,1655000.0,1656000.0,1655000.0,1655000.0,667
2026-09-04 18:34:00,1656000.0,1656000.0,1655000.0,1655000.0,200
2026-09-04 18:35:00,1655000.0,1656000.0,1655000.0,1655000.0,408
2026-09-04 18:36:00,1656000.0,1656000.0,1655000.0,1656000.0,412
2026-09-04 18:37:00,1656000.0,1656000.0,1655000.0,1656000.0,209
2026-09-04 18:38:00,1655000.0,1656000.0,1655000.0,1656000.0,228
2026-09-04 18:39:00,1656000.0,1656000.0,1655000.0,1655000.0,342
2026-09-04 18:40:00,1655000.0,1656000.0,1655000.0,1655000.0,289
2026-09-04 18:41:00,1656000.0,1657000.0,1655000.0,1657000.0,2667
2026-09-04 18:42:00,1657000.0,1658000.0,1656000.0,1658000.0,1197
2026-09-04 18:43:00,1657000.0,1658000.0,1657000.0,1658000.0,383
2026-09-04 18:44:00,1658000.0,1658000.0,1657000.0,1658000.0,246
2026-09-04 18:45:00,1658000.0,1659000.0,1657000.0,1658000.0,1896
2026-09-04 18:46:00,1658000.0,1659000.0,1657000.0,1658000.0,1350
