date,slot_number,session,direction,decision_idx,flag_ordinal,entry_time,entry_symbol,entry_price,entry_bar_idx,exit_time,exit_price,exit_reason,net_pct,peak_net_pct,entry_chop,chop_score,tq,lock_fired,hold_bars,w1a,h50_held,ignored_flags,regime_hold,regime_eligible,hold_minutes,mode,mode_reason,h50_hold_at,relax,legs,runner_used,mae_net_pct,tp1_hit,trend_at_entry,e_close,e_ema20,e_ema50,e_slope,ax_mode,ax_at,ax_net,pp_armed,pp_fired,pp_arm_at,pp_arm_idx,pp_flip_at,pp_fire_at,pp_fire_idx,pp_peak,pp_give,peak_at
20260527,1,MORNING,UP_RED,27,1,2026-05-27T10:27:00+09:00,0193T0,28295.0,28,2026-05-27T11:22:00+09:00,29505.0,TIME_WINDOW_TP2_FULL,3.961894,4.184449549390352,False,2,,False,18,1.0,False,0,False,True,55.0,,,,,"[('2026-05-27T11:22:00+09:00', np.float64(29505.0), 0.8, 'TIME_WINDOW_TP2_FULL', 4.1844)]",False,-0.19597101961477295,True,False,,,,,,,,False,False,,,,,,,,2026-05-27T11:22:00+09:00
20260528,1,MORNING,UP_RED,133,1,2026-05-28T09:27:00+09:00,0193T0,27650.0,134,2026-05-28T09:42:00+09:00,28805.0,TIME_WINDOW_TP2_FULL,3.904571,4.085316455696202,False,2,,False,4,1.0,False,0,False,True,15.0,,,,,"[('2026-05-28T09:42:00+09:00', 28805.0, 0.8, 'TIME_WINDOW_TP2_FULL', 4.0853)]",False,-0.7226401446654611,True,False,2242000.0,2236426.285475307,2262322.058550771,-829.4717775820754,,,,False,False,,,,,,,,2026-05-28T09:42:00+09:00
20260528,2,AFTERNOON,UP_RED,166,3,2026-05-28T11:06:00+09:00,0193T0,28495.0,167,2026-05-28T11:15:00+09:00,28145.0,TIME_WINDOW_STOP_LOSS,-1.317705,0.0,True,3,,False,2,0.8,False,0,False,True,9.0,,,,,"[('2026-05-28T11:15:00+09:00', 28145.0, 1.0, 'TIME_WINDOW_STOP_LOSS', -1.3177)]",False,-1.3177048605018424,False,False,2272000.0,2264274.4997917935,2266117.157661933,240.1160137988627,,,,False,False,,,,,,,,
20260528,3,AFTERNOON,UP_RED,176,5,2026-05-28T11:36:00+09:00,0193T0,28360.0,177,2026-05-28T11:48:00+09:00,27910.0,OPPOSITE_SIGNAL,-1.676023,0.0,True,3,,False,3,0.8,False,0,False,True,12.0,,,,,"[('2026-05-28T11:48:00+09:00', 27910.0, 1.0, 'OPPOSITE_SIGNAL', -1.676)]",False,-1.235472496473907,False,False,2266000.0,2261270.018353261,2263830.967424213,88.53194186883047,,,,False,False,,,,,,,,
20260529,1,MORNING,DOWN_BLUE,264,1,2026-05-29T09:42:00+09:00,0197X0,14540.0,265,2026-05-29T10:06:00+09:00,14815.0,TIME_WINDOW_AFTER_TP1_STOP,2.130454,3.450343878954608,False,2,,False,7,1.0,False,0,False,True,24.0,,,,,"[('2026-05-29T10:06:00+09:00', 14815.0, 0.8, 'TIME_WINDOW_AFTER_TP1_STOP', 1.8005)]",False,-0.8461485557083906,True,False,2353000.0,2331639.0344103486,2286012.278691364,2734.1927064750344,,,,False,False,,,,,,,,2026-05-29T10:03:00+09:00
20260529,2,AFTERNOON,DOWN_BLUE,334,3,2026-05-29T13:12:00+09:00,0197X0,15160.0,335,2026-05-29T13:36:00+09:00,15015.0,OPPOSITE_SIGNAL,-1.045976,0.30567282321899736,False,2,,False,7,1.0,False,0,False,True,24.0,,,,,"[('2026-05-29T13:36:00+09:00', 15015.0, 1.0, 'OPPOSITE_SIGNAL', -1.046)]",False,-0.4196569920844327,False,True,2309000.0,2313926.7567217248,2313947.8844319796,-201.95446661114693,,,,False,False,,,,,,,,2026-05-29T13:25:00+09:00
20260529,3,AFTERNOON,DOWN_BLUE,351,5,2026-05-29T14:03:00+09:00,0197X0,15115.0,352,2026-05-29T15:00:00+09:00,15415.0,FORCED_LIQUIDATION,1.89388,2.0922262652993715,True,3,,False,18,0.8,False,0,False,True,57.0,,,,,"[('2026-05-29T15:00:00+09:00', 15415.0, 1.0, 'FORCED_LIQUIDATION', 1.8939)]",False,-0.28838901753225277,False,False,2316000.0,2316525.937508846,2315391.3820161563,24.84155036136508,,,,False,False,,,,,,,,2026-05-29T14:57:00+09:00
20260601,1,MORNING,DOWN_BLUE,383,1,2026-06-01T09:21:00+09:00,0197X0,15215.0,384,2026-06-01T09:39:00+09:00,15030.0,TIME_WINDOW_STOP_LOSS,-1.305291,0.10706539599079855,False,2,,False,5,1.0,False,0,False,True,18.0,,,,,"[('2026-06-01T09:39:00+09:00', 15030.0, 1.0, 'TIME_WINDOW_STOP_LOSS', -1.3053)]",False,-1.3052908314163654,False,True,2303000.0,2313058.1249056123,2313060.5068220505,-410.6329315123148,,,,False,False,,,,,,,,2026-06-01T09:30:00+09:00
20260601,2,MORNING,UP_RED,390,2,2026-06-01T09:42:00+09:00,0193T0,30060.0,391,2026-06-01T11:24:00+09:00,31305.0,PP_EXIT,4.049834,5.778942115768464,True,3,,False,33,0.96,False,0,False,True,102.0,,,,,"[('2026-06-01T11:24:00+09:00', 31305.0, 1.0, 'PP_EXIT', 4.0498)]",False,-1.1706919494344645,True,True,2330000.0,2315544.5784924678,2314055.120390857,650.8114126180299,,,,True,True,2026-06-01T11:00:00+09:00,416.0,2026-06-01T11:24:00+09:00,2026-06-01T11:24:00+09:00,424.0,5.7789,1.7291,2026-06-01T11:03:00+09:00
20260602,1,MORNING,UP_RED,515,2,2026-06-02T09:39:00+09:00,0193T0,30545.0,516,2026-06-02T09:45:00+09:00,30105.0,TIME_WINDOW_STOP_LOSS,-1.529841,0.20451792437387462,False,2,,False,1,1.0,False,0,False,True,6.0,,,,,"[('2026-06-02T09:45:00+09:00', 30105.0, 1.0, 'TIME_WINDOW_STOP_LOSS', -1.5298)]",False,-1.529841217875266,False,False,2362000.0,2350886.339071369,2357573.8113317434,180.66076196962968,,,,False,False,,,,,,,,2026-06-02T09:40:00+09:00
20260602,2,MORNING,DOWN_BLUE,520,3,2026-06-02T09:54:00+09:00,0197X0,15250.0,521,2026-06-02T10:21:00+09:00,15150.0,OPPOSITE_SIGNAL,-0.745443,2.105704918032787,False,2,,False,8,1.2,False,0,False,True,27.0,,,,,"[('2026-06-02T10:21:00+09:00', 15150.0, 1.0, 'OPPOSITE_SIGNAL', -0.7454)]",False,-0.9093114754098359,False,True,2323000.0,2345284.5209480072,2353970.565637856,-1264.1047199126333,,,,False,False,,,,,,,,2026-06-02T09:59:00+09:00
20260602,3,MORNING,UP_RED,529,4,2026-06-02T10:21:00+09:00,0193T0,29680.0,530,2026-06-02T10:39:00+09:00,29745.0,EARLY_TAKE_PROFIT,0.128908,1.661253369272237,True,3,3.0,True,5,0.7999999999999998,False,0,False,True,18.0,,,,,"[('2026-06-02T10:39:00+09:00', 29745.0, 1.0, 'EARLY_TAKE_PROFIT', 0.1289)]",False,-0.9824460916442047,False,False,2325000.0,2326135.804411914,2341179.979728679,-660.40733586438,,,,False,False,,,,,,,,2026-06-02T10:34:00+09:00
20260604,1,MORNING,UP_RED,641,1,2026-06-04T09:39:00+09:00,0193T0,29485.0,642,2026-06-04T09:51:00+09:00,28890.0,TIME_WINDOW_STOP_LOSS,-2.107037,0.0,False,2,,False,3,1.0,False,0,False,True,12.0,,,,,"[('2026-06-04T09:51:00+09:00', 28890.0, 1.0, 'TIME_WINDOW_STOP_LOSS', -2.107)]",False,-2.1070374766830593,False,False,2318000.0,2310365.3227240653,2312907.3829777073,207.86191927734762,,,,False,False,,,,,,,,
20260604,2,MORNING,DOWN_BLUE,647,2,2026-06-04T09:57:00+09:00,0197X0,15665.0,648,2026-06-04T10:12:00+09:00,15460.0,TIME_WINDOW_STOP_LOSS,-1.398085,0.03766358123204597,False,2,,False,4,1.2,False,0,False,True,15.0,,,,,"[('2026-06-04T10:12:00+09:00', 15460.0, 1.0, 'TIME_WINDOW_STOP_LOSS', -1.3981)]",False,-1.398084902649218,False,True,2287000.0,2305729.6550627835,2310395.529234714,-954.9195606005378,,,,False,False,,,,,,,,2026-06-04T10:04:00+09:00
20260604,3,MORNING,UP_RED,660,3,2026-06-04T10:36:00+09:00,0193T0,29225.0,661,2026-06-04T10:45:00+09:00,28700.0,TIME_WINDOW_STOP_LOSS,-1.885577,0.25204448246364414,True,3,5.0,False,2,0.7999999999999998,False,0,False,True,9.0,,,,,"[('2026-06-04T10:45:00+09:00', 28700.0, 1.0, 'TIME_WINDOW_STOP_LOSS', -1.8856)]",False,-1.8855774165953805,False,False,2309000.0,2296539.7700964296,2303137.706849559,239.27727144630626,,,,False,False,,,,,,,,2026-06-04T10:37:00+09:00
20260605,1,MORNING,UP_RED,769,1,2026-06-05T09:45:00+09:00,0193T0,24250.0,770,2026-06-05T09:51:00+09:00,23875.0,TIME_WINDOW_STOP_LOSS,-1.635711,0.4251958762886598,False,2,,False,1,1.0,False,0,False,True,6.0,,,,,"[('2026-06-05T09:51:00+09:00', 23875.0, 1.0, 'TIME_WINDOW_STOP_LOSS', -1.6357)]",False,-1.6357113402061856,False,False,2112000.0,2150104.4308029227,2211756.315986844,-4071.6863668099977,,,,False,False,,,,,,,,2026-06-05T09:46:00+09:00
20260608,1,MORNING,UP_RED,922,2,2026-06-08T10:48:00+09:00,0193T0,21310.0,923,2026-06-08T11:04:00+09:00,22195.0,TIME_WINDOW_TP2_FULL,3.911,4.061098076020647,True,3,,False,5,0.8,False,0,False,True,16.0,,,,,"[('2026-06-08T11:04:00+09:00', np.float64(22195.0), 0.8, 'TIME_WINDOW_TP2_FULL', 4.0611)]",False,-1.0515720319099016,True,False,1982000.0,1964804.8740476596,1979289.361276534,110.6383152436465,,,,False,False,,,,,,,,2026-06-08T11:04:00+09:00
20260608,2,AFTERNOON,DOWN_BLUE,1000,5,2026-06-08T14:42:00+09:00,0197X0,20400.0,1001,2026-06-08T15:00:00+09:00,20410.0,FORCED_LIQUIDATION,-0.04098,2.163872549019608,False,1,,False,5,1.0,False,0,False,True,18.0,,,,,"[('2026-06-08T15:00:00+09:00', 20410.0, 1.0, 'FORCED_LIQUIDATION', -0.041)]",False,-0.7514705882352941,False,True,1950000.0,1976759.2322598659,1992222.8754608321,-1723.382671870524,,,,False,False,,,,,,,,2026-06-08T14:54:00+09:00
20260609,1,MORNING,DOWN_BLUE,1111,1,2026-06-09T09:39:00+09:00,0197X0,17850.0,1112,2026-06-09T10:18:00+09:00,18675.0,TIME_WINDOW_TP2_FULL,4.227361,4.529747899159664,False,2,,False,12,1.0,False,0,False,True,39.0,,,,,"[('2026-06-09T10:18:00+09:00', 18675.0, 0.8, 'TIME_WINDOW_TP2_FULL', 4.5297)]",False,-1.5739495798319327,True,False,2024000.0,2016021.3486141185,1993245.649925855,1255.2795948632993,,,,False,False,,,,,,,,2026-06-09T10:18:00+09:00
20260609,2,MORNING,UP_RED,1131,2,2026-06-09T10:39:00+09:00,0193T0,22595.0,1132,2026-06-09T11:15:00+09:00,22550.0,OPPOSITE_SIGNAL,-0.289046,0.6178358043815003,False,1,,False,11,1.0,False,0,False,True,36.0,,,,,"[('2026-06-09T11:15:00+09:00', 22550.0, 1.0, 'OPPOSITE_SIGNAL', -0.289)]",False,-0.9969019694622704,False,True,2056000.0,2031009.0743271247,2014329.1309128976,1700.8517994736321,,,,False,False,,,,,,,,2026-06-09T10:52:00+09:00
20260609,3,AFTERNOON,UP_RED,1162,4,2026-06-09T12:12:00+09:00,0193T0,22765.0,1163,2026-06-09T12:39:00+09:00,23750.0,TIME_WINDOW_AFTERNOON_TP,4.234922,4.234922029431145,False,1,,False,8,1.0,False,0,False,True,27.0,,,,,"[('2026-06-09T12:39:00+09:00', 23750.0, 1.0, 'TIME_WINDOW_AFTERNOON_TP', 4.2349)]",False,-0.28759059960465627,False,True,2066000.0,2056529.3251297406,2045377.7310690267,841.725262488937,,,,False,False,,,,,,,,2026-06-09T12:39:00+09:00
20260610,1,MORNING,UP_RED,1249,1,2026-06-10T10:15:00+09:00,0193T0,23780.0,1250,2026-06-10T10:51:00+09:00,23470.0,TIME_WINDOW_STOP_LOSS,-1.393019,2.137720773759462,False,2,,False,11,1.0,False,0,False,True,36.0,,,,,"[('2026-06-10T10:51:00+09:00', 23470.0, 1.0, 'TIME_WINDOW_STOP_LOSS', -1.393)]",False,-1.3930193439865433,False,False,2132000.0,2139020.961465628,2149953.757654966,-732.8064348967746,,,,False,False,,,,,,,,2026-06-10T10:19:00+09:00
20260610,2,MORNING,DOWN_BLUE,1263,2,2026-06-10T10:57:00+09:00,0197X0,14200.0,1264,2026-06-10T11:48:00+09:00,14365.0,OPPOSITE_SIGNAL,1.071479,3.2535915492957743,False,1,,False,16,1.2,False,0,False,True,51.0,,,,,"[('2026-06-10T11:48:00+09:00', 14365.0, 1.0, 'OPPOSITE_SIGNAL', 1.0715)]",False,0.0,False,True,2119000.0,2131457.9546418916,2141862.2536438257,-933.1532099517062,,,,False,False,,,,,,,,2026-06-10T11:35:00+09:00
20260610,3,AFTERNOON,DOWN_BLUE,1297,4,2026-06-10T12:39:00+09:00,0197X0,14545.0,1298,2026-06-10T13:28:00+09:00,15205.0,TIME_WINDOW_AFTERNOON_TP,4.445651,4.445651426607081,False,1,,False,16,0.7999999999999998,False,0,False,True,49.0,,,,,"[('2026-06-10T13:28:00+09:00', np.float64(15205.0), 1.0, 'TIME_WINDOW_AFTERNOON_TP', 4.4457)]",False,0.0,False,True,2092000.0,2099294.620041731,2108846.851462161,-687.6265902919695,,,,False,False,,,,,,,,2026-06-10T13:28:00+09:00
20260611,1,MORNING,DOWN_BLUE,1353,1,2026-06-11T09:09:00+09:00,0197X0,16180.0,1354,2026-06-11T09:15:00+09:00,15605.0,TIME_WINDOW_STOP_LOSS,-3.642213,0.0,False,0,,False,1,1.0,False,0,False,True,6.0,,,,,"[('2026-06-11T09:15:00+09:00', 15605.0, 1.0, 'TIME_WINDOW_STOP_LOSS', -3.6422)]",False,-3.64221260815822,False,True,1991000.0,2009295.6540472142,2026630.3486051962,-1454.299943069229,,,,False,False,,,,,,,,
20260611,2,MORNING,UP_RED,1357,2,2026-06-11T09:21:00+09:00,0193T0,21655.0,1358,2026-06-11T09:36:00+09:00,21250.0,TIME_WINDOW_STOP_LOSS,-1.959409,1.663957515585315,False,2,,False,4,1.2,False,0,False,True,15.0,,,,,"[('2026-06-11T09:36:00+09:00', 21250.0, 1.0, 'TIME_WINDOW_STOP_LOSS', -1.9594)]",False,-1.9594089124913414,False,False,2051000.0,2013522.2717442166,2025708.2688702946,1032.315556314541,,,,False,False,,,,,,,,2026-06-11T09:23:00+09:00
20260611,3,AFTERNOON,DOWN_BLUE,1416,7,2026-06-11T12:18:00+09:00,0197X0,15085.0,1417,2026-06-11T12:24:00+09:00,14815.0,TIME_WINDOW_STOP_LOSS,-1.879019,0.07563805104408353,False,2,,False,1,0.7999999999999998,False,0,False,True,6.0,,,,,"[('2026-06-11T12:24:00+09:00', 14815.0, 1.0, 'TIME_WINDOW_STOP_LOSS', -1.879)]",False,-1.8790188929400067,False,True,2055000.0,2066993.4500617974,2071025.7251336025,-654.1112299428787,,,,False,False,,,,,,,,2026-06-11T12:20:00+09:00
20260612,1,MORNING,DOWN_BLUE,1492,1,2026-06-12T09:48:00+09:00,0197X0,11845.0,1493,2026-06-12T10:41:00+09:00,12385.0,TIME_WINDOW_TP2_FULL,4.281131,4.466779231743352,False,2,,False,17,1.0,False,0,False,True,53.0,,,,,"[('2026-06-12T10:41:00+09:00', np.float64(12385.0), 0.8, 'TIME_WINDOW_TP2_FULL', 4.4668)]",False,-1.0604474461798228,True,False,2284000.0,2247242.1355589367,2183693.066705154,4094.1605426468886,,,,False,False,,,,,,,,2026-06-12T10:41:00+09:00
20260615,1,MORNING,UP_RED,1604,1,2026-06-15T09:06:00+09:00,0193T0,26795.0,1605,2026-06-15T09:57:00+09:00,27560.0,OPPOSITE_SIGNAL,2.763725,3.6590035454375816,False,0,,False,16,1.0,False,0,False,True,51.0,,,,,"[('2026-06-15T09:57:00+09:00', 27560.0, 1.0, 'OPPOSITE_SIGNAL', 2.7637)]",False,-0.05269639858182496,True,False,2290000.0,2226277.783090883,2244307.1992906537,1865.0122738508508,,,,False,False,,,,,,,,2026-06-15T09:32:00+09:00
20260615,2,MORNING,DOWN_BLUE,1621,2,2026-06-15T09:57:00+09:00,0197X0,11590.0,1622,2026-06-15T10:56:00+09:00,12085.0,TIME_WINDOW_TP2_FULL,3.954806,4.179033649698016,False,2,,False,19,1.0,False,0,False,True,59.0,,,,,"[('2026-06-15T10:56:00+09:00', np.float64(12085.0), 0.8, 'TIME_WINDOW_TP2_FULL', 4.179)]",False,-0.5643658326143226,True,False,2311000.0,2291894.3718556953,2274540.3138476457,1488.1504551982507,,,,False,False,,,,,,,,2026-06-15T10:56:00+09:00
20260615,3,AFTERNOON,UP_RED,1687,5,2026-06-15T13:15:00+09:00,0193T0,27480.0,1688,2026-06-15T14:36:00+09:00,26875.0,TIME_WINDOW_STOP_LOSS,-2.290611,0.2555312954876274,False,1,,False,26,1.0,True,0,False,True,81.0,,,2026-06-15T13:42:00+09:00,,"[('2026-06-15T14:36:00+09:00', 26875.0, 1.0, 'TIME_WINDOW_STOP_LOSS', -2.2906)]",False,-2.2906113537117903,False,True,2305000.0,2297616.7434976995,2292995.1736571062,489.99291195487604,,,,False,False,,,,,,,,2026-06-15T13:28:00+09:00
20260616,1,MORNING,DOWN_BLUE,1743,1,2026-06-16T09:45:00+09:00,0197X0,11225.0,1744,2026-06-16T10:06:00+09:00,11715.0,TIME_WINDOW_TP2_FULL,4.050708,4.273318485523386,False,2,,False,6,1.0,False,0,False,True,21.0,,,,,"[('2026-06-16T10:06:00+09:00', 11715.0, 0.8, 'TIME_WINDOW_TP2_FULL', 4.2733)]",False,-0.6242316258351892,True,False,2353000.0,2348520.8469643393,2327314.7390064774,1048.3779997355305,,,,False,False,,,,,,,,2026-06-16T10:06:00+09:00
20260616,2,MORNING,UP_RED,1760,2,2026-06-16T10:36:00+09:00,0193T0,28090.0,1761,2026-06-16T12:45:00+09:00,29255.0,SMALL_WHIPSAW_HOLD_EXIT,4.055536,3.5751512993948027,False,2,,False,42,1.0,True,0,False,True,129.0,,,2026-06-16T11:45:00+09:00,,"[('2026-06-16T12:45:00+09:00', 29255.0, 1.0, 'SMALL_WHIPSAW_HOLD_EXIT', 4.0555)]",False,0.0,True,True,2337000.0,2329932.295267103,2326125.6225984977,443.85213883733377,,,,False,False,,,,,,,,2026-06-16T12:42:00+09:00
20260616,3,AFTERNOON,UP_RED,1832,6,2026-06-16T14:12:00+09:00,0193T0,29210.0,1833,2026-06-16T14:51:00+09:00,28865.0,TIME_WINDOW_STOP_LOSS,-1.270558,0.21800753166723724,False,1,,False,12,1.0,True,0,False,True,39.0,,,2026-06-16T14:36:00+09:00,,"[('2026-06-16T14:51:00+09:00', 28865.0, 1.0, 'TIME_WINDOW_STOP_LOSS', -1.2706)]",False,-1.4758644299897297,False,True,2379000.0,2371979.308555797,2365872.2499419563,535.8265329813585,,,,False,False,,,,,,,,2026-06-16T14:19:00+09:00
20260617,1,MORNING,DOWN_BLUE,1868,1,2026-06-17T09:42:00+09:00,0197X0,10830.0,1869,2026-06-17T10:18:00+09:00,10765.0,OPPOSITE_SIGNAL,-0.689843,1.3406278855032319,True,3,,False,11,0.8,False,0,False,True,36.0,,,,,"[('2026-06-17T10:18:00+09:00', 10765.0, 1.0, 'OPPOSITE_SIGNAL', -0.6898)]",False,-1.105263157894737,False,False,2389000.0,2388140.8070089635,2379629.819919171,382.45632982999086,,,,False,False,,,,,,,,2026-06-17T09:55:00+09:00
20260617,2,MORNING,UP_RED,1880,2,2026-06-17T10:18:00+09:00,0193T0,29600.0,1881,2026-06-17T11:48:00+09:00,29900.0,SMALL_WHIPSAW_HOLD_EXIT,0.923074,1.5477702702702703,False,2,,False,29,1.0,True,0,False,True,90.0,,,2026-06-17T10:48:00+09:00,,"[('2026-06-17T11:48:00+09:00', 29900.0, 1.0, 'SMALL_WHIPSAW_HOLD_EXIT', 0.9231)]",False,-0.377027027027027,False,True,2402000.0,2392464.382344002,2384898.7973977937,698.0082694776356,,,,False,False,,,,,,,,2026-06-17T10:26:00+09:00
20260617,3,AFTERNOON,UP_RED,1931,6,2026-06-17T12:51:00+09:00,0193T0,30030.0,1932,2026-06-17T13:29:00+09:00,31315.0,TIME_WINDOW_AFTERNOON_TP,4.187146,4.187146187146188,False,2,,False,12,1.0,False,0,False,True,38.0,,,,,"[('2026-06-17T13:29:00+09:00', np.float64(31315.0), 1.0, 'TIME_WINDOW_AFTERNOON_TP', 4.1871)]",False,-0.22314352314352315,False,True,2413000.0,2409380.401234229,2406528.2397583406,264.1534792515449,,,,False,False,,,,,,,,2026-06-17T13:29:00+09:00
20260618,1,MORNING,UP_RED,1982,1,2026-06-18T09:06:00+09:00,0193T0,35170.0,1983,2026-06-18T09:51:00+09:00,34995.0,OPPOSITE_SIGNAL,-0.587376,1.700483366505544,False,0,,False,14,1.0,False,0,False,True,45.0,,,,,"[('2026-06-18T09:51:00+09:00', 34995.0, 1.0, 'OPPOSITE_SIGNAL', -0.5874)]",False,-1.4684105771964746,False,True,2601000.0,2520944.5323095676,2488622.0364382556,4586.85565558169,,,,False,False,,,,,,,,2026-06-18T09:39:00+09:00
20260618,2,MORNING,DOWN_BLUE,1997,2,2026-06-18T09:51:00+09:00,0197X0,8915.0,1998,2026-06-18T11:12:00+09:00,8850.0,OPPOSITE_SIGNAL,-0.818845,2.4887268648345486,False,2,,False,26,1.0,False,0,False,True,81.0,,,,,"[('2026-06-18T11:12:00+09:00', 8850.0, 1.0, 'OPPOSITE_SIGNAL', -0.8188)]",False,-1.2673022994952328,False,False,2627000.0,2601569.103698566,2549056.278443358,3181.376390067395,,,,False,False,,,,,,,,2026-06-18T09:59:00+09:00
20260618,3,AFTERNOON,UP_RED,2024,3,2026-06-18T11:12:00+09:00,0193T0,35240.0,2025,2026-06-18T12:33:00+09:00,36430.0,SMALL_WHIPSAW_HOLD_EXIT,3.285329,2.930760499432463,False,1,,False,26,1.0,True,0,False,True,81.0,,,2026-06-18T11:33:00+09:00,,"[('2026-06-18T12:33:00+09:00', 36430.0, 1.0, 'SMALL_WHIPSAW_HOLD_EXIT', 3.2853)]",False,-0.1467366628830874,False,True,2620000.0,2611158.939977766,2588960.084640767,1266.9353207852691,,,,False,False,,,,,,,,2026-06-18T12:30:00+09:00
20260619,1,MORNING,UP_RED,2108,1,2026-06-19T09:06:00+09:00,0193T0,41150.0,2109,2026-06-19T09:12:00+09:00,40280.0,TIME_WINDOW_STOP_LOSS,-2.203256,0.0,False,0,,False,1,1.0,False,0,False,True,6.0,,,,,"[('2026-06-19T09:12:00+09:00', 40280.0, 1.0, 'TIME_WINDOW_STOP_LOSS', -2.2033)]",False,-2.203256379100851,False,True,2839000.0,2734297.480061038,2703109.563575294,5546.5484254984185,,,,False,False,,,,,,,,
20260619,2,MORNING,DOWN_BLUE,2120,2,2026-06-19T09:42:00+09:00,0197X0,7390.0,2121,2026-06-19T10:03:00+09:00,7265.0,TIME_WINDOW_STOP_LOSS,-1.780785,0.18051420838971582,True,3,,False,6,0.96,False,0,False,True,21.0,,,,,"[('2026-06-19T10:03:00+09:00', 7265.0, 1.0, 'TIME_WINDOW_STOP_LOSS', -1.7808)]",False,-1.7807848443843028,False,False,2831000.0,2792636.3609801084,2746453.0355713298,3450.896507292986,,,,False,False,,,,,,,,2026-06-19T09:46:00+09:00
20260619,3,MORNING,UP_RED,2134,3,2026-06-19T10:24:00+09:00,0193T0,42430.0,2135,2026-06-19T10:39:00+09:00,42195.0,OPPOSITE_SIGNAL,-0.643601,0.36938486919632335,False,1,5.0,False,4,1.04,False,0,False,True,15.0,,,,,"[('2026-06-19T10:39:00+09:00', 42195.0, 1.0, 'OPPOSITE_SIGNAL', -0.6436)]",False,-0.6318171105349988,False,True,2883000.0,2840212.806342698,2791604.2711028224,3730.437914170325,,,,False,False,,,,,,,,2026-06-19T10:27:00+09:00
20260622,1,MORNING,DOWN_BLUE,2237,1,2026-06-22T09:15:00+09:00,0197X0,7785.0,2238,2026-06-22T09:27:00+09:00,7610.0,TIME_WINDOW_STOP_LOSS,-2.33693,0.42363519588953114,False,2,,False,3,1.0,False,0,False,True,12.0,,,,,"[('2026-06-22T09:27:00+09:00', 7610.0, 1.0, 'TIME_WINDOW_STOP_LOSS', -2.3369)]",False,-2.336929993577393,False,False,2758000.0,2761623.178899395,2758747.1027502897,-30.49398980801925,,,,False,False,,,,,,,,2026-06-22T09:17:00+09:00
20260622,2,MORNING,UP_RED,2242,2,2026-06-22T09:30:00+09:00,0193T0,40405.0,2243,2026-06-22T10:22:00+09:00,43790.0,TIME_WINDOW_TP2_FULL,8.283901,8.283900507362949,False,2,,False,17,1.2,False,0,False,True,52.0,,,,,"[('2026-06-22T10:22:00+09:00', np.float64(43790.0), 1.0, 'TIME_WINDOW_TP2_FULL', 8.2839)]",False,0.0,True,True,2805000.0,2771132.217751131,2763431.657143891,1696.6670553516597,,,,True,False,2026-06-22T09:57:00+09:00,2251.0,,,,,,2026-06-22T10:22:00+09:00
20260622,3,AFTERNOON,UP_RED,2299,4,2026-06-22T12:21:00+09:00,0193T0,43560.0,2300,2026-06-22T13:15:00+09:00,42605.0,TIME_WINDOW_STOP_LOSS,-2.281382,0.931129476584022,False,1,,False,17,0.7999999999999998,True,0,False,True,54.0,,,2026-06-22T12:57:00+09:00,,"[('2026-06-22T13:15:00+09:00', 42605.0, 1.0, 'TIME_WINDOW_STOP_LOSS', -2.2814)]",False,-2.8550275482093666,False,True,2920000.0,2905658.899417715,2888526.11861087,1284.648219964467,,,,False,False,,,,,,,,2026-06-22T12:41:00+09:00
20260623,1,MORNING,DOWN_BLUE,2405,4,2026-06-23T10:33:00+09:00,0197X0,7400.0,2406,2026-06-23T11:18:00+09:00,7675.0,OPPOSITE_SIGNAL,3.624595,4.502567567567568,False,1,,False,14,1.0,False,0,False,True,45.0,,,,,"[('2026-06-23T11:18:00+09:00', 7675.0, 1.0, 'OPPOSITE_SIGNAL', 3.6246)]",False,-0.4952702702702702,True,True,2819000.0,2859602.3291495373,2882916.2197898515,-2608.8252975447103,,,,False,False,,,,,,,,2026-06-23T11:01:00+09:00
20260623,2,AFTERNOON,DOWN_BLUE,2444,6,2026-06-23T12:30:00+09:00,0197X0,7970.0,2445,2026-06-23T12:42:00+09:00,7990.0,TIME_WINDOW_BREAKEVEN_STOP,0.160728,1.853826850690088,False,1,,False,3,1.0,False,0,False,True,12.0,,,,,"[('2026-06-23T12:42:00+09:00', 7990.0, 1.0, 'TIME_WINDOW_BREAKEVEN_STOP', 0.1607)]",False,0.0,False,True,2706000.0,2738463.1835224917,2774591.6037117005,-2799.657294354867,,,,False,False,,,,,,,,2026-06-23T12:37:00+09:00
20260623,3,AFTERNOON,DOWN_BLUE,2463,8,2026-06-23T13:27:00+09:00,0197X0,7990.0,2464,2026-06-23T13:59:00+09:00,8325.0,TIME_WINDOW_AFTERNOON_TP,4.100876,4.100876095118899,False,2,,False,10,1.0,False,0,False,True,32.0,,,,,"[('2026-06-23T13:59:00+09:00', np.float64(8325.0), 1.0, 'TIME_WINDOW_AFTERNOON_TP', 4.1009)]",False,-0.5277847309136421,False,True,2701000.0,2715880.5595328645,2741054.136100821,-1634.8626979924738,,,,False,False,,,,,,,,2026-06-23T13:59:00+09:00
20260624,1,MORNING,DOWN_BLUE,2612,1,2026-06-24T10:00:00+09:00,0197X0,8005.0,2613,2026-06-24T10:10:00+09:00,8375.0,TIME_WINDOW_TP2_FULL,4.342761,4.530043722673329,False,2,,False,3,1.0,False,0,False,True,10.0,,,,,"[('2026-06-24T10:10:00+09:00', np.float64(8375.0), 0.8, 'TIME_WINDOW_TP2_FULL', 4.53)]",False,-0.08994378513429106,True,False,2669000.0,2656553.7115934924,2628845.5874722404,1638.9556133779697,,,,False,False,,,,,,,,2026-06-24T10:10:00+09:00
20260624,2,MORNING,UP_RED,2625,2,2026-06-24T10:39:00+09:00,0193T0,35220.0,2626,2026-06-24T10:48:00+09:00,34450.0,TIME_WINDOW_STOP_LOSS,-2.27527,0.0,False,2,,False,2,1.0,False,0,False,True,9.0,,,,,"[('2026-06-24T10:48:00+09:00', 34450.0, 1.0, 'TIME_WINDOW_STOP_LOSS', -2.2753)]",False,-2.2752697331061897,False,True,2658000.0,2639833.0677180043,2629335.1385028693,1169.9943468216807,,,,False,False,,,,,,,,
20260624,3,AFTERNOON,DOWN_BLUE,2678,5,2026-06-24T13:18:00+09:00,0197X0,9215.0,2679,2026-06-24T13:33:00+09:00,9110.0,TIME_WINDOW_STOP_LOSS,-1.228974,0.7236028214867065,False,1,,False,4,1.0,False,0,False,True,15.0,,,,,"[('2026-06-24T13:33:00+09:00', 9110.0, 1.0, 'TIME_WINDOW_STOP_LOSS', -1.229)]",False,-1.5543136190992946,False,True,2473000.0,2501797.436627357,2533689.4098037025,-2477.118767498061,,,,False,False,,,,,,,,2026-06-24T13:23:00+09:00
20260625,1,MORNING,UP_RED,2806,1,2026-06-25T09:06:00+09:00,0193T0,13340.0,2807,2026-06-25T09:51:00+09:00,13630.0,OPPOSITE_SIGNAL,2.082984,1.8956521739130434,False,0,,False,14,1.0,False,0,False,True,45.0,,,,,"[('2026-06-25T09:51:00+09:00', 13630.0, 1.0, 'OPPOSITE_SIGNAL', 2.083)]",False,-0.015067466266866565,False,True,2868000.0,2694563.264138974,2667850.8985700724,8169.351078772452,,,,False,False,,,,,,,,2026-06-25T09:48:00+09:00
20260625,2,MORNING,DOWN_BLUE,2821,2,2026-06-25T09:51:00+09:00,0197X0,11875.0,2822,2026-06-25T10:18:00+09:00,11720.0,TIME_WINDOW_STOP_LOSS,-1.394695,0.0,False,2,,False,8,1.0,False,0,False,True,27.0,,,,,"[('2026-06-25T10:18:00+09:00', 11720.0, 1.0, 'TIME_WINDOW_STOP_LOSS', -1.3947)]",False,-1.3946947368421054,False,False,2901000.0,2846124.609717595,2766863.554625192,5474.956954073627,,,,False,False,,,,,,,,
20260626,1,MORNING,DOWN_BLUE,2933,1,2026-06-26T09:06:00+09:00,0197X0,12320.0,2934,2026-06-26T10:22:00+09:00,13335.0,TIME_WINDOW_TP2_FULL,8.144886,8.144886363636363,False,0,,False,25,1.0,False,0,False,True,76.0,,,,,"[('2026-06-26T10:22:00+09:00', np.float64(13335.0), 1.0, 'TIME_WINDOW_TP2_FULL', 8.1449)]",False,-0.008847402597402599,True,False,2842000.0,2871360.348385549,2855873.507522325,-566.2656131563708,,,,True,False,2026-06-26T09:54:00+09:00,2949.0,,,,,,2026-06-26T10:22:00+09:00
20260629,1,MORNING,UP_RED,3070,1,2026-06-29T09:36:00+09:00,0193T0,13025.0,3071,2026-06-29T10:03:00+09:00,12865.0,TIME_WINDOW_STOP_LOSS,-1.31785,0.0,False,2,,False,8,1.0,False,0,False,True,27.0,,,,,"[('2026-06-29T10:03:00+09:00', 12865.0, 1.0, 'TIME_WINDOW_STOP_LOSS', -1.3179)]",False,-1.3178502879078695,False,False,2612000.0,2651275.4269470265,2701009.901033241,-3633.0571850300767,,,,False,False,,,,,,,,
20260630,1,MORNING,UP_RED,3194,1,2026-06-30T09:27:00+09:00,0193T0,13475.0,3195,2026-06-30T11:34:00+09:00,14580.0,TIME_WINDOW_TP2_FULL,8.106642,8.106641929499071,False,2,,False,42,1.0,False,0,False,True,127.0,,,,,"[('2026-06-30T11:34:00+09:00', np.float64(14580.0), 1.0, 'TIME_WINDOW_TP2_FULL', 8.1066)]",False,-0.05291280148423006,True,False,2629000.0,2629060.820599411,2634608.29533297,-228.91001359047368,,,,True,False,2026-06-30T10:42:00+09:00,3219.0,,,,,,2026-06-30T11:34:00+09:00
20260701,1,MORNING,DOWN_BLUE,3319,1,2026-07-01T09:21:00+09:00,0197X0,12430.0,3320,2026-07-01T11:20:00+09:00,13440.0,TIME_WINDOW_TP2_FULL,8.031858,8.031858407079646,False,2,,False,39,1.0,False,0,False,True,119.0,,,,,"[('2026-07-01T11:20:00+09:00', np.float64(13440.0), 1.0, 'TIME_WINDOW_TP2_FULL', 8.0319)]",False,0.0,True,False,2646000.0,2638905.4944861927,2625487.300102826,837.2530570272356,,,,True,False,2026-07-01T10:39:00+09:00,3345.0,,,,,,2026-07-01T11:20:00+09:00
20260702,1,MORNING,UP_RED,3454,1,2026-07-02T09:45:00+09:00,0193T0,12870.0,3455,2026-07-02T09:57:00+09:00,12710.0,TIME_WINDOW_STOP_LOSS,-1.332634,0.0,False,2,,False,3,1.0,False,0,False,True,12.0,,,,,"[('2026-07-02T09:57:00+09:00', 12710.0, 1.0, 'TIME_WINDOW_STOP_LOSS', -1.3326)]",False,-1.3326340326340325,False,False,2309000.0,2384879.9217674294,2487115.188887492,-7270.007709693629,,,,False,False,,,,,,,,
20260703,1,MORNING,UP_RED,3570,1,2026-07-03T09:12:00+09:00,0193T0,13560.0,3571,2026-07-03T09:44:00+09:00,14130.0,TIME_WINDOW_TP2_FULL,3.905251,4.111651917404129,False,0,,False,10,1.0,False,0,False,True,32.0,,,,,"[('2026-07-03T09:44:00+09:00', np.float64(14130.0), 0.8, 'TIME_WINDOW_TP2_FULL', 4.1117)]",False,0.0,True,False,2213000.0,2235304.8372825193,2279848.741137079,-2728.520046411548,,,,False,False,,,,,,,,2026-07-03T09:44:00+09:00
20260706,1,MORNING,DOWN_BLUE,3700,1,2026-07-06T09:21:00+09:00,0197X0,12475.0,3701,2026-07-06T10:13:00+09:00,12990.0,TIME_WINDOW_TP2_FULL,3.836088,4.036392785571143,False,2,,False,17,1.0,False,0,False,True,52.0,,,,,"[('2026-07-06T10:13:00+09:00', np.float64(12990.0), 0.8, 'TIME_WINDOW_TP2_FULL', 4.0364)]",False,0.0,True,False,2432000.0,2387282.2515463405,2317105.6967248106,4689.563398987055,,,,False,False,,,,,,,,2026-07-06T10:13:00+09:00
20260708,1,MORNING,UP_RED,3961,1,2026-07-08T09:42:00+09:00,0193T0,13160.0,3962,2026-07-08T10:33:00+09:00,12995.0,TIME_WINDOW_STOP_LOSS,-1.343237,0.0999240121580547,False,2,,False,16,1.0,False,0,False,True,51.0,,,,,"[('2026-07-08T10:33:00+09:00', 12995.0, 1.0, 'TIME_WINDOW_STOP_LOSS', -1.3432)]",False,-1.3432370820668693,False,False,2107000.0,2141483.4004365257,2188708.023910967,-3335.021384120919,,,,False,False,,,,,,,,2026-07-08T09:43:00+09:00
20260709,1,MORNING,UP_RED,4076,1,2026-07-09T09:06:00+09:00,0193T0,13255.0,4077,2026-07-09T09:21:00+09:00,13075.0,TIME_WINDOW_STOP_LOSS,-1.447378,0.0,False,0,,False,4,1.0,False,0,False,True,15.0,,,,,"[('2026-07-09T09:21:00+09:00', 13075.0, 1.0, 'TIME_WINDOW_STOP_LOSS', -1.4474)]",False,-1.4473783477932856,False,False,2224000.0,2152489.434415752,2178660.751597075,1850.581567466259,,,,False,False,,,,,,,,
20260709,2,MORNING,DOWN_BLUE,4092,2,2026-07-09T09:54:00+09:00,0197X0,12750.0,4093,2026-07-09T12:00:00+09:00,13535.0,PP_EXIT,6.064078,7.7496470588235296,False,2,,False,41,1.2,True,0,False,True,126.0,,,2026-07-09T12:00:00+09:00,,"[('2026-07-09T12:00:00+09:00', 13535.0, 1.0, 'PP_EXIT', 6.0641)]",False,-0.08996078431372549,True,True,2185000.0,2189303.5039622607,2189463.45480691,-182.18182885367423,,,,True,True,2026-07-09T11:15:00+09:00,4119.0,2026-07-09T11:57:00+09:00,2026-07-09T12:00:00+09:00,4134.0,7.7496,1.6856,2026-07-09T11:50:00+09:00
20260710,1,MORNING,UP_RED,4203,1,2026-07-10T09:06:00+09:00,0193T0,13235.0,4204,2026-07-10T09:27:00+09:00,13060.0,TIME_WINDOW_STOP_LOSS,-1.411711,0.0,False,0,,False,6,1.0,False,0,False,True,21.0,,,,,"[('2026-07-10T09:27:00+09:00', 13060.0, 1.0, 'TIME_WINDOW_STOP_LOSS', -1.4117)]",False,-1.411711371363808,False,True,2292000.0,2221442.2531895903,2216066.3677136265,3099.3319300562143,,,,False,False,,,,,,,,
20260710,2,MORNING,DOWN_BLUE,4216,2,2026-07-10T09:45:00+09:00,0197X0,12635.0,4217,2026-07-10T12:03:00+09:00,13370.0,PP_EXIT,5.724495,7.385833003561536,False,2,,False,45,1.2,True,0,False,True,138.0,,,2026-07-10T12:00:00+09:00,,"[('2026-07-10T12:03:00+09:00', 13370.0, 1.0, 'PP_EXIT', 5.7245)]",False,-0.010922041946972693,True,False,2262000.0,2258892.752430359,2239875.918897575,903.0237184665166,,,,True,True,2026-07-10T11:15:00+09:00,4246.0,2026-07-10T11:57:00+09:00,2026-07-10T12:03:00+09:00,4262.0,7.3858,1.6613,2026-07-10T11:51:00+09:00
20260714,1,MORNING,UP_RED,4462,1,2026-07-14T09:21:00+09:00,0193T0,13495.0,4463,2026-07-14T10:17:00+09:00,14055.0,TIME_WINDOW_TP2_FULL,3.850419,4.05779918488329,False,2,,False,18,1.0,False,0,False,True,56.0,,,,,"[('2026-07-14T10:17:00+09:00', np.float64(14055.0), 0.8, 'TIME_WINDOW_TP2_FULL', 4.0578)]",False,-0.01593182660244535,True,False,1839000.0,1874212.8745410338,1932958.1633696568,-3835.027076312341,,,,False,False,,,,,,,,2026-07-14T10:17:00+09:00
20260715,1,MORNING,DOWN_BLUE,4596,1,2026-07-15T09:45:00+09:00,0197X0,8755.0,4597,2026-07-15T09:51:00+09:00,8480.0,TIME_WINDOW_STOP_LOSS,-3.229583,0.0,False,2,,False,1,1.0,False,0,False,True,6.0,,,,,"[('2026-07-15T09:51:00+09:00', 8480.0, 1.0, 'TIME_WINDOW_STOP_LOSS', -3.2296)]",False,-3.229583095374072,False,False,2120000.0,2055902.8510740367,1950444.1253430226,6920.647945182631,,,,False,False,,,,,,,,
20260715,2,AFTERNOON,UP_RED,4627,2,2026-07-15T11:18:00+09:00,0193T0,19655.0,4628,2026-07-15T11:24:00+09:00,19425.0,TIME_WINDOW_STOP_LOSS,-1.259629,0.0,False,1,,False,1,1.2,False,0,False,True,6.0,,,,,"[('2026-07-15T11:24:00+09:00', 19425.0, 1.0, 'TIME_WINDOW_STOP_LOSS', -1.2596)]",False,-1.259628593233274,False,True,2133000.0,2112267.4441570663,2066252.401647854,2724.3917694753036,,,,False,False,,,,,,,,
20260715,3,AFTERNOON,UP_RED,4652,4,2026-07-15T12:33:00+09:00,0193T0,19840.0,4653,2026-07-15T13:27:00+09:00,19970.0,TIME_WINDOW_PROFIT_LOCK_STOP,0.564919,2.151915322580645,False,1,,False,17,0.7999999999999998,True,0,False,True,54.0,,,2026-07-15T13:18:00+09:00,,"[('2026-07-15T13:27:00+09:00', 19970.0, 1.0, 'TIME_WINDOW_PROFIT_LOCK_STOP', 0.5649)]",False,-0.26633064516129035,False,True,2140000.0,2129004.0605254667,2105693.469704844,1400.2665426596068,,,,False,False,,,,,,,,2026-07-15T12:56:00+09:00
20260716,1,MORNING,DOWN_BLUE,4709,1,2026-07-16T09:06:00+09:00,0197X0,10685.0,4710,2026-07-16T09:54:00+09:00,11245.0,OPPOSITE_SIGNAL,5.14862,6.037342068320075,False,0,,False,15,1.0,False,0,False,True,48.0,,,,,"[('2026-07-16T09:54:00+09:00', 11245.0, 1.0, 'OPPOSITE_SIGNAL', 5.1486)]",False,0.0,True,True,1904000.0,2070602.8521345693,2100607.8557621217,-8024.810439270455,,,,True,False,2026-07-16T09:42:00+09:00,4721.0,2026-07-16T09:51:00+09:00,,,,,2026-07-16T09:50:00+09:00
20260720,1,MORNING,UP_RED,4839,1,2026-07-20T09:18:00+09:00,0193T0,14980.0,4840,2026-07-20T09:30:00+09:00,14620.0,TIME_WINDOW_STOP_LOSS,-2.492123,1.4112817089452603,False,1,,False,3,1.0,False,0,False,True,12.0,,,,,"[('2026-07-20T09:30:00+09:00', 14620.0, 1.0, 'TIME_WINDOW_STOP_LOSS', -2.4921)]",False,-2.4921228304405876,False,False,1889000.0,1849764.152821867,1852193.1827087416,1502.3190731124487,,,,False,False,,,,,,,,2026-07-20T09:24:00+09:00
20260720,2,MORNING,DOWN_BLUE,4851,2,2026-07-20T09:54:00+09:00,0197X0,11330.0,4852,2026-07-20T10:54:00+09:00,12410.0,TIME_WINDOW_TP2_FULL,9.437952,9.437952338923212,False,2,,False,20,1.2,False,0,False,True,60.0,,,,,"[('2026-07-20T10:54:00+09:00', np.float64(12410.0), 1.0, 'TIME_WINDOW_TP2_FULL', 9.438)]",False,-1.148631950573698,True,False,1848000.0,1860011.3405545524,1857352.1789617827,-381.72159027680755,,,,True,False,2026-07-20T10:33:00+09:00,4864.0,,,,,,2026-07-20T10:54:00+09:00
20260720,3,AFTERNOON,DOWN_BLUE,4919,10,2026-07-20T13:18:00+09:00,0197X0,12400.0,4920,2026-07-20T13:24:00+09:00,12205.0,TIME_WINDOW_STOP_LOSS,-1.661855,0.0,False,2,,False,1,0.7999999999999998,False,0,False,True,6.0,,,,,"[('2026-07-20T13:24:00+09:00', 12205.0, 1.0, 'TIME_WINDOW_STOP_LOSS', -1.6619)]",False,-1.6618548387096774,False,True,1759000.0,1778333.1257860854,1786281.2779290737,-1113.5215481254272,,,,False,False,,,,,,,,
20260721,1,MORNING,UP_RED,4966,1,2026-07-21T09:21:00+09:00,0193T0,13400.0,4967,2026-07-21T10:54:00+09:00,14210.0,PP_EXIT,5.95209,7.593134328358209,False,2,,False,30,1.0,False,0,False,True,93.0,,,,,"[('2026-07-21T10:54:00+09:00', 14210.0, 1.0, 'PP_EXIT', 5.9521)]",False,-0.9478358208955224,True,False,1768000.0,1768091.3031657848,1775713.0243704775,-314.81732124392875,,,,True,True,2026-07-21T10:12:00+09:00,4983.0,2026-07-21T10:54:00+09:00,2026-07-21T10:54:00+09:00,4997.0,7.5931,1.641,2026-07-21T10:37:00+09:00
20260721,2,AFTERNOON,UP_RED,5015,3,2026-07-21T11:48:00+09:00,0193T0,14260.0,5016,2026-07-21T12:38:00+09:00,14855.0,TIME_WINDOW_AFTERNOON_TP,4.080645,4.080645161290322,False,1,,False,16,1.0,False,0,False,True,50.0,,,,,"[('2026-07-21T12:38:00+09:00', np.float64(14855.0), 1.0, 'TIME_WINDOW_AFTERNOON_TP', 4.0806)]",False,-1.0012622720897617,False,True,1830000.0,1820065.995447703,1810856.264522206,781.3769582773093,,,,False,False,,,,,,,,2026-07-21T12:38:00+09:00
20260722,1,MORNING,DOWN_BLUE,5100,1,2026-07-22T09:45:00+09:00,0197X0,9440.0,5101,2026-07-22T10:15:00+09:00,9305.0,TIME_WINDOW_STOP_LOSS,-1.519492,1.3922669491525426,True,3,,False,9,0.8,False,0,False,True,30.0,,,,,"[('2026-07-22T10:15:00+09:00', 9305.0, 1.0, 'TIME_WINDOW_STOP_LOSS', -1.5195)]",False,-1.5194915254237287,False,False,1984000.0,1957989.5383627205,1913411.3963327256,2881.1674966234714,,,,False,False,,,,,,,,2026-07-22T09:54:00+09:00
20260722,2,AFTERNOON,DOWN_BLUE,5178,3,2026-07-22T13:39:00+09:00,0197X0,9965.0,5179,2026-07-22T14:06:00+09:00,10410.0,TIME_WINDOW_AFTERNOON_TP,4.373708,4.373707977922729,False,1,,False,8,1.2,False,0,False,True,27.0,,,,,"[('2026-07-22T14:06:00+09:00', 10410.0, 1.0, 'TIME_WINDOW_AFTERNOON_TP', 4.3737)]",False,-0.3406924234821877,False,True,1941000.0,1949626.6429290036,1953087.0832433917,-493.35033646482043,,,,False,False,,,,,,,,2026-07-22T14:06:00+09:00
20260723,1,MORNING,DOWN_BLUE,5240,1,2026-07-23T10:27:00+09:00,0197X0,10320.0,5241,2026-07-23T11:45:00+09:00,10820.0,PP_EXIT,4.75281,7.900581395348838,False,2,,False,25,1.0,False,0,False,True,78.0,,,,,"[('2026-07-23T11:45:00+09:00', 10820.0, 1.0, 'PP_EXIT', 4.7528)]",False,-0.09001937984496122,True,False,1916000.0,1922106.6295673882,1913943.066056713,83.95648748101667,,,,True,True,2026-07-23T11:00:00+09:00,5251.0,2026-07-23T11:45:00+09:00,2026-07-23T11:45:00+09:00,5266.0,7.9006,3.1478,2026-07-23T11:25:00+09:00
20260723,2,AFTERNOON,UP_RED,5299,4,2026-07-23T13:24:00+09:00,0193T0,15625.0,5300,2026-07-23T13:42:00+09:00,15450.0,TIME_WINDOW_STOP_LOSS,-1.209472,0.54976,False,2,,False,5,1.0,False,0,False,True,18.0,,,,,"[('2026-07-23T13:42:00+09:00', 15450.0, 1.0, 'TIME_WINDOW_STOP_LOSS', -1.2095)]",False,-1.2094719999999999,False,True,1918000.0,1900487.9877889883,1894617.4465875672,954.3899352014996,,,,False,False,,,,,,,,2026-07-23T13:33:00+09:00
20260723,3,AFTERNOON,UP_RED,5322,6,2026-07-23T14:33:00+09:00,0193T0,15635.0,5323,2026-07-23T14:39:00+09:00,15400.0,TIME_WINDOW_STOP_LOSS,-1.592389,0.0,False,1,,False,1,1.0,False,0,False,True,6.0,,,,,"[('2026-07-23T14:39:00+09:00', 15400.0, 1.0, 'TIME_WINDOW_STOP_LOSS', -1.5924)]",False,-1.5923888711224816,False,True,1928000.0,1912415.0767107941,1906247.5384514576,887.8555734099355,,,,False,False,,,,,,,,
20260727,1,MORNING,UP_RED,5466,1,2026-07-27T09:06:00+09:00,0193T0,13300.0,5467,2026-07-27T10:24:00+09:00,13370.0,OPPOSITE_SIGNAL,0.43609,0.43609022556390975,False,0,,False,25,1.0,False,0,False,True,78.0,,,,,"[('2026-07-27T10:24:00+09:00', 13370.0, 1.0, 'OPPOSITE_SIGNAL', 0.4361)]",False,-0.1275187969924812,False,False,1814000.0,1795325.11697627,1813374.8516824862,25.516257857671008,,,,False,False,,,,,,,,2026-07-27T10:13:00+09:00
20260727,2,MORNING,DOWN_BLUE,5492,2,2026-07-27T10:24:00+09:00,0197X0,12245.0,5493,2026-07-27T12:55:00+09:00,13245.0,TIME_WINDOW_TP2_FULL,8.072846,8.07284605961617,False,2,,False,50,1.0,False,0,False,True,151.0,,,,,"[('2026-07-27T12:55:00+09:00', np.float64(13245.0), 1.0, 'TIME_WINDOW_TP2_FULL', 8.0728)]",False,-0.4981625153123724,True,False,1817000.0,1814817.1127715565,1815110.2374978226,77.13316335435957,,,,True,False,2026-07-27T12:33:00+09:00,5535.0,,,,,,2026-07-27T12:55:00+09:00
20260728,1,MORNING,DOWN_BLUE,5593,1,2026-07-28T09:06:00+09:00,0197X0,12325.0,5594,2026-07-28T10:00:00+09:00,12830.0,OPPOSITE_SIGNAL,4.005517,3.8433265720081136,False,0,,False,17,1.0,False,0,False,True,54.0,,,,,"[('2026-07-28T10:00:00+09:00', 12830.0, 1.0, 'OPPOSITE_SIGNAL', 4.0055)]",False,0.0,True,False,1659000.0,1766454.6057927897,1765845.3634427823,-4361.035242562415,,,,False,False,,,,,,,,2026-07-28T09:57:00+09:00
20260730,1,MORNING,UP_RED,5857,1,2026-07-30T09:36:00+09:00,0193T0,12990.0,5858,2026-07-30T09:54:00+09:00,12820.0,TIME_WINDOW_STOP_LOSS,-1.398075,0.0,False,2,,False,5,1.0,False,0,False,True,18.0,,,,,"[('2026-07-30T09:54:00+09:00', 12820.0, 1.0, 'TIME_WINDOW_STOP_LOSS', -1.3981)]",False,-1.398075442648191,False,False,1346000.0,1381693.0098685254,1427399.7871341542,-3322.4402911900543,,,,False,False,,,,,,,,
20260731,1,MORNING,UP_RED,5974,1,2026-07-31T09:06:00+09:00,0193T0,13240.0,5975,2026-07-31T09:30:00+09:00,13070.0,TIME_WINDOW_STOP_LOSS,-1.373414,0.0,False,0,,False,7,1.0,False,0,False,True,24.0,,,,,"[('2026-07-31T09:30:00+09:00', 13070.0, 1.0, 'TIME_WINDOW_STOP_LOSS', -1.3734)]",False,-1.3734138972809669,False,True,1694000.0,1416144.7720052865,1397474.8576546272,12103.067034505075,,,,False,False,,,,,,,,
20260731,2,MORNING,DOWN_BLUE,5988,2,2026-07-31T09:48:00+09:00,0197X0,12740.0,5989,2026-07-31T10:44:00+09:00,13270.0,TIME_WINDOW_TP2_FULL,3.864301,4.068288854003139,False,2,,False,18,1.2,False,0,False,True,56.0,,,,,"[('2026-07-31T10:44:00+09:00', np.float64(13270.0), 0.8, 'TIME_WINDOW_TP2_FULL', 4.0683)]",False,0.0,True,False,1666000.0,1612046.0137736504,1517721.5247060582,6052.182665058877,,,,False,False,,,,,,,,2026-07-31T10:44:00+09:00
20260803,1,MORNING,UP_RED,6114,1,2026-08-03T09:45:00+09:00,0193T0,9585.0,6115,2026-08-03T10:09:00+09:00,9720.0,TIME_WINDOW_TRAILING_STOP,1.66193,3.924778299426187,False,2,,False,7,1.0,False,0,False,True,24.0,,,,,"[('2026-08-03T10:09:00+09:00', 9720.0, 0.8, 'TIME_WINDOW_TRAILING_STOP', 1.3178)]",False,-0.454981742305686,True,False,1596000.0,1607475.2888131347,1631102.2480152654,-1432.744816949591,,,,False,False,,,,,,,,2026-08-03T10:05:00+09:00
20260803,2,MORNING,DOWN_BLUE,6131,2,2026-08-03T10:36:00+09:00,0197X0,9530.0,6132,2026-08-03T10:42:00+09:00,9315.0,TIME_WINDOW_STOP_LOSS,-2.345016,0.0,False,1,,False,1,1.0,False,0,False,True,6.0,,,,,"[('2026-08-03T10:42:00+09:00', 9315.0, 1.0, 'TIME_WINDOW_STOP_LOSS', -2.345)]",False,-2.3974816369359915,False,True,1577000.0,1597589.0828006293,1614957.1625310038,-1549.2719400408678,,,,False,False,,,,,,,,
20260803,3,AFTERNOON,DOWN_BLUE,6181,10,2026-08-03T13:06:00+09:00,0197X0,9385.0,6182,2026-08-03T13:21:00+09:00,9200.0,TIME_WINDOW_STOP_LOSS,-2.060416,0.06968566862013852,False,2,,False,4,1.0,True,0,False,True,15.0,,,2026-08-03T13:12:00+09:00,,"[('2026-08-03T13:21:00+09:00', 9200.0, 1.0, 'TIME_WINDOW_STOP_LOSS', -2.0604)]",False,-2.060415556739478,False,True,1585000.0,1588613.7140584015,1594512.2338980264,-388.2544448173139,,,,False,False,,,,,,,,2026-08-03T13:10:00+09:00
20260804,1,MORNING,UP_RED,6231,1,2026-08-04T09:06:00+09:00,0193T0,9545.0,6232,2026-08-04T09:15:00+09:00,9270.0,TIME_WINDOW_STOP_LOSS,-2.969722,1.4808800419067574,False,0,,False,2,1.0,False,0,False,True,9.0,,,,,"[('2026-08-04T09:15:00+09:00', 9270.0, 1.0, 'TIME_WINDOW_STOP_LOSS', -2.9697)]",False,-2.9697223677317965,False,False,1609000.0,1580479.728935182,1582671.9443539216,1074.6145161665045,,,,False,False,,,,,,,,2026-08-04T09:10:00+09:00
20260804,2,MORNING,DOWN_BLUE,6238,2,2026-08-04T09:27:00+09:00,0197X0,9605.0,6239,2026-08-04T09:58:00+09:00,10475.0,TIME_WINDOW_TP2_FULL,8.963769,8.963768870380012,True,3,,False,10,0.96,False,0,False,True,31.0,,,,,"[('2026-08-04T09:58:00+09:00', np.float64(10475.0), 1.0, 'TIME_WINDOW_TP2_FULL', 8.9638)]",False,0.0,True,True,1578000.0,1582605.660827165,1583437.8149230697,-221.95162951317616,,,,True,False,2026-08-04T09:39:00+09:00,6242.0,,,,,,2026-08-04T09:58:00+09:00
20260804,3,AFTERNOON,DOWN_BLUE,6309,6,2026-08-04T13:00:00+09:00,0197X0,10145.0,6310,2026-08-04T13:18:00+09:00,10255.0,TIME_WINDOW_PROFIT_LOCK_STOP,0.99379,2.12686052242484,False,2,,False,5,1.04,False,0,False,True,18.0,,,,,"[('2026-08-04T13:18:00+09:00', 10255.0, 1.0, 'TIME_WINDOW_PROFIT_LOCK_STOP', 0.9938)]",False,-0.18846722523410547,False,True,1519000.0,1524766.9841270463,1531047.057743475,-491.7166425907053,,,,False,False,,,,,,,,2026-08-04T13:13:00+09:00
20260805,1,MORNING,DOWN_BLUE,6370,1,2026-08-05T09:45:00+09:00,0197X0,8115.0,6371,2026-08-05T10:03:00+09:00,8530.0,TIME_WINDOW_TP2_FULL,4.65215,5.0216882316697475,False,2,,False,5,1.0,False,0,False,True,18.0,,,,,"[('2026-08-05T10:03:00+09:00', 8530.0, 0.8, 'TIME_WINDOW_TP2_FULL', 5.0217)]",False,-0.2133086876155268,True,False,1686000.0,1657486.2974877893,1604120.107001988,3342.0364488984924,,,,False,False,,,,,,,,2026-08-05T10:03:00+09:00
20260805,2,AFTERNOON,UP_RED,6395,2,2026-08-05T11:00:00+09:00,0193T0,10595.0,6396,2026-08-05T11:09:00+09:00,10380.0,TIME_WINDOW_STOP_LOSS,-2.118358,0.05153374233128834,False,1,,False,2,1.0,False,0,False,True,9.0,,,,,"[('2026-08-05T11:09:00+09:00', 10380.0, 1.0, 'TIME_WINDOW_STOP_LOSS', -2.1184)]",False,-2.1183577159037283,False,True,1682000.0,1669907.8031550595,1645336.136486111,1496.4842250568327,,,,False,False,,,,,,,,2026-08-05T11:01:00+09:00
20260805,3,AFTERNOON,UP_RED,6450,6,2026-08-05T13:45:00+09:00,0193T0,10650.0,6451,2026-08-05T14:30:00+09:00,10500.0,TIME_WINDOW_STOP_LOSS,-1.497746,0.09765258215962441,False,2,,False,14,1.0,True,0,False,True,45.0,,,2026-08-05T14:24:00+09:00,,"[('2026-08-05T14:30:00+09:00', 10500.0, 1.0, 'TIME_WINDOW_STOP_LOSS', -1.4977)]",False,-1.4977464788732393,False,True,1694000.0,1682587.1703433758,1675517.845321532,754.3736603455618,,,,False,False,,,,,,,,2026-08-05T14:02:00+09:00
20260806,1,MORNING,DOWN_BLUE,6483,1,2026-08-06T09:06:00+09:00,0197X0,9080.0,6484,2026-08-06T10:00:00+09:00,9840.0,TIME_WINDOW_TP2_FULL,8.276211,8.276211453744493,False,0,,False,17,1.0,False,0,False,True,54.0,,,,,"[('2026-08-06T10:00:00+09:00', 9840.0, 1.0, 'TIME_WINDOW_TP2_FULL', 8.2762)]",False,-0.2,True,True,1601000.0,1669752.1529065385,1676798.5201587412,-3093.81714933645,,,,True,False,2026-08-06T09:36:00+09:00,6493.0,,,,,,2026-08-06T10:00:00+09:00
20260806,2,AFTERNOON,DOWN_BLUE,6544,3,2026-08-06T12:09:00+09:00,0197X0,9785.0,6545,2026-08-06T14:03:00+09:00,9830.0,TIME_WINDOW_PROFIT_LOCK_STOP,0.36975,2.4127746550843128,False,1,,False,37,1.0,True,0,False,True,114.0,,,2026-08-06T13:27:00+09:00,,"[('2026-08-06T14:03:00+09:00', 9830.0, 1.0, 'TIME_WINDOW_PROFIT_LOCK_STOP', 0.3697)]",False,-0.19223300970873786,False,True,1523000.0,1530516.5345273712,1543485.686705375,-836.1504777704831,,,,False,False,,,,,,,,2026-08-06T13:43:00+09:00
20260806,3,AFTERNOON,DOWN_BLUE,6594,7,2026-08-06T14:39:00+09:00,0197X0,9950.0,6595,2026-08-06T15:00:00+09:00,10040.0,FORCED_LIQUIDATION,0.81407,0.914572864321608,False,2,,False,6,1.0,False,0,False,True,21.0,,,,,"[('2026-08-06T15:00:00+09:00', 10040.0, 1.0, 'FORCED_LIQUIDATION', 0.8141)]",False,-0.391356783919598,False,True,1504000.0,1511552.1756510898,1516122.4867503403,-494.79537756508216,,,,False,False,,,,,,,,2026-08-06T14:51:00+09:00
20260807,1,MORNING,UP_RED,6609,1,2026-08-07T09:06:00+09:00,0193T0,8590.0,6610,2026-08-07T09:12:00+09:00,8450.0,TIME_WINDOW_STOP_LOSS,-1.719092,0.0,False,0,,False,1,1.0,False,0,False,True,6.0,,,,,"[('2026-08-07T09:12:00+09:00', 8450.0, 1.0, 'TIME_WINDOW_STOP_LOSS', -1.7191)]",False,-2.0098952270081494,False,False,1533500.0,1504718.8305531694,1509644.0672249596,973.7115418384783,,,,False,False,,,,,,,,
20260807,2,MORNING,DOWN_BLUE,6615,2,2026-08-07T09:24:00+09:00,0197X0,10225.0,6616,2026-08-07T09:54:00+09:00,10335.0,TIME_WINDOW_TRAILING_STOP,0.98533,3.6247432762836187,True,3,,False,9,0.96,False,0,False,True,30.0,,,,,"[('2026-08-07T09:54:00+09:00', 10335.0, 1.0, 'TIME_WINDOW_TRAILING_STOP', 0.9853)]",False,-0.627677261613692,True,True,1489000.0,1504026.4884623098,1508581.3971054645,-799.2406981822569,,,,False,False,,,,,,,,2026-08-07T09:40:00+09:00
20260807,3,MORNING,DOWN_BLUE,6632,4,2026-08-07T10:15:00+09:00,0197X0,10700.0,6633,2026-08-07T10:57:00+09:00,10955.0,OPPOSITE_SIGNAL,2.29215,3.88018691588785,False,2,5.0,False,13,1.04,False,0,False,True,42.0,,,,,"[('2026-08-07T10:57:00+09:00', 10955.0, 1.0, 'OPPOSITE_SIGNAL', 2.2921)]",False,0.0,True,True,1450000.0,1473713.5216089366,1488819.169738596,-1584.4559076977894,,,,False,False,,,,,,,,2026-08-07T10:39:00+09:00
20260810,1,MORNING,DOWN_BLUE,6748,1,2026-08-10T09:45:00+09:00,0197X0,10770.0,6749,2026-08-10T10:24:00+09:00,10610.0,TIME_WINDOW_STOP_LOSS,-1.57493,1.2556174558960072,True,3,,False,12,0.8,False,0,False,True,39.0,,,,,"[('2026-08-10T10:24:00+09:00', 10610.0, 1.0, 'TIME_WINDOW_STOP_LOSS', -1.5749)]",False,-1.8998142989786446,False,False,1434000.0,1447567.3598700126,1437880.1783398758,-158.37462611752562,,,,False,False,,,,,,,,2026-08-10T10:07:00+09:00
20260810,2,MORNING,UP_RED,6771,2,2026-08-10T10:54:00+09:00,0193T0,7715.0,6772,2026-08-10T11:00:00+09:00,7565.0,TIME_WINDOW_STOP_LOSS,-2.033312,0.0,False,1,,False,1,1.2,False,0,False,True,6.0,,,,,"[('2026-08-10T11:00:00+09:00', 7565.0, 1.0, 'TIME_WINDOW_STOP_LOSS', -2.0333)]",False,-2.033311730395334,False,True,1452000.0,1442589.0833991575,1440005.915677057,489.55446216091514,,,,False,False,,,,,,,,
20260810,3,AFTERNOON,DOWN_BLUE,6776,3,2026-08-10T11:09:00+09:00,0197X0,10720.0,6777,2026-08-10T11:39:00+09:00,10775.0,EARLY_TAKE_PROFIT,0.422761,1.821455223880597,True,3,,True,9,0.96,False,0,False,True,30.0,,,,,"[('2026-08-10T11:39:00+09:00', 10775.0, 1.0, 'EARLY_TAKE_PROFIT', 0.4228)]",False,-1.0223880597014925,False,False,1440000.0,1442327.395628945,1440404.3682134724,-16.5048250395339,,,,False,False,,,,,,,,2026-08-10T11:33:00+09:00
20260811,1,MORNING,DOWN_BLUE,6861,1,2026-08-11T09:06:00+09:00,0197X0,11450.0,6862,2026-08-11T09:54:00+09:00,11520.0,OPPOSITE_SIGNAL,0.521048,2.441572052401747,False,0,,False,15,1.0,False,0,False,True,48.0,,,,,"[('2026-08-11T09:54:00+09:00', 11520.0, 1.0, 'OPPOSITE_SIGNAL', 0.521)]",False,-1.574061135371179,False,True,1398000.0,1413288.529673329,1419366.1061597273,-872.0859657030087,,,,False,False,,,,,,,,2026-08-11T09:24:00+09:00
20260811,2,MORNING,UP_RED,6877,2,2026-08-11T09:54:00+09:00,0193T0,7055.0,6878,2026-08-11T10:03:00+09:00,6910.0,TIME_WINDOW_STOP_LOSS,-2.144437,0.47682494684620835,False,2,,False,2,1.0,False,0,False,True,9.0,,,,,"[('2026-08-11T10:03:00+09:00', 6910.0, 1.0, 'TIME_WINDOW_STOP_LOSS', -2.1444)]",False,-2.1444365698086463,False,False,1390000.0,1392364.6233623787,1404422.7010074628,-588.6816737737972,,,,False,False,,,,,,,,2026-08-11T09:55:00+09:00
20260811,3,AFTERNOON,UP_RED,6916,4,2026-08-11T11:51:00+09:00,0193T0,7360.0,6917,2026-08-11T13:24:00+09:00,7525.0,SMALL_WHIPSAW_HOLD_EXIT,2.150815,3.5089673913043478,False,2,,False,30,1.0,True,0,False,True,93.0,,,2026-08-11T12:24:00+09:00,,"[('2026-08-11T13:24:00+09:00', 7525.0, 1.0, 'SMALL_WHIPSAW_HOLD_EXIT', 2.1508)]",False,-0.7010869565217391,False,True,1420000.0,1411580.733031189,1408497.0908386835,469.5064963803161,,,,False,False,,,,,,,,2026-08-11T12:54:00+09:00
20260812,1,MORNING,DOWN_BLUE,7001,1,2026-08-12T09:48:00+09:00,0197X0,10520.0,7002,2026-08-12T10:33:00+09:00,10435.0,OPPOSITE_SIGNAL,-0.897719,2.0002851711026617,False,2,,False,14,1.0,False,0,False,True,45.0,,,,,"[('2026-08-12T10:33:00+09:00', 10435.0, 1.0, 'OPPOSITE_SIGNAL', -0.8977)]",False,-1.2776615969581748,False,False,1450000.0,1453130.2753113478,1444836.874698208,210.73980823648162,,,,False,False,,,,,,,,2026-08-12T10:00:00+09:00
20260813,1,MORNING,DOWN_BLUE,7126,1,2026-08-13T09:45:00+09:00,0197X0,8610.0,7127,2026-08-13T09:51:00+09:00,8395.0,TIME_WINDOW_STOP_LOSS,-2.585947,0.0,True,3,,False,1,0.8,False,0,False,True,6.0,,,,,"[('2026-08-13T09:51:00+09:00', 8395.0, 1.0, 'TIME_WINDOW_STOP_LOSS', -2.5859)]",False,-2.818234610917538,False,False,1599000.0,1586879.836108425,1553513.3708668547,1856.5971074753907,,,,False,False,,,,,,,,
20260813,2,AFTERNOON,UP_RED,7171,2,2026-08-13T12:00:00+09:00,0193T0,9475.0,7172,2026-08-13T13:15:00+09:00,9545.0,EARLY_TAKE_PROFIT,0.648443,1.7560949868073876,True,3,,True,24,0.96,True,0,False,True,75.0,,,2026-08-13T12:36:00+09:00,,"[('2026-08-13T13:15:00+09:00', 9545.0, 1.0, 'EARLY_TAKE_PROFIT', 0.6484)]",False,-0.8811609498680739,False,True,1618000.0,1611238.7444201128,1602032.2195617696,651.7461403359193,,,,False,False,,,,,,,,2026-08-13T13:10:00+09:00
20260813,3,AFTERNOON,DOWN_BLUE,7219,7,2026-08-13T14:24:00+09:00,0197X0,8465.0,7220,2026-08-13T15:00:00+09:00,8745.0,FORCED_LIQUIDATION,3.216302,2.7438865918487894,False,2,,False,11,1.2,False,0,False,True,36.0,,,,,"[('2026-08-13T15:00:00+09:00', 8745.0, 1.0, 'FORCED_LIQUIDATION', 3.2163)]",False,-0.38523331364441815,False,False,1605000.0,1613098.8143900218,1612978.1811463886,-325.64004679140635,,,,False,False,,,,,,,,2026-08-13T14:42:00+09:00
20260814,1,MORNING,DOWN_BLUE,7254,1,2026-08-14T09:51:00+09:00,0197X0,7770.0,7255,2026-08-14T10:25:00+09:00,8090.0,TIME_WINDOW_TP2_FULL,3.859279,4.026512226512226,False,2,,False,11,1.0,False,0,False,True,34.0,,,,,"[('2026-08-14T10:25:00+09:00', np.float64(8090.0), 0.8, 'TIME_WINDOW_TP2_FULL', 4.0265)]",False,0.0,True,False,1677000.0,1666214.403780161,1641910.3719559303,1432.2297160846647,,,,False,False,,,,,,,,2026-08-14T10:25:00+09:00
20260814,2,AFTERNOON,DOWN_BLUE,7319,5,2026-08-14T13:06:00+09:00,0197X0,8180.0,7320,2026-08-14T13:15:00+09:00,8080.0,TIME_WINDOW_STOP_LOSS,-1.31198,0.0,False,2,,False,2,1.0,False,0,False,True,9.0,,,,,"[('2026-08-14T13:15:00+09:00', 8080.0, 1.0, 'TIME_WINDOW_STOP_LOSS', -1.312)]",False,-1.3119804400977995,False,True,1639000.0,1642337.8726104063,1643155.6652580877,-169.61899012583308,,,,False,False,,,,,,,,
20260814,3,AFTERNOON,DOWN_BLUE,7337,7,2026-08-14T14:00:00+09:00,0197X0,8060.0,7338,2026-08-14T14:21:00+09:00,8065.0,TIME_WINDOW_BREAKEVEN_STOP,-0.02804,1.770223325062035,False,2,,False,6,1.0,False,0,False,True,21.0,,,,,"[('2026-08-14T14:21:00+09:00', 8065.0, 1.0, 'TIME_WINDOW_BREAKEVEN_STOP', -0.028)]",False,-0.40012406947890816,False,False,1651000.0,1652489.6660943732,1648804.2648714057,89.62184198340401,,,,False,False,,,,,,,,2026-08-14T14:10:00+09:00
20260818,1,MORNING,UP_RED,7365,1,2026-08-18T09:06:00+09:00,0193T0,10960.0,7366,2026-08-18T09:57:00+09:00,11260.0,OPPOSITE_SIGNAL,2.645985,4.789233576642336,False,0,,False,16,1.0,False,0,False,True,51.0,,,,,"[('2026-08-18T09:57:00+09:00', 11260.0, 1.0, 'OPPOSITE_SIGNAL', 2.646)]",False,-0.9107664233576642,True,True,1747000.0,1664181.688551726,1654447.5044229934,3777.6528806942515,,,,False,False,,,,,,,,2026-08-18T09:38:00+09:00
20260818,2,MORNING,DOWN_BLUE,7382,2,2026-08-18T09:57:00+09:00,0197X0,6860.0,7383,2026-08-18T10:45:00+09:00,7145.0,TIME_WINDOW_TP2_FULL,3.873265,4.06268221574344,False,2,,False,15,1.0,False,0,False,True,48.0,,,,,"[('2026-08-18T10:45:00+09:00', 7145.0, 0.8, 'TIME_WINDOW_TP2_FULL', 4.0627)]",False,-1.0371720116618077,True,False,1769000.0,1753146.615696211,1711442.1026151248,2349.301934076706,,,,False,False,,,,,,,,2026-08-18T10:45:00+09:00
20260819,1,MORNING,DOWN_BLUE,7508,1,2026-08-19T09:09:00+09:00,0197X0,9280.0,7509,2026-08-19T09:30:00+09:00,9330.0,OPPOSITE_SIGNAL,0.448599,1.7949353448275862,False,0,,False,6,1.0,False,0,False,True,21.0,,,,,"[('2026-08-19T09:30:00+09:00', 9330.0, 1.0, 'OPPOSITE_SIGNAL', 0.4486)]",False,0.0,False,True,1523000.0,1563262.1842215876,1605968.3731689267,-3386.4642109766137,,,,False,False,,,,,,,,2026-08-19T09:16:00+09:00
20260819,2,MORNING,UP_RED,7515,2,2026-08-19T09:30:00+09:00,0193T0,8200.0,7516,2026-08-19T10:06:00+09:00,8640.0,TIME_WINDOW_TP2_FULL,4.82239,5.2734146341463415,False,2,,False,11,1.0,False,0,False,True,36.0,,,,,"[('2026-08-19T10:06:00+09:00', 8640.0, 0.8, 'TIME_WINDOW_TP2_FULL', 5.2734)]",False,-0.15097560975609756,True,False,1514000.0,1536695.3913694844,1582701.2866782513,-2804.134150132537,,,,False,False,,,,,,,,2026-08-19T10:06:00+09:00
20260819,3,AFTERNOON,DOWN_BLUE,7548,3,2026-08-19T11:09:00+09:00,0197X0,9210.0,7549,2026-08-19T12:54:00+09:00,9310.0,SMALL_WHIPSAW_HOLD_EXIT,0.995223,1.6464712269272528,False,1,,False,34,1.0,True,0,False,True,105.0,,,2026-08-19T11:54:00+09:00,,"[('2026-08-19T12:54:00+09:00', 9310.0, 1.0, 'SMALL_WHIPSAW_HOLD_EXIT', 0.9952)]",False,-0.5782844733984799,False,True,1528000.0,1537631.1896214136,1549427.4190595224,-874.5885330415331,,,,False,False,,,,,,,,2026-08-19T12:46:00+09:00
20260820,1,MORNING,UP_RED,7741,1,2026-08-20T09:24:00+09:00,0193T0,9370.0,7742,2026-08-20T10:24:00+09:00,9795.0,PP_EXIT,4.44365,6.47043756670224,True,3,,False,19,0.8,False,0,False,True,60.0,,,,,"[('2026-08-20T10:24:00+09:00', 9795.0, 1.0, 'PP_EXIT', 4.4436)]",False,-0.9434364994663821,True,False,1620000.0,1614292.625170616,1616364.964260145,148.36880570836365,,,,True,True,2026-08-20T10:00:00+09:00,7753.0,2026-08-20T10:24:00+09:00,2026-08-20T10:24:00+09:00,7761.0,6.4704,2.0268,2026-08-20T10:05:00+09:00
20260820,2,MORNING,UP_RED,7767,3,2026-08-20T10:42:00+09:00,0193T0,10080.0,7768,2026-08-20T11:15:00+09:00,10115.0,OPPOSITE_SIGNAL,0.257044,1.199107142857143,False,2,,False,10,1.0,False,0,False,True,33.0,,,,,"[('2026-08-20T11:15:00+09:00', 10115.0, 1.0, 'OPPOSITE_SIGNAL', 0.257)]",False,-0.6849206349206349,False,True,1684000.0,1661240.2645734213,1644317.3789230122,1619.698819468962,,,,False,False,,,,,,,,2026-08-20T11:07:00+09:00
20260820,3,AFTERNOON,UP_RED,7800,7,2026-08-20T12:21:00+09:00,0193T0,10100.0,7801,2026-08-20T13:39:00+09:00,10250.0,SMALL_WHIPSAW_HOLD_EXIT,1.394554,3.324356435643564,False,1,,False,25,1.0,True,0,False,True,78.0,,,2026-08-20T12:39:00+09:00,,"[('2026-08-20T13:39:00+09:00', 10250.0, 1.0, 'SMALL_WHIPSAW_HOLD_EXIT', 1.3946)]",False,-0.9310891089108911,False,True,1689000.0,1682157.2468000879,1673042.8108503623,651.3138428423554,,,,False,False,,,,,,,,2026-08-20T13:18:00+09:00
20260821,1,MORNING,UP_RED,7964,1,2026-08-21T09:09:00+09:00,0193T0,10180.0,7965,2026-08-21T09:51:00+09:00,11045.0,TIME_WINDOW_TP2_FULL,8.403143,8.403143418467584,False,0,,False,14,1.0,False,0,False,True,42.0,,,,,"[('2026-08-21T09:51:00+09:00', np.float64(11045.0), 1.0, 'TIME_WINDOW_TP2_FULL', 8.4031)]",False,0.0,True,True,1704000.0,1695769.3649111658,1694243.4869798264,398.22502123145387,,,,True,False,2026-08-21T09:45:00+09:00,7976.0,,,,,,2026-08-21T09:51:00+09:00
20260821,2,MORNING,DOWN_BLUE,7985,2,2026-08-21T10:12:00+09:00,0197X0,6575.0,7986,2026-08-21T10:18:00+09:00,6490.0,TIME_WINDOW_STOP_LOSS,-1.382205,0.0,True,3,,False,1,0.8,False,0,False,True,6.0,,,,,"[('2026-08-21T10:18:00+09:00', 6490.0, 1.0, 'TIME_WINDOW_STOP_LOSS', -1.3822)]",False,-1.6862357414448672,False,False,1746000.0,1735911.2701791623,1718535.825927471,1120.9866968381684,,,,False,False,,,,,,,,
20260821,3,MORNING,UP_RED,7988,3,2026-08-21T10:21:00+09:00,0193T0,11045.0,7989,2026-08-21T10:33:00+09:00,10790.0,OPPOSITE_SIGNAL,-2.397737,0.0,False,2,5.0,False,3,1.0,False,0,False,True,12.0,,,,,"[('2026-08-21T10:33:00+09:00', 10790.0, 1.0, 'OPPOSITE_SIGNAL', -2.3977)]",False,-1.4474422815753734,False,True,1766000.0,1742771.5583801828,1723467.8470915488,1736.0062411613762,,,,False,False,,,,,,,,
20260824,1,MORNING,UP_RED,8208,1,2026-08-24T09:57:00+09:00,0193T0,10925.0,8209,2026-08-24T10:36:00+09:00,10695.0,TIME_WINDOW_STOP_LOSS,-2.194325,1.0078718535469107,False,2,,False,12,1.0,False,0,False,True,39.0,,,,,"[('2026-08-24T10:36:00+09:00', 10695.0, 1.0, 'TIME_WINDOW_STOP_LOSS', -2.1943)]",False,-2.194324942791762,False,False,1757000.0,1752856.9324989095,1757351.754022775,-14.357307052006945,,,,False,False,,,,,,,,2026-08-24T10:16:00+09:00
20260824,2,MORNING,DOWN_BLUE,8222,2,2026-08-24T10:39:00+09:00,0197X0,6650.0,8223,2026-08-24T11:30:00+09:00,6880.0,PP_EXIT,3.367068,5.39624060150376,False,1,,False,16,1.2,False,0,False,True,51.0,,,,,"[('2026-08-24T11:30:00+09:00', 6880.0, 1.0, 'PP_EXIT', 3.3671)]",False,-0.09007518796992481,True,True,1742000.0,1754902.1481125148,1757180.8226233877,-619.625413199421,,,,True,True,2026-08-24T11:09:00+09:00,8232.0,2026-08-24T11:30:00+09:00,2026-08-24T11:30:00+09:00,8239.0,5.3962,2.0292,2026-08-24T11:08:00+09:00
20260825,1,MORNING,DOWN_BLUE,8346,1,2026-08-25T09:06:00+09:00,0197X0,8000.0,8347,2026-08-25T09:33:00+09:00,7980.0,OPPOSITE_SIGNAL,-0.339875,1.9091249999999997,False,0,,False,8,1.0,False,0,False,True,27.0,,,,,"[('2026-08-25T09:33:00+09:00', 7980.0, 1.0, 'OPPOSITE_SIGNAL', -0.3399)]",False,-1.277,False,True,1587000.0,1624408.5212969354,1648551.153364471,-2512.2919740600046,,,,False,False,,,,,,,,2026-08-25T09:17:00+09:00
20260825,2,MORNING,UP_RED,8355,2,2026-08-25T09:33:00+09:00,0193T0,8805.0,8356,2026-08-25T09:48:00+09:00,8785.0,EARLY_TAKE_PROFIT,-0.317093,1.5560477001703577,True,3,,True,4,0.8,False,0,False,True,15.0,,,,,"[('2026-08-25T09:48:00+09:00', 8785.0, 1.0, 'EARLY_TAKE_PROFIT', -0.3171)]",False,-0.8278250993753549,False,False,1583000.0,1597206.2954349692,1627242.3538873242,-1805.8103627481032,,,,False,False,,,,,,,,2026-08-25T09:46:00+09:00
20260825,3,AFTERNOON,UP_RED,8409,8,2026-08-25T12:15:00+09:00,0193T0,8985.0,8410,2026-08-25T13:04:00+09:00,9365.0,TIME_WINDOW_AFTERNOON_TP,4.13734,4.137340011129661,True,3,,False,16,0.8,True,0,False,True,49.0,,,2026-08-25T13:00:00+09:00,,"[('2026-08-25T13:04:00+09:00', np.float64(9365.0), 1.0, 'TIME_WINDOW_AFTERNOON_TP', 4.1373)]",False,-0.3125208681135225,False,False,1596000.0,1592505.6768869692,1595593.5203450862,16.59100632299669,,,,False,False,,,,,,,,2026-08-25T13:04:00+09:00
20260826,1,MORNING,UP_RED,8484,1,2026-08-26T09:24:00+09:00,0193T0,10235.0,8485,2026-08-26T09:30:00+09:00,10160.0,OPPOSITE_SIGNAL,-0.822472,0.0,False,1,,False,1,1.0,False,0,False,True,6.0,,,,,"[('2026-08-26T09:30:00+09:00', 10160.0, 1.0, 'OPPOSITE_SIGNAL', -0.8225)]",False,-1.1643380556912555,False,True,1710000.0,1697405.8610732495,1678997.2584754718,1265.4180214093067,,,,False,False,,,,,,,,
20260826,2,MORNING,DOWN_BLUE,8486,2,2026-08-26T09:30:00+09:00,0197X0,7005.0,8487,2026-08-26T10:12:00+09:00,7065.0,EARLY_TAKE_PROFIT,0.766167,2.6211277658815133,True,3,,True,13,0.8,False,0,False,True,42.0,,,,,"[('2026-08-26T10:12:00+09:00', 7065.0, 1.0, 'EARLY_TAKE_PROFIT', 0.7662)]",False,-0.018558172733761598,False,False,1692000.0,1696597.5416041792,1680072.4404458315,486.83916547638364,,,,False,False,,,,,,,,2026-08-26T09:54:00+09:00
20260826,3,MORNING,UP_RED,8503,3,2026-08-26T10:21:00+09:00,0193T0,10140.0,8504,2026-08-26T10:27:00+09:00,9965.0,TIME_WINDOW_STOP_LOSS,-1.81499,0.0,False,2,5.0,False,1,1.0,False,0,False,True,6.0,,,,,"[('2026-08-26T10:27:00+09:00', 9965.0, 1.0, 'TIME_WINDOW_STOP_LOSS', -1.815)]",False,-1.814990138067061,False,True,1695000.0,1689522.1512062459,1683615.0921888815,464.6901147395838,,,,False,False,,,,,,,,
20260827,1,MORNING,DOWN_BLUE,8545,1,2026-08-27T09:36:00+09:00,0197X0,6620.0,8546,2026-08-27T10:06:00+09:00,6715.0,TIME_WINDOW_TRAILING_STOP,1.706767,3.8358006042296076,False,2,,False,9,1.0,False,0,False,True,30.0,,,,,"[('2026-08-27T10:06:00+09:00', 6715.0, 0.8, 'TIME_WINDOW_TRAILING_STOP', 1.3444)]",False,-0.3164652567975831,True,False,1745000.0,1743329.740780471,1719792.2594060665,1028.887371180812,,,,False,False,,,,,,,,2026-08-27T10:00:00+09:00
20260827,2,MORNING,UP_RED,8563,2,2026-08-27T10:30:00+09:00,0193T0,10585.0,8564,2026-08-27T11:51:00+09:00,10795.0,SMALL_WHIPSAW_HOLD_EXIT,1.893056,1.7985829003306566,False,2,,False,26,1.0,True,0,False,True,81.0,,,2026-08-27T10:51:00+09:00,,"[('2026-08-27T11:51:00+09:00', 10795.0, 1.0, 'SMALL_WHIPSAW_HOLD_EXIT', 1.8931)]",False,-0.9398205007085498,False,True,1738000.0,1730346.7007173079,1723702.8298485102,583.5579653671011,,,,False,False,,,,,,,,2026-08-27T11:40:00+09:00
20260827,3,AFTERNOON,DOWN_BLUE,8626,11,2026-08-27T13:39:00+09:00,0197X0,6685.0,8627,2026-08-27T15:00:00+09:00,6850.0,FORCED_LIQUIDATION,2.377113,2.6761406133133883,False,2,,False,26,1.0,True,0,False,True,81.0,,,2026-08-27T14:54:00+09:00,,"[('2026-08-27T15:00:00+09:00', 6850.0, 1.0, 'FORCED_LIQUIDATION', 2.3771)]",False,-0.3142857142857143,False,True,1736000.0,1741080.3182387091,1741451.6876262573,-222.51786229619756,,,,False,False,,,,,,,,2026-08-27T14:56:00+09:00
20260828,1,MORNING,DOWN_BLUE,8662,1,2026-08-28T09:09:00+09:00,0197X0,7070.0,8663,2026-08-28T09:18:00+09:00,6980.0,TIME_WINDOW_STOP_LOSS,-1.362518,0.0,False,0,,False,2,1.0,False,0,False,True,9.0,,,,,"[('2026-08-28T09:18:00+09:00', 6980.0, 1.0, 'TIME_WINDOW_STOP_LOSS', -1.3625)]",False,-1.3625176803394625,False,True,1692000.0,1713452.403964005,1723137.3210167575,-1270.9110619083513,,,,False,False,,,,,,,,
20260828,2,MORNING,UP_RED,8668,2,2026-08-28T09:27:00+09:00,0193T0,10270.0,8669,2026-08-28T09:57:00+09:00,10325.0,EARLY_TAKE_PROFIT,0.445278,2.0025316455696203,True,3,,True,9,0.96,False,0,False,True,30.0,,,,,"[('2026-08-28T09:57:00+09:00', 10325.0, 1.0, 'EARLY_TAKE_PROFIT', 0.4453)]",False,0.0,False,False,1711000.0,1708694.3149504745,1718704.0522756155,-314.4511132903863,,,,False,False,,,,,,,,2026-08-28T09:49:00+09:00
20260828,3,MORNING,DOWN_BLUE,8684,3,2026-08-28T10:15:00+09:00,0197X0,6900.0,8685,2026-08-28T11:39:00+09:00,6985.0,SMALL_WHIPSAW_HOLD_EXIT,1.141304,1.141304347826087,False,2,5.0,False,27,1.04,True,0,False,True,84.0,,,2026-08-28T10:39:00+09:00,,"[('2026-08-28T11:39:00+09:00', 6985.0, 1.0, 'SMALL_WHIPSAW_HOLD_EXIT', 1.1413)]",False,-0.6694202898550724,False,True,1706000.0,1711848.8899776852,1716215.2042167042,-416.9471108857542,,,,False,False,,,,,,,,2026-08-28T11:35:00+09:00
20260831,1,MORNING,DOWN_BLUE,8803,1,2026-08-31T09:06:00+09:00,0197X0,7995.0,8804,2026-08-31T09:12:00+09:00,7810.0,TIME_WINDOW_STOP_LOSS,-2.402877,0.0,False,0,,False,1,1.0,False,0,False,True,6.0,,,,,"[('2026-08-31T09:12:00+09:00', 7810.0, 1.0, 'TIME_WINDOW_STOP_LOSS', -2.4029)]",False,-2.4654158849280803,False,True,1582000.0,1617262.544109349,1642800.4902097832,-2481.652661623899,,,,False,False,,,,,,,,
20260831,2,MORNING,UP_RED,8807,2,2026-08-31T09:18:00+09:00,0193T0,9030.0,8808,2026-08-31T09:48:00+09:00,9120.0,TIME_WINDOW_TRAILING_STOP,1.40443,3.6182724252491694,False,2,,False,9,1.2,False,0,False,True,30.0,,,,,"[('2026-08-31T09:48:00+09:00', 9120.0, 0.8, 'TIME_WINDOW_TRAILING_STOP', 0.9063)]",False,-0.5880398671096345,True,False,1604000.0,1610906.1039940892,1636109.4440153146,-1310.589551645331,,,,False,False,,,,,,,,2026-08-31T09:32:00+09:00
20260831,3,MORNING,DOWN_BLUE,8823,3,2026-08-31T10:06:00+09:00,0197X0,7835.0,8824,2026-08-31T10:33:00+09:00,7775.0,OPPOSITE_SIGNAL,-0.85552,0.6116145500957243,False,1,5.0,False,8,0.7999999999999998,False,0,False,True,27.0,,,,,"[('2026-08-31T10:33:00+09:00', 7775.0, 1.0, 'OPPOSITE_SIGNAL', -0.8555)]",False,-0.6641991065730695,False,True,1594500.0,1610896.3463667715,1625239.7516122404,-1254.6837392752059,,,,False,False,,,,,,,,2026-08-31T10:18:00+09:00
20260903,1,MORNING,DOWN_BLUE,8978,1,2026-09-03T09:18:00+09:00,0197X0,7545.0,8979,2026-09-03T10:33:00+09:00,7395.0,TIME_WINDOW_STOP_LOSS,-2.077137,0.9036447978793904,False,1,,False,24,1.0,True,0,False,True,75.0,,,2026-09-03T09:45:00+09:00,,"[('2026-09-03T10:33:00+09:00', 7395.0, 1.0, 'TIME_WINDOW_STOP_LOSS', -2.0771)]",False,-2.0771371769383697,False,True,1625000.0,1641880.3011102406,1648114.2430439605,-943.4384915900882,,,,False,False,,,,,,,,2026-09-03T09:57:00+09:00
20260903,2,AFTERNOON,DOWN_BLUE,9012,3,2026-09-03T11:00:00+09:00,0197X0,7525.0,9013,2026-09-04T09:03:00+09:00,7430.0,TIME_WINDOW_STOP_LOSS,-1.351894,0.1756810631229236,False,2,,False,41,1.2,True,0,False,True,1323.0,,,2026-09-03T11:18:00+09:00,,"[('2026-09-04T09:03:00+09:00', 7430.0, 1.0, 'TIME_WINDOW_STOP_LOSS', -1.3519)]",False,-1.9496345514950169,False,True,1623000.0,1629289.3997706342,1633099.2871346488,-412.2158014141023,,,,False,False,,,,,,,,2026-09-03T11:04:00+09:00
20260904,1,MORNING,DOWN_BLUE,9074,1,2026-09-04T10:03:00+09:00,0197X0,7380.0,9075,2026-09-04T11:18:00+09:00,7405.0,OPPOSITE_SIGNAL,0.248509,1.7383468834688345,False,2,,False,24,1.0,False,0,False,True,75.0,,,,,"[('2026-09-04T11:18:00+09:00', 7405.0, 1.0, 'OPPOSITE_SIGNAL', 0.2485)]",False,-0.7672086720867208,False,False,1636000.0,1636742.562385423,1631115.5239309943,199.3663701636251,,,,False,False,,,,,,,,2026-09-04T10:51:00+09:00
20260904,2,AFTERNOON,UP_RED,9099,2,2026-09-04T11:18:00+09:00,0193T0,9380.0,9100,2026-09-04T12:42:00+09:00,9460.0,SMALL_WHIPSAW_HOLD_EXIT,0.762473,0.9755863539445628,False,2,,False,27,1.0,True,0,False,True,84.0,,,2026-09-04T11:42:00+09:00,,"[('2026-09-04T12:42:00+09:00', 9460.0, 1.0, 'SMALL_WHIPSAW_HOLD_EXIT', 0.7625)]",False,-0.9957356076759063,False,True,1639000.0,1634978.433321292,1633831.1426078104,210.97377110971138,,,,False,False,,,,,,,,2026-09-04T12:20:00+09:00
20260907,1,MORNING,DOWN_BLUE,9263,2,2026-09-07T09:21:00+09:00,0197X0,6440.0,9264,2026-09-07T11:33:00+09:00,6465.0,OPPOSITE_SIGNAL,0.297981,1.4621118012422358,False,2,,False,43,1.0,False,0,False,True,132.0,,,,,"[('2026-09-07T11:33:00+09:00', 6465.0, 1.0, 'OPPOSITE_SIGNAL', 0.298)]",False,-0.7108695652173913,False,False,1743000.0,1726630.5580187084,1700348.966178449,1740.8585233285557,,,,False,False,,,,,,,,2026-09-07T10:43:00+09:00
20260907,2,AFTERNOON,UP_RED,9307,3,2026-09-07T11:33:00+09:00,0193T0,10565.0,9308,2026-09-07T13:42:00+09:00,10890.0,SMALL_WHIPSAW_HOLD_EXIT,2.984856,3.4106010411736865,False,1,,False,42,1.0,True,0,False,True,129.0,,,2026-09-07T12:42:00+09:00,,"[('2026-09-07T13:42:00+09:00', 10890.0, 1.0, 'SMALL_WHIPSAW_HOLD_EXIT', 2.9849)]",False,-0.1845716990061524,False,True,1743000.0,1738786.4779235458,1732344.7912557025,434.90647935913876,,,,False,False,,,,,,,,2026-09-07T13:31:00+09:00
20260908,1,MORNING,UP_RED,9412,2,2026-09-08T09:15:00+09:00,0193T0,11480.0,9413,2026-09-08T10:12:00+09:00,11760.0,OPPOSITE_SIGNAL,2.347997,4.002264808362369,False,1,,False,18,1.0,False,0,False,True,57.0,,,,,"[('2026-09-08T10:12:00+09:00', 11760.0, 1.0, 'OPPOSITE_SIGNAL', 2.348)]",False,0.0,True,True,1816000.0,1789576.6778514711,1781107.7062849603,1424.1752536753193,,,,False,False,,,,,,,,2026-09-08T09:57:00+09:00
20260908,2,MORNING,DOWN_BLUE,9431,3,2026-09-08T10:12:00+09:00,0197X0,5715.0,9432,2026-09-08T10:45:00+09:00,5640.0,TIME_WINDOW_STOP_LOSS,-1.401925,0.4346456692913386,False,2,,False,10,1.0,False,0,False,True,33.0,,,,,"[('2026-09-08T10:45:00+09:00', 5640.0, 1.0, 'TIME_WINDOW_STOP_LOSS', -1.4019)]",False,-1.4019247594050745,False,False,1841000.0,1835906.4614682996,1813845.0692509594,1108.3645203690976,,,,False,False,,,,,,,,2026-09-08T10:21:00+09:00
20260908,3,AFTERNOON,UP_RED,9473,4,2026-09-08T12:18:00+09:00,0193T0,12065.0,9474,2026-09-08T13:51:00+09:00,12065.0,TIME_WINDOW_BREAKEVEN_STOP,-0.090012,1.9811852465810194,False,1,,False,30,1.0,True,0,False,True,93.0,,,2026-09-08T13:15:00+09:00,,"[('2026-09-08T13:51:00+09:00', 12065.0, 1.0, 'TIME_WINDOW_BREAKEVEN_STOP', -0.09)]",False,-0.09001243265644426,False,True,1866000.0,1857842.574092147,1847846.8751382167,740.9438719095197,,,,False,False,,,,,,,,2026-09-08T12:54:00+09:00
20260909,1,MORNING,UP_RED,9574,1,2026-09-09T09:15:00+09:00,0193T0,11520.0,9575,2026-09-09T11:39:00+09:00,12200.0,SMALL_WHIPSAW_HOLD_EXIT,5.810069,5.636545138888889,False,1,,False,47,1.0,True,0,False,True,144.0,,,2026-09-09T10:39:00+09:00,,"[('2026-09-09T11:39:00+09:00', 12200.0, 1.0, 'SMALL_WHIPSAW_HOLD_EXIT', 5.8101)]",False,-0.6539930555555555,True,False,1825000.0,1814169.8949248637,1818198.555950204,277.609961216338,,,,True,False,2026-09-09T11:27:00+09:00,9618.0,,,,,,2026-09-09T11:34:00+09:00
20260910,1,AFTERNOON,UP_RED,9906,5,2026-09-10T14:27:00+09:00,0193T0,11990.0,9907,2026-09-10T15:00:00+09:00,12000.0,FORCED_LIQUIDATION,-0.006672,0.9103419516263555,False,2,,False,10,1.0,True,0,False,True,33.0,,,2026-09-10T14:54:00+09:00,,"[('2026-09-10T15:00:00+09:00', 12000.0, 1.0, 'FORCED_LIQUIDATION', -0.0067)]",False,-0.9653044203502918,False,True,1860000.0,1856086.7085010933,1852119.7380825137,321.643343570875,,,,False,False,,,,,,,,2026-09-10T14:35:00+09:00
20260911,1,MORNING,UP_RED,10031,2,2026-09-11T09:18:00+09:00,0193T0,10850.0,10032,2026-09-11T11:45:00+09:00,10985.0,WHIPSAW_WATCH_DETERIORATION_EXIT,1.153641,2.535483870967742,False,2,,False,48,1.0,False,0,False,True,147.0,,,,,"[('2026-09-11T11:45:00+09:00', 10985.0, 1.0, 'WHIPSAW_WATCH_DETERIORATION_EXIT', 1.1536)]",False,-0.22829493087557604,False,False,1774000.0,1788934.448297462,1809283.7314270288,-1440.15230314387,,,,False,False,,,,,,,,2026-09-11T09:29:00+09:00
20260911,2,AFTERNOON,UP_RED,10141,10,2026-09-11T14:48:00+09:00,0193T0,11267.0,10142,2026-09-11T15:00:00+09:00,11425.0,FORCED_LIQUIDATION,1.311707,2.110144670276027,False,2,,False,3,1.0,False,0,False,True,12.0,,,,,"[('2026-09-11T15:00:00+09:00', 11425.0, 1.0, 'FORCED_LIQUIDATION', 1.3117)]",False,-0.19650306203958462,False,True,1805000.0,1798705.3274629952,1794179.795799603,441.6409877713304,,,,False,False,,,,,,,,2026-09-11T14:55:00+09:00
20260914,1,MORNING,UP_RED,10262,1,2026-09-14T09:30:00+09:00,0193T0,10200.0,10263,2026-09-14T10:06:00+09:00,10025.0,TIME_WINDOW_STOP_LOSS,-1.804902,0.5959803921568627,False,2,,False,11,1.0,False,0,False,True,36.0,,,,,"[('2026-09-14T10:06:00+09:00', 10025.0, 1.0, 'TIME_WINDOW_STOP_LOSS', -1.8049)]",False,-1.8049019607843135,False,False,1715000.0,1737630.461746439,1768875.9381404475,-2199.017883283552,,,,False,False,,,,,,,,2026-09-14T09:32:00+09:00
20260915,1,MORNING,UP_RED,10489,2,2026-09-15T09:27:00+09:00,0193T0,10120.0,10490,2026-09-15T09:57:00+09:00,9995.0,TIME_WINDOW_STOP_LOSS,-1.324605,1.1939723320158102,False,1,,False,9,1.0,True,0,False,True,30.0,,,2026-09-15T09:54:00+09:00,,"[('2026-09-15T09:57:00+09:00', 9995.0, 1.0, 'TIME_WINDOW_STOP_LOSS', -1.3246)]",False,-1.37401185770751,False,True,1717000.0,1698882.4696447896,1692752.2772996319,989.7029673620127,,,,False,False,,,,,,,,2026-09-15T09:42:00+09:00
20260915,2,MORNING,UP_RED,10509,4,2026-09-15T10:27:00+09:00,0193T0,10140.0,10510,2026-09-15T11:45:00+09:00,10265.0,SMALL_WHIPSAW_HOLD_EXIT,1.142209,1.0435897435897437,False,1,,False,25,1.2,True,0,False,True,78.0,,,2026-09-15T10:45:00+09:00,,"[('2026-09-15T11:45:00+09:00', 10265.0, 1.0, 'SMALL_WHIPSAW_HOLD_EXIT', 1.1422)]",False,-1.272879684418146,False,True,1718000.0,1708585.0582864736,1702153.0346934712,646.8149104707409,,,,False,False,,,,,,,,2026-09-15T11:38:00+09:00
20260915,3,AFTERNOON,DOWN_BLUE,10580,9,2026-09-15T14:00:00+09:00,0197X0,6685.0,10581,2026-09-15T14:36:00+09:00,6700.0,TIME_WINDOW_BREAKEVEN_STOP,0.134331,1.7042632759910248,False,2,,False,11,0.7999999999999998,True,0,False,True,36.0,,,2026-09-15T14:36:00+09:00,,"[('2026-09-15T14:36:00+09:00', 6700.0, 1.0, 'TIME_WINDOW_BREAKEVEN_STOP', 0.1343)]",False,-0.015108451757666418,False,True,1686000.0,1697133.3722665682,1703964.5872654922,-733.248459815979,,,,False,False,,,,,,,,2026-09-15T14:15:00+09:00
20260916,1,MORNING,UP_RED,10710,1,2026-09-16T09:06:00+09:00,0193T0,9965.0,10711,2026-09-16T11:03:00+09:00,10140.0,SMALL_WHIPSAW_HOLD_EXIT,1.665429,3.4708479678876065,False,0,,False,38,1.0,True,0,False,True,117.0,,,2026-09-16T10:03:00+09:00,,"[('2026-09-16T11:03:00+09:00', 10140.0, 1.0, 'SMALL_WHIPSAW_HOLD_EXIT', 1.6654)]",False,-0.2403411941796287,False,False,1705000.0,1694877.8078163392,1695426.6162512882,390.7503570904955,,,,False,False,,,,,,,,2026-09-16T09:42:00+09:00
20260916,2,AFTERNOON,UP_RED,10785,7,2026-09-16T12:51:00+09:00,0193T0,10360.0,10786,2026-09-16T13:54:00+09:00,10390.0,TIME_WINDOW_BREAKEVEN_STOP,0.199421,1.6467181467181469,False,2,,False,20,1.0,True,0,False,True,63.0,,,2026-09-16T13:33:00+09:00,,"[('2026-09-16T13:54:00+09:00', 10390.0, 1.0, 'TIME_WINDOW_BREAKEVEN_STOP', 0.1994)]",False,0.0,False,True,1734000.0,1726660.2325295496,1721459.7721194897,511.84603593917564,,,,False,False,,,,,,,,2026-09-16T13:20:00+09:00
20260917,1,MORNING,DOWN_BLUE,10940,1,2026-09-17T09:12:00+09:00,0197X0,6230.0,10941,2026-09-17T10:00:00+09:00,6210.0,OPPOSITE_SIGNAL,-0.410754,1.113322632423756,False,0,,False,15,1.0,False,0,False,True,48.0,,,,,"[('2026-09-17T10:00:00+09:00', 6210.0, 1.0, 'OPPOSITE_SIGNAL', -0.4108)]",False,-0.7317817014446228,False,False,1747000.0,1759452.4314693375,1757175.0848196642,-415.3095844760537,,,,False,False,,,,,,,,2026-09-17T09:34:00+09:00
20260917,2,MORNING,UP_RED,10956,2,2026-09-17T10:00:00+09:00,0193T0,10540.0,10957,2026-09-17T10:57:00+09:00,10520.0,SMALL_WHIPSAW_HOLD_EXIT,-0.279696,1.4274193548387095,False,2,,False,18,1.0,True,0,False,True,57.0,,,2026-09-17T10:48:00+09:00,,"[('2026-09-17T10:57:00+09:00', 10520.0, 1.0, 'SMALL_WHIPSAW_HOLD_EXIT', -0.2797)]",False,-0.5641366223908918,False,False,1752000.0,1748810.404175567,1751787.2453396337,8.683863688493147,,,,False,False,,,,,,,,2026-09-17T10:08:00+09:00
20260918,1,MORNING,DOWN_BLUE,11166,1,2026-09-18T09:06:00+09:00,0197X0,5720.0,11167,2026-09-18T09:21:00+09:00,5695.0,WHIPSAW_WATCH_DETERIORATION_EXIT,-0.526748,0.34685314685314683,False,0,,False,4,1.0,False,0,False,True,15.0,,,,,"[('2026-09-18T09:21:00+09:00', 5695.0, 1.0, 'WHIPSAW_WATCH_DETERIORATION_EXIT', -0.5267)]",False,-0.8763986013986015,False,False,1812000.0,1800694.760872486,1785269.6797947779,1091.0334777643438,,,,False,False,,,,,,,,2026-09-18T09:08:00+09:00
20260921,1,MORNING,UP_RED,11411,1,2026-09-21T09:57:00+09:00,0193T0,11980.0,11412,2026-09-21T11:42:00+09:00,11975.0,SMALL_WHIPSAW_HOLD_EXIT,-0.131803,1.2032554257095158,False,2,,False,34,1.0,True,0,False,True,105.0,,,2026-09-21T10:42:00+09:00,,"[('2026-09-21T11:42:00+09:00', 11975.0, 1.0, 'SMALL_WHIPSAW_HOLD_EXIT', -0.1318)]",False,-0.42378964941569286,False,True,1864000.0,1863985.3644372702,1861913.6188584769,85.15841393987648,,,,False,False,,,,,,,,2026-09-21T10:26:00+09:00
20260921,2,AFTERNOON,UP_RED,11471,7,2026-09-21T12:57:00+09:00,0193T0,12080.0,11472,2026-09-21T14:18:00+09:00,11955.0,SMALL_WHIPSAW_HOLD_EXIT,-1.124255,0.11680463576158939,False,2,,False,26,1.0,True,0,False,True,81.0,,,2026-09-21T13:21:00+09:00,,"[('2026-09-21T14:18:00+09:00', 11955.0, 1.0, 'SMALL_WHIPSAW_HOLD_EXIT', -1.1243)]",False,-1.1242549668874173,False,True,1877000.0,1873409.5211933171,1871621.3488254815,219.5367826335132,,,,False,False,,,,,,,,2026-09-21T13:03:00+09:00
20260921,3,AFTERNOON,UP_RED,11507,11,2026-09-21T14:45:00+09:00,0193T0,11985.0,11508,2026-09-21T15:00:00+09:00,11965.0,FORCED_LIQUIDATION,-0.256738,0.0,True,3,,False,4,0.8,False,0,False,True,15.0,,,,,"[('2026-09-21T15:00:00+09:00', 11965.0, 1.0, 'FORCED_LIQUIDATION', -0.2567)]",False,-0.6321234876929496,False,False,1870000.0,1869843.6601387695,1871443.4246676061,-58.915292555466294,,,,False,False,,,,,,,,
20260922,1,MORNING,UP_RED,11572,1,2026-09-22T09:06:00+09:00,0193T0,12710.0,11573,2026-09-22T10:33:00+09:00,12580.0,SMALL_WHIPSAW_HOLD_EXIT,-1.112431,0.7357199055861526,False,0,,False,28,1.0,True,0,False,True,87.0,,,2026-09-22T09:33:00+09:00,,"[('2026-09-22T10:33:00+09:00', 12580.0, 1.0, 'SMALL_WHIPSAW_HOLD_EXIT', -1.1124)]",False,-1.15177025963808,False,True,1929000.0,1901714.2051723767,1888392.473916166,1657.4500442382414,,,,False,False,,,,,,,,2026-09-22T09:37:00+09:00
20260922,2,AFTERNOON,DOWN_BLUE,11616,4,2026-09-22T11:18:00+09:00,0197X0,5130.0,11617,2026-09-22T11:42:00+09:00,5105.0,OPPOSITE_SIGNAL,-0.577193,0.007407407407407408,False,2,,False,7,1.0,False,0,False,True,24.0,,,,,"[('2026-09-22T11:42:00+09:00', 5105.0, 1.0, 'OPPOSITE_SIGNAL', -0.5772)]",False,-0.6744639376218324,False,False,1913000.0,1916283.832933525,1913480.8782766694,-19.62768476177007,,,,False,False,,,,,,,,2026-09-22T11:19:00+09:00
20260922,3,AFTERNOON,DOWN_BLUE,11635,8,2026-09-22T12:15:00+09:00,0197X0,5100.0,11636,2026-09-22T13:19:00+09:00,5310.0,TIME_WINDOW_AFTERNOON_TP,4.025882,4.025882352941176,False,2,,False,21,1.0,False,0,False,True,64.0,,,,,"[('2026-09-22T13:19:00+09:00', np.float64(5310.0), 1.0, 'TIME_WINDOW_AFTERNOON_TP', 4.0259)]",False,0.0,False,False,1917000.0,1917267.1617275677,1915525.223629377,60.19495390285738,,,,False,False,,,,,,,,2026-09-22T13:19:00+09:00
