date,flag,dec,dir,score,premarket,base_taken,released,rel_at,price,+3m,+6m,+9m,+15m,+30m,+60m,MFE,MAE
20260528,10:24,10:30,B,-1,UP_RED,False,False,,15990.0,-0.3439649781113196,0.7504690431519699,1.657285803627267,1.7823639774859286,0.06253908692933083,-0.15634771732332708,2.5015634771732334,-1.0318949343339587
20260529,09:36,09:42,B,-3,UP_RED,True,False,,14515.0,0.6544953496383052,0.7578367206338271,1.4467791939373063,1.9290389252497417,1.756803306923872,2.3079572855666552,3.720289355838787,-0.2755769893213917
20260602,10:15,10:21,R,-3,DOWN_BLUE,True,False,,29815.0,-1.3080664095254066,-0.18447090390742915,1.106825423444575,-0.23478115042763711,-2.733523394264632,-2.21365084688915,1.3751467382190175,-5.685057856783498
20260605,09:39,09:45,R,-3,DOWN_BLUE,True,False,,24140.0,-1.0977630488815244,-0.2899751449875725,-1.4913007456503728,-2.2783761391880697,-1.9055509527754766,2.8169014084507045,5.695940347970174,-2.8583264291632147
20260608,10:27,10:33,B,-2,UP_RED,False,False,,19985.0,0.5754315736802602,-0.8506379784838629,-2.727045283962972,-2.001501125844383,-3.4525894420815613,-6.47985989492119,1.4010507880910683,-7.080310232674505
20260610,10:09,10:15,R,-2,DOWN_BLUE,True,False,,24270.0,-0.638648537288834,-1.380304903172641,-0.8240626287597858,-2.698805109188298,-2.595797280593325,-5.315203955500618,0.3296250515039143,-6.963329213020189
20260611,09:45,09:51,B,-2,UP_RED,False,False,,14750.0,-1.4576271186440677,-0.23728813559322032,-3.2203389830508473,-6.237288135593221,-4.542372881355932,-3.593220338983051,1.0169491525423728,-8.949152542372882
20260611,10:30,10:36,B,-2,UP_RED,False,False,,13960.0,-1.1103151862464185,0.17908309455587393,-0.10744985673352436,1.8624641833810889,3.8681948424068766,6.017191977077363,10.10028653295129,-1.683381088825215
20260615,09:51,09:57,B,-1,UP_RED,True,False,,11585.0,-0.43159257660768235,0.561070349589987,0.0,1.294777729823047,1.2084592145015105,4.40224428139836,4.574881312041433,-0.5179110919292188
20260616,10:30,10:36,R,-2,DOWN_BLUE,True,False,,28450.0,0.5096660808435852,-0.1054481546572935,0.9666080843585236,0.05272407732864675,0.3163444639718805,0.45694200351493847,1.1072056239015817,-1.0017574692442883
20260617,09:36,09:42,B,-3,UP_RED,True,False,,10865.0,0.0,0.6902899217671422,0.8283479061205707,0.18407731247123793,-1.2885411872986654,-1.4265991716520938,1.2425218591808558,-3.359410952600092
20260617,10:42,10:48,B,-1,UP_RED,False,False,,10735.0,-0.5123428039124359,-0.6054960409874243,-0.6986492780624126,-0.6054960409874243,-0.8849557522123894,-0.4657661853749418,0.3260363297624593,-1.2575687005123428
20260618,09:45,09:51,B,-1,UP_RED,True,False,,8935.0,0.8953553441522105,1.119194180190263,0.5036373810856184,0.783435926133184,0.7274762171236709,0.0,2.6860660324566314,-1.119194180190263
20260619,10:33,10:39,B,-2,UP_RED,False,False,,7110.0,-0.07032348804500703,-0.14064697609001406,0.14064697609001406,1.4767932489451476,1.7580872011251758,0.6329113924050633,4.571026722925457,-0.6329113924050633
20260622,10:33,10:39,B,-2,UP_RED,False,False,,6895.0,1.305293691080493,1.2327773749093547,0.8701957940536621,1.3778100072516315,0.8701957940536621,1.5953589557650472,3.1907179115300943,-0.8701957940536621
20260623,09:48,09:54,R,-3,DOWN_BLUE,False,False,,41935.0,-0.5007750089424109,0.16692500298080362,-1.0253964468820793,0.2980803624657208,-1.5857875283176344,-7.356623345653988,0.8346250149040181,-8.954334088470253
20260623,09:57,10:03,R,-1,DOWN_BLUE,False,False,,41505.0,0.7589447054571739,1.3371882905674015,0.6143838091796169,-0.7589447054571739,-4.577761715455969,-7.661727502710517,1.8792916516082399,-8.324298277315986
20260624,09:54,10:00,B,-2,UP_RED,True,False,,8065.0,0.9299442033477991,2.913825170489771,2.1078735275883447,1.921884686918785,-2.3558586484810915,-0.805951642901426,4.02975821450713,-3.223806571605704
20260625,09:45,09:51,B,-1,UP_RED,True,False,,11860.0,-0.21079258010118043,-0.12647554806070826,-0.2951096121416526,-0.7166947723440135,-1.6863406408094435,-2.993254637436762,0.08431703204047217,-3.0775716694772344
20260629,09:30,09:36,R,-1,DOWN_BLUE,True,False,,13000.0,-0.15384615384615385,-0.2692307692307692,-0.46153846153846156,-0.576923076923077,-1.3461538461538463,-2.769230769230769,0.07692307692307693,-2.8461538461538463
20260702,09:39,09:45,R,-1,DOWN_BLUE,True,False,,12850.0,-0.3501945525291829,-0.7003891050583658,-1.0894941634241244,-1.7120622568093387,-3.035019455252918,-5.291828793774319,0.07782101167315175,-5.408560311284047
20260707,09:45,09:51,R,-1,DOWN_BLUE,False,False,,12510.0,-0.2797761790567546,-0.5995203836930456,-0.8792965627498002,-1.4388489208633095,-3.037569944044764,-6.594724220623502,0.15987210231814547,-6.634692246203038
20260708,09:36,09:42,R,-1,DOWN_BLUE,True,False,,13160.0,-0.11398176291793312,-0.1899696048632219,-0.3799392097264438,-0.4179331306990881,-0.8358662613981762,-1.4817629179331306,0.1519756838905775,-1.5577507598784195
20260710,09:00,09:06,R,-1,DOWN_BLUE,True,False,,13200.0,-0.07575757575757576,-0.30303030303030304,-0.5303030303030304,-0.946969696969697,-1.9318181818181817,-3.6742424242424243,0.07575757575757576,-3.75
20260713,09:54,10:00,R,-1,DOWN_BLUE,False,False,,12105.0,-0.41305245766212306,-1.0326311441553075,-1.4043783560512184,-2.437009500206526,-4.874019000413052,-9.995869475423378,0.2891367203634862,-9.995869475423378
20260715,09:39,09:45,B,-3,UP_RED,True,False,,8635.0,-1.795020266357846,-1.447596988998263,-1.910828025477707,1.7371163867979156,2.3740590619571513,7.932831499710481,8.453966415749855,-2.1424435437174294
20260716,09:48,09:54,R,-1,DOWN_BLUE,False,False,,14630.0,1.1961722488038278,2.699931647300068,1.5721120984278878,-1.2987012987012987,-2.0164046479835953,1.7429938482570062,3.588516746411483,-3.2125768967874233
20260720,09:48,09:54,B,-1,UP_RED,True,False,,11510.0,-1.1294526498696786,0.3909643788010426,-2.041702867072111,-0.5647263249348393,-1.998262380538662,6.733275412684622,8.036490008688098,-2.6064291920069502
20260721,10:51,10:57,B,-2,UP_RED,False,False,,11455.0,-0.4364906154517678,-0.4364906154517678,1.1785246617197729,1.0475774770842428,0.4364906154517678,-1.7459624618070713,2.4443474465298998,-1.7459624618070713
20260722,09:39,09:45,B,-1,UP_RED,True,False,,9530.0,-1.2067156348373556,0.5246589716684155,-0.577124868835257,-0.3147953830010493,-3.4627492130115427,-2.36096537250787,0.5246589716684155,-3.830010493179433
20260727,10:18,10:24,B,-1,UP_RED,True,False,,12235.0,0.04086636697997548,0.0,0.04086636697997548,-0.04086636697997548,-0.2043318348998774,0.04086636697997548,0.2451982018798529,-0.4903964037597058
20260728,09:54,10:00,R,-1,DOWN_BLUE,False,False,,12645.0,-0.15816528272044286,-0.4744958481613286,-0.55357848952155,-1.0676156583629894,-2.2143139580862,-4.665875840253064,0.11862396204033215,-4.744958481613286
20260730,09:30,09:36,R,-1,DOWN_BLUE,True,False,,12970.0,-0.1927525057825752,-0.3855050115651504,-0.5782575173477255,-1.156515034695451,-2.120277563608327,-4.279105628373169,0.15420200462606012,-4.317656129529683
20260803,09:39,09:45,R,-3,DOWN_BLUE,True,False,,9655.0,-0.7250129466597618,2.071465561885034,2.4857586742620406,3.158984981874676,-1.8125323666494046,-2.848265147591921,3.8839979285344386,-3.9357845675815644
20260803,10:42,10:48,R,-2,DOWN_BLUE,False,False,,9545.0,-0.3143006809848088,0.9952854897852279,0.5238344683080147,2.357255107386066,1.9381875327396543,1.1000523834468308,3.457307490832897,-1.5715034049240442
20260804,10:18,10:24,R,-2,DOWN_BLUE,False,False,,8430.0,1.9572953736654803,2.372479240806643,3.084223013048636,3.558718861209965,9.66785290628707,3.202846975088968,10.676156583629894,-1.0083036773428233
20260805,09:39,09:45,B,-3,UP_RED,True,False,,8225.0,0.729483282674772,1.82370820668693,1.9452887537993921,3.708206686930091,2.370820668693009,0.364741641337386,4.5592705167173255,-0.48632218844984804
20260806,10:00,10:06,R,-1,DOWN_BLUE,False,False,,8500.0,0.5294117647058824,0.29411764705882354,0.17647058823529413,-1.1764705882352942,0.29411764705882354,0.1176470588235294,2.176470588235294,-2.235294117647059
20260807,09:57,10:03,R,-2,DOWN_BLUE,False,False,,7890.0,-0.6337135614702154,-1.7110266159695817,-2.4714828897338403,-5.323193916349809,-5.323193916349809,-4.435994930291509,1.2040557667934093,-7.604562737642586
20260807,10:51,10:57,R,-2,DOWN_BLUE,False,False,,7445.0,1.4775016789791806,1.2760241773002015,0.20147750167897915,2.0147750167897915,0.7387508394895903,1.4103425117528543,3.022162525184688,-0.6044325050369375
20260811,09:48,09:54,R,-3,DOWN_BLUE,True,False,,7060.0,-0.9915014164305949,-2.1246458923512748,-2.26628895184136,-0.7790368271954674,1.9830028328611897,3.5410764872521248,5.169971671388102,-2.8328611898017
20260812,10:24,10:30,B,-3,UP_RED,False,False,,10435.0,-0.33540967896502155,-1.1020603737422137,-1.7249640632486822,-2.635361763296598,-3.4978437949209393,-6.995687589841879,0.33540967896502155,-7.139434595112602
20260813,09:39,09:45,B,-2,UP_RED,True,False,,8415.0,-0.23767082590612004,-0.23767082590612004,-0.7130124777183601,-0.35650623885918004,-2.43612596553773,0.35650623885918004,1.1883541295306002,-2.7926322043969103
20260818,09:51,09:57,B,-3,UP_RED,True,False,,6975.0,0.5017921146953405,-0.6451612903225806,0.0,-0.7885304659498209,-1.7921146953405016,3.7275985663082443,5.448028673835125,-3.010752688172043
20260819,09:24,09:30,R,-1,DOWN_BLUE,True,False,,8250.0,0.5454545454545455,1.3939393939393938,0.6666666666666667,1.8181818181818181,2.0606060606060606,2.5454545454545454,5.696969696969697,-0.4242424242424243
20260820,10:21,10:27,B,-2,UP_RED,False,False,,7435.0,-0.8742434431741762,-1.546738399462004,-2.555480833893746,-4.236718224613315,-4.10221923335575,-2.555480833893746,1.3449899125756557,-6.1197041022192336
20260821,10:06,10:12,B,-2,UP_RED,True,False,,6510.0,-0.30721966205837176,-1.228878648233487,0.2304147465437788,0.38402457757296465,1.5360983102918586,0.7680491551459293,3.763440860215054,-1.228878648233487
20260821,10:27,10:33,B,-2,UP_RED,False,False,,6675.0,-0.0749063670411985,-1.2734082397003745,-0.9737827715355805,-0.37453183520599254,-0.37453183520599254,-2.1722846441947565,1.198501872659176,-2.6217228464419478
20260824,09:51,09:57,R,-1,DOWN_BLUE,True,False,,10960.0,-0.36496350364963503,-0.22810218978102187,-0.8211678832116789,0.5474452554744526,-1.1861313868613137,-5.702554744525547,1.0036496350364963,-5.930656934306569
20260825,09:27,09:33,R,-1,DOWN_BLUE,True,False,,8915.0,-1.5703869882220975,-1.6264722378014584,-1.4582164890633762,-0.5047672462142456,-1.4582164890633762,-0.16825574873808188,0.7291082445316881,-3.0286034772854737
20260827,10:24,10:30,R,-2,DOWN_BLUE,True,False,,10655.0,-0.18770530267480057,-0.14077897700610043,-0.7508212106992023,-0.9385265133740028,0.5161895823557016,1.0323791647114031,1.2200844673862037,-1.5485687470671048
20260827,10:48,10:54,R,-1,DOWN_BLUE,False,False,,10750.0,-0.18604651162790697,-0.37209302325581395,-0.37209302325581395,-0.046511627906976744,-0.23255813953488372,0.7441860465116279,1.3488372093023255,-0.7906976744186046
20260903,09:39,09:45,R,-2,DOWN_BLUE,False,False,,9225.0,0.10840108401084012,-0.05420054200542006,-0.6504065040650406,0.16260162601626016,1.1382113821138211,1.2466124661246614,2.4390243902439024,-0.7588075880758808
20260907,09:15,09:21,B,-1,UP_RED,True,False,,6480.0,-0.38580246913580246,-0.4629629629629629,-0.15432098765432098,0.6172839506172839,-0.15432098765432098,-1.0802469135802468,0.9259259259259258,-1.2345679012345678
20260908,09:03,09:09,B,-2,UP_RED,False,False,,5975.0,-1.506276150627615,-3.5146443514644354,-4.184100418410042,-3.933054393305439,-2.928870292887029,-4.351464435146443,1.3389121338912133,-6.359832635983263
20260908,10:06,10:12,B,-2,UP_RED,True,False,,5690.0,0.08787346221441124,0.9666080843585236,0.5272407732864675,0.4393673110720563,-0.8787346221441126,-0.7908611599297013,1.1423550087873462,-1.5817223198594026
20260909,10:33,10:39,B,-1,UP_RED,False,False,,5615.0,0.7123775601068566,1.068566340160285,1.5138023152270703,1.157613535173642,-0.44523597506678536,-2.404274265360641,1.8699910952804988,-2.6357969723953696
20260910,10:33,10:39,R,-2,DOWN_BLUE,False,False,,11595.0,0.5605864596808969,0.9486847779215178,0.4312203536006899,0.689952565761104,1.1211729193617939,2.889176369124623,2.889176369124623,-0.301854247520483
20260911,09:12,09:18,R,-1,DOWN_BLUE,True,False,,10920.0,0.9615384615384616,1.8772893772893773,1.465201465201465,1.1446886446886446,0.10989010989010989,-0.13736263736263737,2.152014652014652,-0.7326007326007326
20260914,09:24,09:30,R,-1,DOWN_BLUE,True,False,,10265.0,-0.8280565026790063,-1.2664393570384802,-1.169020944958597,-0.7793472966390648,-1.6561130053580126,-0.9254749147588894,0.24354603019970775,-3.507062834875792
20260915,09:03,09:09,B,-2,UP_RED,False,False,,6635.0,-0.45214770158251694,0.30143180105501133,-1.7332328560663148,-1.8085908063300677,-3.2403918613413714,-0.8289374529012812,0.30143180105501133,-3.2403918613413714
20260916,09:57,10:03,B,-2,UP_RED,False,False,,6460.0,0.30959752321981426,0.38699690402476783,0.0,0.6191950464396285,0.8513931888544891,0.30959752321981426,1.1609907120743035,-0.23219814241486067
20260918,09:00,09:06,B,-1,UP_RED,True,False,,5710.0,0.08756567425569177,-0.5253940455341506,-0.6129597197898424,-0.2626970227670753,-0.2626970227670753,-0.6129597197898424,0.7005253940455342,-1.0507880910683012
20260918,09:21,09:27,B,-2,UP_RED,False,False,,5655.0,0.08841732979664013,0.2652519893899204,0.707338638373121,0.8841732979664014,0.3536693191865605,0.9725906277630416,1.5030946065428823,-0.08841732979664013
20260921,09:51,09:57,R,-2,DOWN_BLUE,True,False,,12000.0,0.4166666666666667,0.2916666666666667,0.7083333333333333,0.7083333333333333,0.6,-0.25,1.1666666666666667,-0.5
20260921,10:36,10:42,B,-3,UP_RED,False,False,,5335.0,0.28116213683223995,0.4686035613870665,0.6560449859418931,0.937207122774133,0.7497656982193065,1.218369259606373,1.4058106841611997,-0.37488284910965325
20260921,10:45,10:51,B,-1,UP_RED,False,False,,5370.0,0.186219739292365,0.27932960893854747,0.0931098696461825,0.0931098696461825,0.4655493482309125,0.27932960893854747,0.74487895716946,-0.186219739292365
20260922,09:27,09:33,B,-2,UP_RED,False,False,,5015.0,0.0,0.09970089730807577,0.4985044865403789,0.9970089730807578,1.0967098703888334,2.0937188434695915,2.0937188434695915,-0.19940179461615154
