box_w,pos,brk_dist,out_bars,reentry,swing_new,ema_slope,gap_dir,day,t,score
0.544959128065395,1.2,0.10899182561307902,3.0,0.0,1.0,0.07708013975579159,5.284347793750769,20261002,2026-10-02 09:00:00+09:00,7.735857979723985
0.4915346805024577,1.7777777777777777,0.38230475150191157,8.0,0.0,1.0,0.2125651723871685,5.246433018523983,20261002,2026-10-02 09:03:00+09:00,5.530730321515787
0.6535947712418301,0.9166666666666666,-0.054466230936819175,6.0,1.0,1.0,0.25144948287478197,2.4554989033829897,20261002,2026-10-02 09:06:00+09:00,7.5849705753717815
0.7641921397379913,1.0714285714285714,0.05458515283842794,6.0,0.0,1.0,0.21693605730664922,0.5436994305044216,20261002,2026-10-02 09:09:00+09:00,5.953923932342284
1.146288209606987,0.7142857142857143,-0.32751091703056767,0.0,0.0,0.0,0.1413242827810199,1.0100574324141762,20261002,2026-10-02 09:12:00+09:00,19.064308859440168
1.1437908496732025,0.5238095238095238,-0.5446623093681917,0.0,0.0,0.0,0.06125800346755037,-1.5814835166738461,20261002,2026-10-02 09:15:00+09:00,18.67299118917693
1.1431682090364725,0.5238095238095238,-0.5443658138268916,0.0,0.0,0.0,-0.04012792389667515,3.511049938919687,20261002,2026-10-02 09:18:00+09:00,22.147426786148976
1.0331702011963024,0.6842105263157895,-0.3262642740619902,0.0,0.0,0.0,0.001503097632018188,3.873746114982381,20261002,2026-10-02 09:21:00+09:00,21.052938400030083
1.027027027027027,1.263157894736842,0.2702702702702703,1.0,0.0,1.0,0.10735183365968358,7.353603150282647,20261002,2026-10-02 09:24:00+09:00,9.386412831289624
1.029252437703142,1.0526315789473684,0.054171180931744306,4.0,0.0,1.0,0.21609105813175233,7.119318571272555,20261002,2026-10-02 09:27:00+09:00,8.471901485670875
1.0331702011963024,0.6842105263157895,-0.3262642740619902,4.0,1.0,1.0,0.23955281220882033,0.36173489031219247,20261002,2026-10-02 09:30:00+09:00,8.646054485808545
1.0303687635574839,0.9473684210526315,-0.05422993492407809,4.0,1.0,1.0,0.2019210363769868,-0.791394189167988,20261002,2026-10-02 09:33:00+09:00,7.8872340534445655
1.519262072707542,0.6071428571428571,-0.5968529571351058,0.0,0.0,0.0,0.06677727485995924,0.5995685212391516,20261002,2026-10-02 09:36:00+09:00,20.986608657516577
1.520912547528517,0.5357142857142857,-0.7061379684953829,0.0,0.0,0.0,0.03429845138389712,-0.9913043308941949,20261002,2026-10-02 09:39:00+09:00,20.53594295816649
1.5267175572519083,0.7142857142857143,-0.43620501635768816,0.0,0.0,1.0,0.01516022612808568,4.0364212744715156,20261002,2026-10-02 09:42:00+09:00,11.140359871295464
1.3071895424836601,0.75,-0.32679738562091504,0.0,0.0,1.0,0.0635235521263161,4.329608333324442,20261002,2026-10-02 09:45:00+09:00,10.56053611788419
1.3029315960912053,0.5,-0.6514657980456027,0.0,0.0,0.0,-0.08664740094891395,0.24344918966562176,20261002,2026-10-02 09:48:00+09:00,21.07925543239193
1.25,0.6086956521739131,-0.48913043478260876,0.0,0.0,1.0,0.042664260403348045,-1.7183081501176243,20261002,2026-10-02 09:51:00+09:00,8.884290705533257
1.13882863340564,0.5238095238095238,-0.5422993492407809,0.0,0.0,0.0,0.04104932211041491,1.8649782333379632,20261002,2026-10-02 09:54:00+09:00,20.756799103439164
1.136978884677856,0.6666666666666666,-0.3789929615592853,0.0,0.0,1.0,0.11943820482043653,3.592000438078563,20261002,2026-10-02 09:57:00+09:00,10.045973624925068
1.0834236186348862,0.6,-0.43336944745395445,0.0,0.0,1.0,0.1468380574948222,2.759710085805205,20261002,2026-10-02 10:00:00+09:00,9.754852009509657
1.0863661053775122,0.65,-0.38022813688212925,0.0,0.0,0.0,-0.1341693859328837,0.6838930158203254,20261002,2026-10-02 10:03:00+09:00,20.016926742932824
0.8700380641653072,0.6875,-0.27188689505165853,0.0,0.0,0.0,-0.05853336207182368,3.168213286848147,20261002,2026-10-02 10:06:00+09:00,20.25915218027832
0.8165487207403375,0.8,-0.16330974414806748,0.0,0.0,1.0,0.06109123211502309,3.5213339756012947,20261002,2026-10-02 10:09:00+09:00,9.26153397664085
0.8161044613710555,0.7333333333333333,-0.2176278563656148,0.0,0.0,1.0,0.12294755981908502,2.504100810959544,20261002,2026-10-02 10:12:00+09:00,8.94126594914075
0.8130081300813009,0.7333333333333333,-0.21680216802168023,0.0,0.0,0.0,-0.07304570322554069,1.3970828882032034,20261002,2026-10-02 10:15:00+09:00,18.922053461472654
0.8134490238611713,0.6666666666666666,-0.27114967462039047,0.0,0.0,0.0,-0.008392034646282992,3.083662210599996,20261002,2026-10-02 10:18:00+09:00,19.87708318313614
0.8156606851549755,0.6666666666666666,-0.27188689505165853,0.0,0.0,0.0,-0.03873934434671634,0.1711236693757333,20261002,2026-10-02 10:21:00+09:00,18.332769332394502
0.7608695652173914,0.6428571428571429,-0.2717391304347826,0.0,0.0,0.0,-0.009914931965689428,1.508495293806732,20261002,2026-10-02 10:24:00+09:00,18.862754607143966
0.7072905331882481,0.8461538461538461,-0.1088139281828074,0.0,0.0,0.0,0.02916562333758145,1.2210184928530885,20261002,2026-10-02 10:27:00+09:00,17.751960659460224
0.7076755579749592,0.9230769230769231,-0.05443658138268917,0.0,0.0,0.0,0.08012373644963038,1.6608167981876734,20261002,2026-10-02 10:30:00+09:00,17.57608216097255
0.7096069868995634,1.3076923076923077,0.21834061135371177,1.0,0.0,1.0,0.09776830200875315,2.8849516809281757,20261002,2026-10-02 10:33:00+09:00,7.69817248729973
0.7096069868995634,1.3076923076923077,0.21834061135371177,4.0,0.0,1.0,0.1453613749168931,3.1290773575320445,20261002,2026-10-02 10:36:00+09:00,6.807003018151748
0.7103825136612022,1.4615384615384615,0.32786885245901637,7.0,0.0,1.0,0.20675401281915945,2.0473998133357494,20261002,2026-10-02 10:39:00+09:00,5.5546973001124105
0.5997818974918212,1.0,0.0,7.0,1.0,1.0,0.1899833969719875,-0.16714483033380445,20261002,2026-10-02 10:42:00+09:00,6.591633926492828
0.7098007098007098,1.0384615384615385,0.027300027300027303,5.0,0.0,1.0,0.17320888853063535,-1.4036364977011069,20261002,2026-10-02 10:45:00+09:00,5.8406688940032
0.9814612868047983,0.6111111111111112,-0.38167938931297707,0.0,0.0,0.0,0.10253010371061612,-1.6089931321253588,20261002,2026-10-02 10:48:00+09:00,17.590657388144646
0.9803921568627451,0.5,-0.49019607843137253,0.0,0.0,0.0,-0.06330728440845795,3.2421168213096943,20261002,2026-10-02 10:51:00+09:00,21.487627387876707
0.9787928221859705,0.6666666666666666,-0.3262642740619902,0.0,0.0,1.0,0.0188549352992481,4.281479497759719,20261002,2026-10-02 10:54:00+09:00,10.182053488781767
0.9777294948397609,0.7777777777777778,-0.21727322107550243,0.0,0.0,1.0,0.08101073120417031,4.714701223694952,20261002,2026-10-02 10:57:00+09:00,9.939134983837913
0.8686210640608035,0.9375,-0.05428881650380022,0.0,0.0,1.0,0.13628863558252435,4.043778666488173,20261002,2026-10-02 11:00:00+09:00,9.0947697280662
0.8143322475570033,1.0,0.0,0.0,0.0,1.0,0.1419764046758478,2.7080174819384677,20261002,2026-10-02 11:03:00+09:00,8.494300808946612
0.7063298016843249,1.0384615384615385,0.027166530834012496,9.0,0.0,1.0,0.1394046809466865,0.8452537803324253,20261002,2026-10-02 11:06:00+09:00,5.4075294540526935
0.8147745790331342,0.9333333333333333,-0.05431830526887561,0.0,1.0,1.0,0.10948817033935561,-0.21461352848793044,20261002,2026-10-02 11:09:00+09:00,9.30385063738711
0.8161044613710555,0.7333333333333333,-0.2176278563656148,0.0,1.0,1.0,0.05610627521245444,-1.4093546068960847,20261002,2026-10-02 11:12:00+09:00,9.416732812605469
0.9254218835057159,0.5882352941176471,-0.38105606967882416,0.0,0.0,0.0,-0.008898180843807228,-2.622724739158088,20261002,2026-10-02 11:15:00+09:00,17.33973836216874
0.9239130434782609,0.7647058823529411,-0.21739130434782608,0.0,0.0,0.0,-0.016923764406857788,-1.1693695106766204,20261002,2026-10-02 11:18:00+09:00,17.541132932555907
0.8147745790331342,0.8,-0.16295491580662683,0.0,0.0,0.0,0.008146239409739447,0.48585858352802885,20261002,2026-10-02 11:21:00+09:00,17.893818434300343
0.7076755579749592,0.5384615384615384,-0.32661948829613496,0.0,0.0,0.0,-0.010771855434327285,0.939949779921145,20261002,2026-10-02 11:24:00+09:00,18.682263157726048
0.5991285403050108,0.7272727272727273,-0.16339869281045752,0.0,0.0,1.0,0.021898160072167563,2.4878787617392395,20261002,2026-10-02 11:27:00+09:00,8.770346436832861
0.5997818974918212,0.9090909090909091,-0.05452562704471102,0.0,0.0,1.0,0.0837198356059969,2.6360875100513264,20261002,2026-10-02 11:30:00+09:00,8.42385338084297
0.43620501635768816,1.25,0.10905125408942204,7.0,0.0,1.0,0.11470519414941796,2.2361628927924513,20261002,2026-10-02 11:33:00+09:00,5.739322336551844
0.5446623093681917,0.8,-0.10893246187363835,1.0,1.0,1.0,0.08945400646075095,0.4658300038239082,20261002,2026-10-02 11:36:00+09:00,8.974663490600499
0.544959128065395,0.9,-0.05449591280653951,1.0,1.0,1.0,0.06252504095416744,-0.3303703817441242,20261002,2026-10-02 11:39:00+09:00,8.64737517559111
0.5994550408719346,0.8181818181818182,-0.10899182561307902,0.0,0.0,0.0,0.03956123622197769,-0.12705466452356873,20261002,2026-10-02 11:42:00+09:00,16.766872174283293
0.544069640914037,0.5,-0.2720348204570185,0.0,0.0,1.0,-0.023017674954445937,1.39187662516284,20261002,2026-10-02 11:45:00+09:00,8.766491654228034
0.48939641109298526,0.6666666666666666,-0.1631321370309951,0.0,0.0,1.0,0.0011290117047419198,2.4645624081520228,20261002,2026-10-02 11:48:00+09:00,8.697495421429064
0.48886474741988045,0.8888888888888888,-0.05431830526887561,0.0,0.0,1.0,0.05747952375310336,2.6595246947247224,20261002,2026-10-02 11:51:00+09:00,8.344898465424443
0.48886474741988045,0.8888888888888888,-0.05431830526887561,0.0,0.0,1.0,0.10680110487139174,2.2925368060259577,20261002,2026-10-02 11:54:00+09:00,8.148129279735619
0.48886474741988045,0.8888888888888888,-0.05431830526887561,0.0,0.0,1.0,0.1036217967079209,1.239017503055924,20261002,2026-10-02 11:57:00+09:00,7.866038701240798
0.4885993485342019,1.0,0.0,0.0,0.0,1.0,0.10472414526572309,0.8470769467431787,20261002,2026-10-02 12:00:00+09:00,7.62333844464656
0.43360433604336046,1.5,0.21680216802168023,6.0,0.0,1.0,0.11011357639286526,1.5794618250008337,20261002,2026-10-02 12:03:00+09:00,5.625244789084627
0.4879371103280022,1.2777777777777777,0.13553808620222282,6.0,0.0,1.0,0.13632186703211238,1.419763834319558,20261002,2026-10-02 12:06:00+09:00,5.793959117340308
0.4878048780487805,1.3333333333333333,0.16260162601626016,9.0,0.0,1.0,0.1480952747259352,0.3583131545124617,20261002,2026-10-02 12:09:00+09:00,4.8784620558289715
0.5958829902491874,1.1818181818181819,0.10834236186348861,10.0,0.0,1.0,0.1448157710621193,0.17082280008259573,20261002,2026-10-02 12:12:00+09:00,4.845996006944406
0.6497022198159177,1.0833333333333333,0.05414185165132648,1.0,0.0,1.0,0.12581436386648073,0.1944440651650552,20261002,2026-10-02 12:15:00+09:00,7.208724968813636
0.6500541711809318,1.0,0.0,3.0,1.0,1.0,0.1154308794752126,-0.5154157286844596,20261002,2026-10-02 12:18:00+09:00,7.846108295921839
0.7042253521126761,0.9230769230769231,-0.054171180931744306,1.0,1.0,1.0,0.1033455753188824,-1.3011445108256037,20261002,2026-10-02 12:21:00+09:00,8.488307386549168
0.676773145641581,1.0,0.0,1.0,1.0,1.0,0.09082332179090866,-1.0525120896680482,20261002,2026-10-02 12:24:00+09:00,8.425083504080593
0.5414185165132648,0.9,-0.05414185165132648,0.0,0.0,0.0,0.07239702200052785,-0.8586139533867572,20261002,2026-10-02 12:27:00+09:00,15.919812705365972
0.5417118093174431,0.8,-0.10834236186348861,0.0,0.0,0.0,0.06606066884682464,-1.398586686253479,20261002,2026-10-02 12:30:00+09:00,15.91412156338725
0.4878048780487805,0.6666666666666666,-0.16260162601626016,0.0,0.0,0.0,0.04725226539646485,-2.0217624960477445,20261002,2026-10-02 12:33:00+09:00,15.824992481148032
0.48727666486193827,0.8888888888888888,-0.05414185165132648,0.0,0.0,0.0,0.03159664995680549,-1.2737657267061882,20261002,2026-10-02 12:36:00+09:00,15.737562203380868
0.37919826652221017,0.7142857142857143,-0.10834236186348861,0.0,0.0,0.0,0.010368868822982597,-0.7439615564468526,20261002,2026-10-02 12:39:00+09:00,16.155865528465096
0.27114967462039047,0.8,-0.05422993492407809,0.0,0.0,1.0,0.009926947069312941,1.7595261738740866,20261002,2026-10-02 12:42:00+09:00,7.9608236995827175
0.27114967462039047,0.8,-0.05422993492407809,1.0,1.0,1.0,0.03289752977983794,1.9555590096481505,20261002,2026-10-02 12:45:00+09:00,9.07982415900446
0.27159152634437805,1.4,0.10863661053775121,2.0,0.0,1.0,0.04178314760206813,2.3196368348467917,20261002,2026-10-02 12:48:00+09:00,6.879738427735964
0.2714440825190011,1.2,0.05428881650380022,5.0,0.0,1.0,0.07125581799232503,2.065037159375576,20261002,2026-10-02 12:51:00+09:00,6.157611579564382
0.32537960954446854,0.6666666666666666,-0.10845986984815618,3.0,1.0,1.0,0.04477331186909887,0.049517115416226484,20261002,2026-10-02 12:54:00+09:00,8.067693876596222
0.32537960954446854,0.6666666666666666,-0.10845986984815618,3.0,1.0,1.0,0.04521256418754256,-0.8851083953304946,20261002,2026-10-02 12:57:00+09:00,7.813351029783814
0.4885993485342019,0.6666666666666666,-0.16286644951140067,0.0,0.0,0.0,0.01470650172888187,-0.054452754475927484,20261002,2026-10-02 13:00:00+09:00,16.939204813327507
0.4878048780487805,0.6666666666666666,-0.16260162601626016,0.0,0.0,0.0,-0.0018660253354002467,0.582884745040112,20261002,2026-10-02 13:03:00+09:00,17.331584926623545
0.4875406283856988,0.7777777777777778,-0.10834236186348861,0.0,0.0,0.0,0.01541593454895871,1.9329832588440563,20261002,2026-10-02 13:06:00+09:00,17.716397793556872
0.48727666486193827,0.8888888888888888,-0.05414185165132648,0.0,0.0,1.0,0.046059540459902834,1.9939082136302098,20261002,2026-10-02 13:09:00+09:00,8.17709169497211
0.48727666486193827,0.8888888888888888,-0.05414185165132648,0.0,0.0,1.0,0.07248868455091298,1.586494503309182,20261002,2026-10-02 13:12:00+09:00,8.015205470956102
0.48833423765599565,0.5555555555555556,-0.2170374389582203,0.0,0.0,0.0,-0.05241862279021248,0.4805026170645644,20261002,2026-10-02 13:15:00+09:00,17.738024738553637
0.43383947939262474,0.625,-0.16268980477223427,0.0,0.0,0.0,0.008498132719443413,-1.4047251031580188,20261002,2026-10-02 13:18:00+09:00,16.190940400012266
0.4340748779164406,0.5,-0.2170374389582203,0.0,0.0,0.0,-0.033381883771668126,-0.8682887897004702,20261002,2026-10-02 13:21:00+09:00,16.89447160602477
0.43478260869565216,0.875,-0.05434782608695652,0.0,0.0,1.0,0.07964899205090858,1.867738186788716,20261002,2026-10-02 13:24:00+09:00,8.020531870292276
0.43360433604336046,0.75,-0.10840108401084012,0.0,0.0,0.0,-0.04747977610591037,-0.302824965812537,20261002,2026-10-02 13:27:00+09:00,16.66349783967247
0.43336944745395445,0.875,-0.054171180931744306,0.0,0.0,0.0,-0.016346756211809414,2.0845643006540757,20261002,2026-10-02 13:30:00+09:00,17.517238551730063
0.3252032520325203,0.6666666666666666,-0.10840108401084012,0.0,0.0,0.0,0.02411755748265385,1.4046901938612086,20261002,2026-10-02 13:33:00+09:00,17.147418306041377
0.3796095444685466,0.5714285714285714,-0.16268980477223427,0.0,0.0,1.0,0.044142196966627356,0.21596427278258662,20261002,2026-10-02 13:36:00+09:00,7.904063492645366
0.37919826652221017,0.8571428571428571,-0.054171180931744306,0.0,0.0,1.0,0.03810108086134116,0.4997348619410242,20261002,2026-10-02 13:39:00+09:00,7.670217575454936
0.37919826652221017,0.8571428571428571,-0.054171180931744306,0.0,0.0,1.0,0.029972113688808855,0.9990454576803145,20261002,2026-10-02 13:42:00+09:00,7.817182093734415
0.3794037940379404,0.7142857142857143,-0.10840108401084012,0.0,0.0,1.0,0.03331000241042092,0.22214303821422632,20261002,2026-10-02 13:45:00+09:00,7.764258807923302
0.3796095444685466,0.5714285714285714,-0.16268980477223427,0.0,0.0,1.0,0.016139172407830794,-0.6240147224426515,20261002,2026-10-02 13:48:00+09:00,7.730110231989952
0.3798155181768855,0.5714285714285714,-0.16277807921866522,0.0,0.0,0.0,-0.004110428543846773,1.1219127928454764,20261002,2026-10-02 13:51:00+09:00,17.488625629652265
0.3798155181768855,0.5714285714285714,-0.16277807921866522,0.0,0.0,0.0,-0.004110428543846773,1.1219127928454764,20261002,2026-10-02 13:54:00+09:00,17.488625629652265
0.3798155181768855,0.5714285714285714,-0.16277807921866522,0.0,0.0,0.0,-0.004110428543846773,1.1219127928454764,20261002,2026-10-02 13:57:00+09:00,17.488625629652265
0.3798155181768855,0.5714285714285714,-0.16277807921866522,0.0,0.0,0.0,-0.004110428543846773,1.1219127928454764,20261002,2026-10-02 14:00:00+09:00,17.488625629652265
0.3798155181768855,0.5714285714285714,-0.16277807921866522,0.0,0.0,0.0,-0.004110428543846773,1.1219127928454764,20261002,2026-10-02 14:03:00+09:00,17.488625629652265
0.3798155181768855,0.5714285714285714,-0.16277807921866522,0.0,0.0,0.0,-0.004110428543846773,1.1219127928454764,20261002,2026-10-02 14:06:00+09:00,17.488625629652265
0.3798155181768855,0.5714285714285714,-0.16277807921866522,0.0,0.0,0.0,-0.004110428543846773,1.1219127928454764,20261002,2026-10-02 14:09:00+09:00,17.488625629652265
0.3798155181768855,0.5714285714285714,-0.16277807921866522,0.0,0.0,0.0,-0.004110428543846773,1.1219127928454764,20261002,2026-10-02 14:12:00+09:00,17.488625629652265
0.3798155181768855,0.5714285714285714,-0.16277807921866522,0.0,0.0,0.0,-0.004110428543846773,1.1219127928454764,20261002,2026-10-02 14:15:00+09:00,17.488625629652265
0.3798155181768855,0.5714285714285714,-0.16277807921866522,0.0,0.0,0.0,-0.004110428543846773,1.1219127928454764,20261002,2026-10-02 14:18:00+09:00,17.488625629652265
0.3798155181768855,0.5714285714285714,-0.16277807921866522,0.0,0.0,0.0,-0.004110428543846773,1.1219127928454764,20261002,2026-10-02 14:21:00+09:00,17.488625629652265
0.3798155181768855,0.5714285714285714,-0.16277807921866522,0.0,0.0,0.0,-0.004110428543846773,1.1219127928454764,20261002,2026-10-02 14:24:00+09:00,17.488625629652265
0.3798155181768855,0.5714285714285714,-0.16277807921866522,0.0,0.0,0.0,-0.004110428543846773,1.1219127928454764,20261002,2026-10-02 14:27:00+09:00,17.488625629652265
0.3798155181768855,0.5714285714285714,-0.16277807921866522,0.0,0.0,0.0,-0.004110428543846773,1.1219127928454764,20261002,2026-10-02 14:30:00+09:00,17.488625629652265
0.3798155181768855,0.5714285714285714,-0.16277807921866522,0.0,0.0,0.0,-0.004110428543846773,1.1219127928454764,20261002,2026-10-02 14:33:00+09:00,17.488625629652265
0.3798155181768855,0.5714285714285714,-0.16277807921866522,0.0,0.0,0.0,-0.004110428543846773,1.1219127928454764,20261002,2026-10-02 14:36:00+09:00,17.488625629652265
0.3798155181768855,0.5714285714285714,-0.16277807921866522,0.0,0.0,0.0,-0.004110428543846773,1.1219127928454764,20261002,2026-10-02 14:39:00+09:00,17.488625629652265
0.3798155181768855,0.5714285714285714,-0.16277807921866522,0.0,0.0,0.0,-0.004110428543846773,1.1219127928454764,20261002,2026-10-02 14:42:00+09:00,17.488625629652265
0.3798155181768855,0.5714285714285714,-0.16277807921866522,0.0,0.0,0.0,-0.004110428543846773,1.1219127928454764,20261002,2026-10-02 14:45:00+09:00,17.488625629652265
0.3798155181768855,0.5714285714285714,-0.16277807921866522,0.0,0.0,0.0,-0.004110428543846773,1.1219127928454764,20261002,2026-10-02 14:48:00+09:00,17.488625629652265
0.3798155181768855,0.5714285714285714,-0.16277807921866522,0.0,0.0,0.0,-0.004110428543846773,1.1219127928454764,20261002,2026-10-02 14:51:00+09:00,17.488625629652265
0.3798155181768855,0.5714285714285714,-0.16277807921866522,0.0,0.0,0.0,-0.004110428543846773,1.1219127928454764,20261002,2026-10-02 14:54:00+09:00,17.488625629652265
0.3798155181768855,0.5714285714285714,-0.16277807921866522,0.0,0.0,0.0,-0.004110428543846773,1.1219127928454764,20261002,2026-10-02 14:57:00+09:00,17.488625629652265
0.6207674943566591,0.6363636363636364,-0.2257336343115124,0.0,0.0,1.0,0.07158935575926141,-0.7630922006088512,20261001,2026-10-01 09:00:00+09:00,7.921720039080623
0.6282124500285551,2.5454545454545454,0.9708737864077669,3.0,0.0,1.0,0.23556830689736133,5.654931396232841,20261001,2026-10-01 09:03:00+09:00,6.001383793768775
0.511654349061967,2.2222222222222223,0.625355315520182,7.0,0.0,1.0,0.3266190468481315,7.508261184789906,20261001,2026-10-01 09:06:00+09:00,5.6464797040282635
0.5668934240362812,1.5,0.2834467120181406,9.0,0.0,1.0,0.3525191010211572,-1.1762552217648499,20261001,2026-10-01 09:09:00+09:00,4.314945276774079
1.2965050732807215,0.8260869565217391,-0.2254791431792559,0.0,0.0,1.0,-0.21113975484326683,7.263178413788483,20261001,2026-10-01 09:12:00+09:00,12.100157409372148
1.4664410603496898,0.8846153846153846,-0.1692047377326565,1.0,1.0,1.0,0.04676052152028295,8.56764522991023,20261001,2026-10-01 09:15:00+09:00,13.693536593831675
1.355166572557877,0.875,-0.16939582156973462,2.0,1.0,1.0,0.13348649279579924,4.619452534626665,20261001,2026-10-01 09:18:00+09:00,11.19136664523496
1.245753114382786,0.7272727272727273,-0.33975084937712347,4.0,1.0,1.0,0.1274841243455422,0.4458956164687372,20261001,2026-10-01 09:21:00+09:00,9.188063161642171
1.70261066969353,0.6,-0.681044267877412,0.0,0.0,0.0,0.02056524686558409,2.9425777383224965,20261001,2026-10-01 09:24:00+09:00,23.478584762700837
1.698754246885617,0.5333333333333333,-0.7927519818799547,0.0,0.0,0.0,-0.07483250684069132,-1.654246779013341,20261001,2026-10-01 09:27:00+09:00,21.320145030060846
1.698754246885617,0.5333333333333333,-0.7927519818799547,0.0,0.0,0.0,-0.07161985405167434,0.6801358240369285,20261001,2026-10-01 09:30:00+09:00,22.795282598132474
1.7123287671232876,0.9333333333333333,-0.1141552511415525,0.0,0.0,1.0,0.19038976413577494,4.434844224572207,20261001,2026-10-01 09:33:00+09:00,10.509088651107755
1.70261066969353,0.6,-0.681044267877412,0.0,0.0,1.0,0.20855329414065446,3.7404256229290973,20261001,2026-10-01 09:36:00+09:00,11.331058474222106
1.7016449234259785,0.5666666666666667,-0.737379466817924,0.0,0.0,1.0,0.22699930359880421,-2.3225263670774883,20261001,2026-10-01 09:39:00+09:00,9.316657335714108
1.694915254237288,0.6666666666666666,-0.5649717514124294,0.0,0.0,1.0,-0.07333402997272163,4.9047464796259,20261001,2026-10-01 09:42:00+09:00,12.255640823243242
1.6301292861157952,0.9655172413793104,-0.056211354693648116,0.0,0.0,1.0,0.16681512351069436,9.109333026160686,20261001,2026-10-01 09:45:00+09:00,12.03790224187007
1.6338028169014085,0.8275862068965517,-0.28169014084507044,0.0,0.0,1.0,0.29516430349449274,7.331797238005797,20261001,2026-10-01 09:48:00+09:00,11.51193489691232
1.6319639842431062,0.896551724137931,-0.16882386043894204,0.0,0.0,1.0,0.3426446911876984,3.261878082797574,20261001,2026-10-01 09:51:00+09:00,9.741753039745237
1.3498312710911136,1.125,0.1687289088863892,9.0,0.0,1.0,0.3298983577330541,2.2939313016766913,20261001,2026-10-01 09:54:00+09:00,5.892071850300404
1.6292134831460674,1.0,0.0,0.0,1.0,1.0,0.25381793802708724,1.5156856924787652,20261001,2026-10-01 09:57:00+09:00,10.727481576638285
1.6246498599439778,1.1724137931034482,0.2801120448179272,3.0,0.0,1.0,0.2803321784188846,2.323489192202929,20261001,2026-10-01 10:00:00+09:00,7.798786595510164
1.6219239373601788,1.2758620689655173,0.44742729306487694,6.0,0.0,1.0,0.32045703118748914,3.003847987410957,20261001,2026-10-01 10:03:00+09:00,6.786325288623946
1.6844469399213924,1.0,0.0,7.0,1.0,1.0,0.31087415663569645,-1.0780618310130683,20261001,2026-10-01 10:06:00+09:00,7.430324966102103
1.901565995525727,1.088235294117647,0.16778523489932887,5.0,0.0,1.0,0.2946573677089602,-2.2092666296411863,20261001,2026-10-01 10:09:00+09:00,6.573417008395047
2.072829131652661,0.918918918918919,-0.16806722689075632,0.0,1.0,1.0,0.22537026030201263,-1.438395240862835,20261001,2026-10-01 10:12:00+09:00,10.816082654528605
1.8477043673012319,0.9090909090909091,-0.16797312430011196,0.0,0.0,0.0,0.19060034553428734,-3.0762800202187495,20261001,2026-10-01 10:15:00+09:00,17.82840213089747
1.6882386043894204,0.6,-0.6752954417557682,0.0,0.0,0.0,0.10791597277787265,-6.165446671290651,20261001,2026-10-01 10:18:00+09:00,17.583264065653758
1.1229646266142617,0.6,-0.4491858506457047,0.0,0.0,0.0,0.016187016178514174,-6.7107320635705525,20261001,2026-10-01 10:21:00+09:00,15.765376200087928
0.8431703204047217,0.6666666666666666,-0.2810567734682406,0.0,0.0,1.0,0.05906710173087792,4.225019700119275,20261001,2026-10-01 10:24:00+09:00,9.795866007058413
0.7869589657110737,0.7142857142857143,-0.22484541877459246,0.0,0.0,1.0,0.07454549039959041,3.8852665166954354,20261001,2026-10-01 10:27:00+09:00,9.452194406483146
0.7882882882882882,0.9285714285714286,-0.05630630630630631,0.0,0.0,1.0,0.056362334583169645,3.8345258795109665,20261001,2026-10-01 10:30:00+09:00,9.088212975676933
0.7874015748031495,0.7857142857142857,-0.1687289088863892,0.0,0.0,1.0,0.07458192681783969,2.8676498162502004,20261001,2026-10-01 10:33:00+09:00,9.00750845168452
0.7299270072992701,0.6153846153846154,-0.2807411566535654,2.0,1.0,1.0,0.022701676276325237,-0.054055844832890186,20261001,2026-10-01 10:36:00+09:00,9.230205845424436
0.7319819819819819,1.0,0.0,3.0,1.0,1.0,0.04116593438824288,0.6161113730161618,20261001,2026-10-01 10:39:00+09:00,8.407517003921003
0.7900677200902935,1.2142857142857142,0.16930022573363432,3.0,0.0,1.0,0.05903508334317346,3.511326867308084,20261001,2026-10-01 10:42:00+09:00,7.538713061066946
0.7896221094190639,1.1428571428571428,0.1128031584884377,6.0,0.0,1.0,0.14501503511778857,2.954600979785663,20261001,2026-10-01 10:45:00+09:00,6.5169543762265745
0.847457627118644,1.2666666666666666,0.22598870056497175,8.0,0.0,1.0,0.18964384965651856,2.0649305845102117,20261001,2026-10-01 10:48:00+09:00,5.663520054005744
0.9029345372460496,1.0,0.0,4.0,1.0,1.0,0.18296570979004476,0.9988439348439364,20261001,2026-10-01 10:51:00+09:00,8.14753258378424
0.9887005649717515,1.0285714285714285,0.02824858757062147,6.0,0.0,1.0,0.15957081301904041,-0.11816581300424696,20261001,2026-10-01 10:54:00+09:00,6.16995072409233
0.8455467869222096,0.7333333333333333,-0.2254791431792559,0.0,1.0,1.0,0.12652352467407535,-1.5677614490293201,20261001,2026-10-01 10:57:00+09:00,9.271260132435076
0.9019165727170236,0.6875,-0.2818489289740699,0.0,0.0,0.0,0.07249323356015452,-3.1475443153504186,20261001,2026-10-01 11:00:00+09:00,16.378357684938333
0.8998875140607425,0.5625,-0.39370078740157477,0.0,0.0,1.0,0.007895335115526914,3.9902954062484364,20261001,2026-10-01 11:03:00+09:00,10.165971692068226
0.8988764044943821,0.6875,-0.2808988764044944,0.0,0.0,1.0,0.0930895239037718,5.043377855847283,20261001,2026-10-01 11:06:00+09:00,10.060793905660452
0.8998875140607425,0.5625,-0.39370078740157477,0.0,0.0,1.0,0.1298733035418864,3.300310136253538,20261001,2026-10-01 11:09:00+09:00,9.663735498003858
0.8998875140607425,0.5625,-0.39370078740157477,0.0,0.0,1.0,0.11350279505314442,1.3117527827949649,20261001,2026-10-01 11:12:00+09:00,9.072228068025947
0.843644544431946,0.6,-0.3374578177727784,0.0,0.0,1.0,0.08514374600264665,0.7098547498808222,20261001,2026-10-01 11:15:00+09:00,8.76973541372343
0.617630544637844,1.0909090909090908,0.05614823133071309,2.0,0.0,1.0,0.08568647718894364,1.3636511210679363,20261001,2026-10-01 11:18:00+09:00,7.231919210940204
0.6172839506172839,1.1818181818181819,0.11223344556677892,4.0,0.0,1.0,0.1033686828568087,2.0505571630828605,20261001,2026-10-01 11:21:00+09:00,6.6954350553616395
0.6155567991046447,1.6363636363636365,0.391717963066592,7.0,0.0,1.0,0.1531216067384142,3.0677352601276207,20261001,2026-10-01 11:24:00+09:00,5.594632774933873
0.727069351230425,1.4615384615384615,0.33557046979865773,5.0,0.0,1.0,0.22014941027646723,3.5251502164893815,20261001,2026-10-01 11:27:00+09:00,6.335431069519156
0.7246376811594203,1.9230769230769231,0.6688963210702341,8.0,0.0,1.0,0.2894450769823568,3.942858147743968,20261001,2026-10-01 11:30:00+09:00,5.113515654554024
0.8893829905503057,1.875,0.7782101167315175,10.0,0.0,1.0,0.38732991203714395,5.375446695114344,20261001,2026-10-01 11:33:00+09:00,4.923638632902611
1.1692650334075725,1.2380952380952381,0.27839643652561247,8.0,0.0,1.0,0.38966648220330274,2.760391210657656,20261001,2026-10-01 11:36:00+09:00,5.814943838179169
1.0044642857142858,1.0,0.0,8.0,1.0,1.0,0.346978192233064,-2.28846802163783,20261001,2026-10-01 11:39:00+09:00,6.062007435088874
1.3377926421404682,0.75,-0.33444816053511706,0.0,0.0,0.0,0.2624676667164153,-3.6035275630541093,20261001,2026-10-01 11:42:00+09:00,16.576089937840514
1.279910962715637,0.8695652173913043,-0.1669449081803005,0.0,0.0,0.0,0.19215085590336628,-1.7903991974985864,20261001,2026-10-01 11:45:00+09:00,17.109546095003132
1.282051282051282,0.7391304347826086,-0.33444816053511706,0.0,0.0,0.0,0.15475674078158266,-2.3823914926143868,20261001,2026-10-01 11:48:00+09:00,17.473543759125047
1.279910962715637,0.8695652173913043,-0.1669449081803005,0.0,0.0,0.0,0.1509641170940226,-2.655730780787591,20261001,2026-10-01 11:51:00+09:00,16.80299557815281
1.2791991101223583,0.9130434782608695,-0.11123470522803114,0.0,0.0,1.0,0.14866077579844467,-1.296457917085822,20261001,2026-10-01 11:54:00+09:00,8.169273959128239
1.1666666666666667,1.0,0.0,0.0,0.0,1.0,0.1651590643957089,-0.7559688731390503,20261001,2026-10-01 11:57:00+09:00,7.953315832365764
1.1111111111111112,1.0,0.0,2.0,1.0,1.0,0.18576700391897208,-0.7556844810434895,20261001,2026-10-01 12:00:00+09:00,8.5900045101852
0.8305647840531563,1.4,0.33222591362126247,5.0,0.0,1.0,0.21031034919497113,0.6790697512560595,20261001,2026-10-01 12:03:00+09:00,5.88754668583762
0.7186290768380321,1.6923076923076923,0.4975124378109453,8.0,0.0,1.0,0.25969885132555326,2.5745686161507244,20261001,2026-10-01 12:06:00+09:00,5.13242189259897
0.4983388704318937,1.5555555555555556,0.2768549280177187,7.0,0.0,1.0,0.280729856786602,0.4258173877555597,20261001,2026-10-01 12:09:00+09:00,4.965222141746961
0.5534034311012728,1.5,0.2767017155506364,10.0,0.0,1.0,0.2810431395636036,-1.6810508035867866,20261001,2026-10-01 12:12:00+09:00,4.131172023511806
0.8291873963515755,1.1333333333333333,0.11055831951354339,6.0,0.0,1.0,0.2539943440567927,-1.171605084030244,20261001,2026-10-01 12:15:00+09:00,5.543286363811773
0.9966777408637874,0.7777777777777778,-0.22148394241417496,0.0,1.0,1.0,0.2053309983882232,-2.2295793010141187,20261001,2026-10-01 12:18:00+09:00,9.08367470695548
0.9413067552602437,0.7647058823529411,-0.22148394241417496,0.0,1.0,1.0,0.17811740352603292,-3.499009745747261,20261001,2026-10-01 12:21:00+09:00,8.68848010676894
0.9433962264150944,0.5294117647058824,-0.4439511653718091,0.0,1.0,1.0,0.0904184016480615,-4.484243282104943,20261001,2026-10-01 12:24:00+09:00,9.027955262167678
0.9972299168975068,0.6666666666666666,-0.33240997229916897,0.0,0.0,0.0,0.018725698596934615,-3.792575258515537,20261001,2026-10-01 12:27:00+09:00,16.599066932196543
0.8869179600886918,0.5625,-0.3880266075388027,0.0,0.0,0.0,-0.007370013074031484,-2.096253710840432,20261001,2026-10-01 12:30:00+09:00,17.568903065293767
0.778642936596218,0.9285714285714286,-0.05561735261401557,0.0,0.0,1.0,0.04921723111660569,4.10536913392964,20261001,2026-10-01 12:33:00+09:00,9.171416816868945
0.6670372429127293,1.0,0.0,1.0,1.0,1.0,0.07617323765772684,4.40940070376211,20261001,2026-10-01 12:36:00+09:00,10.144311692912124
0.6655574043261231,0.6666666666666666,-0.22185246810870773,1.0,1.0,1.0,0.08772975750092141,0.7877370489778951,20261001,2026-10-01 12:39:00+09:00,9.509810085851294
0.6111111111111112,1.0,0.0,5.0,1.0,1.0,0.06291346490405784,-0.13691220641205493,20261001,2026-10-01 12:42:00+09:00,7.38068328229961
0.7760532150776054,0.5,-0.3880266075388027,0.0,0.0,0.0,-0.012705298196122995,0.743285224946798,20261001,2026-10-01 12:45:00+09:00,18.960590063180902
0.775623268698061,0.5714285714285714,-0.33240997229916897,0.0,0.0,1.0,0.04682479977863131,2.531252264591037,20261001,2026-10-01 12:48:00+09:00,9.32282360080277
0.7751937984496124,0.6428571428571429,-0.2768549280177187,0.0,0.0,1.0,0.06851331506244573,2.484691012900497,20261001,2026-10-01 12:51:00+09:00,9.133853299463741
0.7751937984496124,0.6428571428571429,-0.2768549280177187,0.0,0.0,1.0,0.1096920521853668,1.9943592127838916,20261001,2026-10-01 12:54:00+09:00,8.899736716086359
0.7198228128460686,0.6923076923076923,-0.22148394241417496,0.0,0.0,1.0,0.10699098012479076,1.2461606025437861,20261001,2026-10-01 12:57:00+09:00,8.50244435640108
0.5530973451327433,1.1,0.05530973451327434,3.0,0.0,1.0,0.10565948659285365,1.4312267414773783,20261001,2026-10-01 13:00:00+09:00,6.85216762097294
0.5518763796909493,1.5,0.27593818984547464,6.0,0.0,1.0,0.12638972792429434,2.8894880435815233,20261001,2026-10-01 13:03:00+09:00,5.934998639518224
0.6067291781577496,1.4545454545454546,0.27578599007170435,5.0,0.0,1.0,0.1624108354290829,3.304304630426321,20261001,2026-10-01 13:06:00+09:00,6.30212121483336
0.6077348066298343,1.1818181818181819,0.11049723756906078,8.0,0.0,1.0,0.17362449505500166,0.9263986592168144,20261001,2026-10-01 13:09:00+09:00,5.374570483153497
0.7166482910694598,1.3076923076923077,0.2205071664829107,9.0,0.0,1.0,0.1799073064427791,0.435432202954258,20261001,2026-10-01 13:12:00+09:00,5.017909451718876
0.8539944903581268,1.096774193548387,0.08264462809917356,2.0,0.0,1.0,0.15465419453006884,1.5062383952038148,20261001,2026-10-01 13:15:00+09:00,7.405160260369863
0.7743362831858407,0.5714285714285714,-0.33185840707964603,1.0,1.0,1.0,0.0971427819212351,-1.7857789323388553,20261001,2026-10-01 13:18:00+09:00,9.06475180894902
0.7739082365948038,0.6428571428571429,-0.2763957987838585,1.0,1.0,1.0,0.05484607432172992,-3.7628239470895295,20261001,2026-10-01 13:21:00+09:00,8.441055067169398
0.8287292817679558,0.6666666666666666,-0.2762430939226519,0.0,0.0,0.0,0.009258176635575188,-1.979171656132802,20261001,2026-10-01 13:24:00+09:00,17.03914732863794
0.6077348066298343,0.5454545454545454,-0.2762430939226519,0.0,0.0,0.0,-0.0153964543986798,-1.103971401593957,20261001,2026-10-01 13:27:00+09:00,17.20230371443985
0.5515719801434087,0.8,-0.11031439602868175,0.0,0.0,0.0,0.03478034823064184,0.21715986668327328,20261001,2026-10-01 13:30:00+09:00,16.871411253793458
0.5515719801434087,0.8,-0.11031439602868175,0.0,0.0,0.0,0.06682043393273898,1.0420722498934352,20261001,2026-10-01 13:33:00+09:00,17.190295566703785
0.4964147821290678,0.7777777777777778,-0.11031439602868175,0.0,0.0,1.0,0.098924277316679,0.4554898068231064,20261001,2026-10-01 13:36:00+09:00,7.813955212394548
0.44150110375275936,0.625,-0.16556291390728478,0.0,0.0,1.0,0.0819842238609564,-0.2822337488490203,20261001,2026-10-01 13:39:00+09:00,7.745920456794114
0.3867403314917127,0.7142857142857143,-0.11049723756906078,0.0,0.0,0.0,-0.035957832529450104,1.429338770448754,20261001,2026-10-01 13:42:00+09:00,17.469271388071235
0.38716814159292035,1.0,0.0,0.0,0.0,1.0,0.02137756037802834,2.418574310779204,20261001,2026-10-01 13:45:00+09:00,8.065727773166357
0.3867403314917127,0.7142857142857143,-0.11049723756906078,0.0,1.0,1.0,0.04850599151602509,1.481893340428057,20261001,2026-10-01 13:48:00+09:00,9.580151195444902
0.3863134657836645,0.5714285714285714,-0.16556291390728478,0.0,0.0,0.0,-0.02881422514159764,0.6096338767436391,20261001,2026-10-01 13:51:00+09:00,17.326980282770414
0.3861003861003861,0.7142857142857143,-0.11031439602868175,0.0,0.0,0.0,0.012967972600041754,1.5518821574991561,20261001,2026-10-01 13:54:00+09:00,17.355950225493878
0.441257584114727,0.75,-0.11031439602868175,0.0,0.0,0.0,0.051773190297806915,1.3711301340696171,20261001,2026-10-01 13:57:00+09:00,17.209869019676677
0.441257584114727,0.75,-0.11031439602868175,0.0,0.0,1.0,0.05792813797516545,0.8446431055773345,20261001,2026-10-01 14:00:00+09:00,7.942470128517484
0.4410143329658214,0.875,-0.05512679162072767,0.0,0.0,1.0,0.06312632067763076,0.8306728095863513,20261001,2026-10-01 14:03:00+09:00,7.779601780015103
0.43907793633369924,1.875,0.38419319429198684,2.0,0.0,1.0,0.11047461042960167,3.5841657473133783,20261001,2026-10-01 14:06:00+09:00,6.699093443946231
0.43811610076670315,2.375,0.6024096385542169,5.0,0.0,1.0,0.22754173552539522,6.160320176274477,20261001,2026-10-01 14:09:00+09:00,5.843241330480015
0.4388370817334065,2.0,0.4388370817334065,8.0,0.0,1.0,0.29808908923066363,3.603094932933082,20261001,2026-10-01 14:12:00+09:00,4.9249617825480865
0.6024096385542169,1.7272727272727273,0.43811610076670315,10.0,0.0,1.0,0.3321698684209072,1.4290048805615478,20261001,2026-10-01 14:15:00+09:00,4.395766115899192
1.1494252873563218,0.9523809523809523,-0.05473453749315819,0.0,0.0,0.0,0.2769065895961145,1.365522731067922,20261001,2026-10-01 14:18:00+09:00,17.799032958033163
1.148796498905908,1.0,0.0,0.0,1.0,1.0,0.23848468237672424,0.5258155237000098,20261001,2026-10-01 14:21:00+09:00,9.64563732861914
1.1475409836065573,1.0952380952380953,0.1092896174863388,3.0,0.0,1.0,0.24737695875486024,0.29008865454073857,20261001,2026-10-01 14:24:00+09:00,6.983259798579354
1.0382513661202186,1.105263157894737,0.1092896174863388,5.0,0.0,1.0,0.23016267367881657,-0.252978001555966,20261001,2026-10-01 14:27:00+09:00,6.226669342237
0.9836065573770493,1.0555555555555556,0.0546448087431694,5.0,0.0,1.0,0.20648498875580099,-1.3087248326611323,20261001,2026-10-01 14:30:00+09:00,6.054032161461837
1.038819026790596,0.9473684210526315,-0.054674685620557675,0.0,1.0,1.0,0.15425171155976836,-2.279998320496416,20261001,2026-10-01 14:33:00+09:00,8.895373448287861
1.0934937124111537,0.9,-0.10934937124111535,0.0,0.0,0.0,0.124496594679313,-2.791803831181945,20261001,2026-10-01 14:36:00+09:00,16.209503437716798
1.0393873085339167,0.8421052631578947,-0.16411378555798686,0.0,0.0,0.0,0.08938280436578049,-2.9845111983877755,20261001,2026-10-01 14:39:00+09:00,16.28950401687798
0.9857612267250823,0.7222222222222222,-0.2738225629791895,0.0,0.0,0.0,0.07200482899710987,-3.6599579926539003,20261001,2026-10-01 14:42:00+09:00,16.260444899155406
0.7115489874110563,0.6923076923076923,-0.21893814997263275,0.0,0.0,0.0,0.03830327950948141,-3.1901818663657595,20261001,2026-10-01 14:45:00+09:00,15.88354326860157
0.4934210526315789,0.7777777777777778,-0.10964912280701754,0.0,0.0,1.0,0.010054766604981412,3.0783547748381337,20261001,2026-10-01 14:48:00+09:00,8.715580174054587
0.49261083743842365,0.5555555555555556,-0.21893814997263275,0.0,0.0,0.0,-0.03692114867306823,-2.127563201244722,20261001,2026-10-01 14:51:00+09:00,16.33046807670252
0.38293216630196936,0.5714285714285714,-0.16411378555798686,0.0,0.0,0.0,0.004447621822635352,-0.008433437501838737,20261001,2026-10-01 14:54:00+09:00,16.871887772222067
0.43811610076670315,0.625,-0.16429353778751368,0.0,1.0,1.0,-0.016766313282074917,0.40887571191050354,20261001,2026-10-01 14:57:00+09:00,9.602248913097922
