box_pos,brk_fail,ext_atr,rev,persist,reentry,box_w,att,day,entry,flag,up,krw,net,rs,y_sl,y_run
0.9295154185022027,1.0,0.0,-0.8837825894829873,1.0,0.0,10.030932390631904,2.0,20260527,2026-05-27T09:09:00+09:00,2026-05-27T09:03:00+09:00,1,-131793.0,-1.265089732070864,TIME_WINDOW_STOP_LOSS,1,0
1.6333333333333333,1.0,5.353846153846154,-0.671286271113036,2.0,0.0,1.29926375054136,12.0,20260527,2026-05-27T11:21:00+09:00,2026-05-27T11:15:00+09:00,1,267460.0,2.1402433120397286,OPPOSITE_SIGNAL,0,0
0.7796610169491526,0.0,0.537037037037037,-0.06487889273356401,2.0,0.0,2.551903114186851,7.0,20260527,2026-05-27T13:57:00+09:00,2026-05-27T13:51:00+09:00,1,-98355.0,-1.4353092945233368,TIME_WINDOW_STOP_LOSS,1,0
0.7079646017699115,1.0,1.2083333333333333,-0.6021409455842998,1.0,0.0,5.04014272970562,5.0,20260528,2026-05-28T09:27:00+09:00,2026-05-28T09:21:00+09:00,1,417316.0,4.006528480496165,TIME_WINDOW_TP1_PARTIAL+TIME_WINDOW_TP2_FULL,0,1
0.8541666666666666,0.0,-1.0,-0.02200704225352113,2.0,0.0,2.112676056338028,3.0,20260528,2026-05-28T11:06:00+09:00,2026-05-28T11:00:00+09:00,1,-136848.0,-1.6405269423175823,TIME_WINDOW_STOP_LOSS,1,0
0.48148148148148145,0.0,1.966101694915254,-0.4249893752656183,0.0,0.0,2.2949426264343393,0.0,20260529,2026-05-29T09:42:00+09:00,2026-05-29T09:36:00+09:00,0,409142.0,3.923635535416742,TIME_WINDOW_TP1_PARTIAL+TIME_WINDOW_TP2_FULL,0,1
0.9333333333333333,1.0,0.0,-0.08661758336942399,1.0,0.0,0.64963187527068,2.0,20260529,2026-05-29T13:12:00+09:00,2026-05-29T13:06:00+09:00,0,-117546.0,-1.12603117263062,OPPOSITE_SIGNAL,0,0
0.875,2.0,0.9830508474576272,-0.3256621797655232,1.0,1.0,2.0842379504993485,3.0,20260601,2026-06-01T09:21:00+09:00,2026-06-01T09:15:00+09:00,0,-161259.0,-1.5446774821581748,TIME_WINDOW_STOP_LOSS,1,0
0.6938775510204082,0.0,0.7945205479452055,-0.4291845493562232,1.0,0.0,2.1030042918454934,3.0,20260601,2026-06-01T09:42:00+09:00,2026-06-01T09:36:00+09:00,1,450236.0,4.506115847558941,TIME_WINDOW_TP1_PARTIAL+C1_PEAK_PROTECTION_EXIT,0,0
0.6959459459459459,1.0,0.3438735177865613,0.0,1.0,0.0,6.265876375952582,5.0,20260602,2026-06-02T09:39:00+09:00,2026-06-02T09:33:00+09:00,1,-119404.0,-1.1467497600213592,TIME_WINDOW_STOP_LOSS,1,0
0.7397260273972602,1.0,0.6338797814207651,-0.34438226431338786,1.0,0.0,3.142488161859664,4.0,20260602,2026-06-02T09:54:00+09:00,2026-06-02T09:48:00+09:00,0,-83309.0,-0.6653712098703904,OPPOSITE_SIGNAL,0,0
1.2941176470588236,0.0,0.8787878787878788,-0.28297779712668697,1.0,0.0,1.480191554201132,4.0,20260602,2026-06-02T10:51:00+09:00,2026-06-02T10:45:00+09:00,0,-21336.0,-0.7164732430689877,OPPOSITE_SIGNAL,0,0
0.9180327868852459,3.0,-0.5272727272727273,0.08628127696289906,2.0,1.0,2.631578947368421,6.0,20260604,2026-06-04T09:39:00+09:00,2026-06-04T09:33:00+09:00,1,-231309.0,-2.2234066686147553,TIME_WINDOW_STOP_LOSS,1,0
0.8888888888888888,1.0,0.5576923076923077,-0.2404897245299519,1.0,0.0,1.9676432006996065,4.0,20260604,2026-06-04T09:57:00+09:00,2026-06-04T09:51:00+09:00,0,-272562.0,-2.1769553997378663,TIME_WINDOW_STOP_LOSS,1,0
0.9333333333333333,1.0,0.0,-0.10945709281961472,0.0,0.0,1.3134851138353765,1.0,20260604,2026-06-04T10:57:00+09:00,2026-06-04T10:51:00+09:00,0,-36315.0,-1.221678356966241,TIME_WINDOW_STOP_LOSS,1,0
0.603448275862069,1.0,1.109289617486339,-0.11837121212121213,1.0,0.0,2.746212121212121,1.0,20260605,2026-06-05T09:45:00+09:00,2026-06-05T09:39:00+09:00,1,-138033.0,-1.324368161165856,TIME_WINDOW_STOP_LOSS,1,0
0.8947368421052632,1.0,1.3316326530612246,-0.22704339051463168,1.0,1.0,2.875882946518668,3.0,20260608,2026-06-08T10:48:00+09:00,2026-06-08T10:42:00+09:00,1,326002.0,3.9108288507032247,TIME_WINDOW_TP1_PARTIAL+TIME_WINDOW_TP2_FULL,0,1
1.2424242424242424,0.0,2.0714285714285716,-0.6666666666666667,1.0,0.0,1.6923076923076923,6.0,20260608,2026-06-08T14:42:00+09:00,2026-06-08T14:36:00+09:00,0,144872.0,1.3914446592150602,FORCED_LIQUIDATION,0,0
1.16,1.0,0.19205298013245034,-0.09727626459143969,2.0,0.0,2.4319066147859925,6.0,20260609,2026-06-09T10:39:00+09:00,2026-06-09T10:33:00+09:00,1,75799.0,0.727499059421525,OPPOSITE_SIGNAL,0,0
1.3125,2.0,0.9666666666666666,-0.1936108422071636,2.0,0.0,0.7744433688286544,6.0,20260609,2026-06-09T12:12:00+09:00,2026-06-09T12:06:00+09:00,1,428391.0,4.111514209207912,TIME_WINDOW_AFTERNOON_TP,0,0
1.1818181818181819,1.0,0.87,-0.2938517179023508,2.0,0.0,1.9891500904159132,6.0,20260609,2026-06-09T14:39:00+09:00,2026-06-09T14:33:00+09:00,1,16749.0,0.18760206721819367,FORCED_LIQUIDATION,0,0
0.4838709677419355,0.0,1.0820895522388059,-0.3048780487804878,1.0,0.0,1.454033771106942,0.0,20260610,2026-06-10T10:15:00+09:00,2026-06-10T10:09:00+09:00,1,-156243.0,-1.4988200759755959,TIME_WINDOW_STOP_LOSS,1,0
0.9393939393939394,3.0,-0.24576271186440676,-0.04719207173194903,1.0,1.0,1.557338367154318,5.0,20260610,2026-06-10T10:57:00+09:00,2026-06-10T10:51:00+09:00,0,211001.0,1.6857793996336843,OPPOSITE_SIGNAL,0,0
0.8888888888888888,3.0,1.2608695652173914,-0.02390057361376673,2.0,1.0,1.2906309751434035,7.0,20260610,2026-06-10T12:39:00+09:00,2026-06-10T12:33:00+09:00,0,282691.0,4.126225354250717,TIME_WINDOW_AFTERNOON_TP,0,0
0.7469879518072289,0.0,-1.8756218905472637,0.8538422903063787,1.0,1.0,4.168759417378202,3.0,20260611,2026-06-11T09:09:00+09:00,2026-06-11T09:03:00+09:00,0,-476701.0,-4.572460932254438,TIME_WINDOW_STOP_LOSS,1,0
0.978494623655914,1.0,2.167259786476868,-1.7552413456850318,1.0,1.0,4.534373476352998,7.0,20260611,2026-06-11T09:21:00+09:00,2026-06-11T09:15:00+09:00,1,-270680.0,-2.164148436213268,TIME_WINDOW_STOP_LOSS,1,0
0.8888888888888888,1.0,-1.2747252747252746,0.26763990267639903,2.0,1.0,1.313868613138686,5.0,20260611,2026-06-11T12:18:00+09:00,2026-06-11T12:12:00+09:00,0,-87135.0,-1.2713607871975348,TIME_WINDOW_STOP_LOSS,1,0
0.46511627906976744,0.0,0.0,-0.13134851138353765,0.0,0.0,1.8826619964973728,1.0,20260612,2026-06-12T09:48:00+09:00,2026-06-12T09:42:00+09:00,0,209553.0,2.0095224395857305,TIME_WINDOW_TP1_PARTIAL+TIME_WINDOW_AFTER_TP1_STOP,0,0
2.08955223880597,0.0,-0.27444794952681384,-0.41484716157205237,1.0,0.0,2.925764192139738,1.0,20260615,2026-06-15T09:06:00+09:00,2026-06-15T09:00:00+09:00,1,216759.0,2.0825240969498413,OPPOSITE_SIGNAL,0,0
0.39285714285714285,1.0,-0.26605504587155965,0.2379922111639983,1.0,0.0,1.2115967113803547,2.0,20260615,2026-06-15T09:57:00+09:00,2026-06-15T09:51:00+09:00,0,415095.0,3.979195964580799,TIME_WINDOW_TP1_PARTIAL+TIME_WINDOW_TP2_FULL,0,1
1.2666666666666666,0.0,0.0,-0.08676789587852494,1.0,0.0,0.6507592190889371,2.0,20260615,2026-06-15T13:15:00+09:00,2026-06-15T13:09:00+09:00,1,-148518.0,-1.6665881164787073,TIME_WINDOW_STOP_LOSS,1,0
0.8571428571428571,2.0,1.3063063063063063,-0.3187420314492138,1.0,0.0,1.4874628134296641,3.0,20260616,2026-06-16T09:45:00+09:00,2026-06-16T09:39:00+09:00,0,414475.0,3.9731668049450457,TIME_WINDOW_TP1_PARTIAL+TIME_WINDOW_TP2_FULL,0,1
1.0408163265306123,1.0,0.725,-0.25673940949935814,2.0,0.0,2.0967051775780914,4.0,20260616,2026-06-16T10:36:00+09:00,2026-06-16T10:30:00+09:00,1,396942.0,3.807012832562868,TIME_WINDOW_TP1_PARTIAL+H50_MAX_HOLD_EXIT,0,0
1.1428571428571428,1.0,1.526315789473684,-0.12610340479192939,2.0,0.0,0.5884825556956704,5.0,20260616,2026-06-16T14:12:00+09:00,2026-06-16T14:06:00+09:00,1,-103156.0,-1.15488561531727,TIME_WINDOW_STOP_LOSS,1,0
1.0,3.0,0.3670886075949367,-0.08326394671107411,2.0,1.0,1.1240632805995003,5.0,20260617,2026-06-17T10:18:00+09:00,2026-06-17T10:12:00+09:00,1,85234.0,0.8184425643138147,H50_MAX_HOLD_EXIT,0,0
1.1,1.0,0.8529411764705882,-0.04144218814753419,1.0,0.0,0.4144218814753419,4.0,20260617,2026-06-17T12:51:00+09:00,2026-06-17T12:45:00+09:00,1,427771.0,4.107177919205623,TIME_WINDOW_AFTERNOON_TP,0,0
3.689655172413793,0.0,-0.8345323741007193,-0.7112648981161092,2.0,0.0,1.114955786236063,7.0,20260618,2026-06-18T09:06:00+09:00,2026-06-18T09:00:00+09:00,1,200233.0,1.9193194344596214,OPPOSITE_SIGNAL,0,0
0.3125,0.0,1.355140186915888,-0.30452988199467074,0.0,0.0,1.8271792919680243,0.0,20260618,2026-06-18T09:51:00+09:00,2026-06-18T09:45:00+09:00,0,172245.0,1.6517548906789414,TIME_WINDOW_TP1_PARTIAL+TIME_WINDOW_TRAILING_STOP,0,0
0.8148148148148148,1.0,0.9206349206349206,-0.03816793893129771,2.0,0.0,1.0305343511450382,5.0,20260618,2026-06-18T11:12:00+09:00,2026-06-18T11:06:00+09:00,1,302939.0,3.3968435511451243,H50_MAX_HOLD_EXIT,0,0
2.9056603773584904,0.0,1.226923076923077,-0.5988023952095809,1.0,0.0,1.8668545262416343,4.0,20260619,2026-06-19T09:06:00+09:00,2026-06-19T09:00:00+09:00,1,-160772.0,-1.545504183585579,TIME_WINDOW_STOP_LOSS,1,0
1.2083333333333333,0.0,2.533980582524272,-0.31217481789802287,1.0,0.0,1.664932362122789,10.0,20260619,2026-06-19T10:24:00+09:00,2026-06-19T10:18:00+09:00,1,-56768.0,-0.4543791866670189,OPPOSITE_SIGNAL,0,0
0.975609756097561,0.0,-0.29292929292929293,-0.017452006980802792,2.0,1.0,1.4310645724258289,2.0,20260619,2026-06-19T11:48:00+09:00,2026-06-19T11:42:00+09:00,1,-79550.0,-1.1624075498772202,TIME_WINDOW_STOP_LOSS,1,0
0.6470588235294118,0.0,1.1100478468899522,-0.3807106598984772,1.0,0.0,3.0819434372733863,3.0,20260622,2026-06-22T09:15:00+09:00,2026-06-22T09:09:00+09:00,0,-305959.0,-2.933389707983149,TIME_WINDOW_STOP_LOSS,1,0
1.1666666666666667,0.0,1.2020725388601037,-0.6951871657754011,1.0,0.0,2.3529411764705883,4.0,20260622,2026-06-22T09:30:00+09:00,2026-06-22T09:24:00+09:00,1,1017179.0,8.145023161586598,TIME_WINDOW_TP1_PARTIAL+TIME_WINDOW_TP2_FULL,0,1
1.5263157894736843,0.0,0.4084507042253521,-0.2397260273972603,1.0,0.0,0.6506849315068494,4.0,20260622,2026-06-22T12:21:00+09:00,2026-06-22T12:15:00+09:00,1,-198311.0,-2.89674897038191,TIME_WINDOW_STOP_LOSS,1,0
1.6285714285714286,4.0,4.578947368421053,-0.9577864490954239,2.0,0.0,1.241575026605179,11.0,20260623,2026-06-23T10:33:00+09:00,2026-06-23T10:27:00+09:00,0,458740.0,4.399012298324263,TIME_WINDOW_TP1_PARTIAL+OPPOSITE_SIGNAL,0,0
1.2363636363636363,2.0,4.142857142857143,-0.6282335550628234,2.0,0.0,2.0325203252032518,9.0,20260623,2026-06-23T12:30:00+09:00,2026-06-23T12:24:00+09:00,0,5805.0,0.05564723582780895,TIME_WINDOW_BREAKEVEN_STOP,0,0
0.890625,1.0,-0.9119496855345912,0.22213994816734545,2.0,1.0,2.3694927804516848,8.0,20260623,2026-06-23T13:27:00+09:00,2026-06-23T13:21:00+09:00,0,368276.0,4.1201511230744625,TIME_WINDOW_AFTERNOON_TP,0,0
0.40963855421686746,1.0,0.7474226804123711,-0.13113525665043088,1.0,0.0,3.109778943424504,3.0,20260624,2026-06-24T10:00:00+09:00,2026-06-24T09:54:00+09:00,0,419175.0,4.017914911360009,TIME_WINDOW_TP1_PARTIAL+TIME_WINDOW_TP2_FULL,0,1
1.0615384615384615,3.0,0.5370370370370371,-0.018811136192626032,2.0,0.0,2.4454477050413845,8.0,20260624,2026-06-24T10:39:00+09:00,2026-06-24T10:33:00+09:00,1,-179831.0,-1.7269390624279766,TIME_WINDOW_STOP_LOSS,1,0
1.1272727272727272,2.0,-0.5686274509803921,-0.28305701577031944,2.0,0.0,2.2240194096239385,7.0,20260624,2026-06-24T13:18:00+09:00,2026-06-24T13:12:00+09:00,0,-185704.0,-2.076919291558741,TIME_WINDOW_STOP_LOSS,1,0
15.571428571428571,1.0,0.5753968253968254,-0.12203626220362622,2.0,0.0,0.4881450488145049,8.0,20260625,2026-06-25T09:06:00+09:00,2026-06-25T09:00:00+09:00,1,222102.0,2.1290697362316284,OPPOSITE_SIGNAL,0,0
-0.12,0.0,-1.2608695652173914,0.08617718028266115,0.0,0.0,0.8617718028266115,0.0,20260625,2026-06-25T09:51:00+09:00,2026-06-25T09:45:00+09:00,0,-30484.0,-1.228264920674893,TIME_WINDOW_STOP_LOSS,1,0
1.6041666666666667,0.0,1.3302752293577982,-0.2638986629134412,1.0,0.0,1.688951442646024,4.0,20260626,2026-06-26T09:06:00+09:00,2026-06-26T09:00:00+09:00,0,848881.0,8.141220587036479,TIME_WINDOW_TP1_PARTIAL+TIME_WINDOW_TP2_FULL,0,1
0.0,0.0,-1.3181818181818181,0.09571209800918837,0.0,0.0,1.0719754977029097,0.0,20260629,2026-06-29T09:36:00+09:00,2026-06-29T09:30:00+09:00,1,-30579.0,-1.2346920234994851,TIME_WINDOW_STOP_LOSS,1,0
0.8064516129032258,0.0,3.2954545454545454,-0.17116774438950172,1.0,0.0,1.1791555724610117,4.0,20260630,2026-06-30T09:27:00+09:00,2026-06-30T09:21:00+09:00,1,846130.0,8.11273628549376,TIME_WINDOW_TP1_PARTIAL+TIME_WINDOW_TP2_FULL,0,1
0.65625,1.0,3.9545454545454546,-0.20786092214663643,1.0,0.0,1.2093726379440666,2.0,20260701,2026-07-01T09:21:00+09:00,2026-07-01T09:15:00+09:00,0,742614.0,7.118069933287324,TIME_WINDOW_TP1_PARTIAL+TIME_WINDOW_TP2_FULL,0,1
-0.06060606060606061,0.0,-6.214285714285714,0.25985275010827197,0.0,0.0,1.429190125595496,0.0,20260702,2026-07-02T09:45:00+09:00,2026-07-02T09:39:00+09:00,1,-35699.0,-1.44021914536535,TIME_WINDOW_STOP_LOSS,1,0
0.47368421052631576,0.0,0.8787878787878788,-0.24853140533212834,1.0,0.0,2.5756891098056935,1.0,20260703,2026-07-03T09:12:00+09:00,2026-07-03T09:06:00+09:00,1,409426.0,3.9248516291317848,TIME_WINDOW_TP1_PARTIAL+TIME_WINDOW_TP2_FULL,0,1
0.26582278481012656,0.0,0.4142857142857143,-0.12335526315789473,1.0,0.0,3.2483552631578947,0.0,20260706,2026-07-06T09:21:00+09:00,2026-07-06T09:15:00+09:00,0,408891.0,3.9206738836524724,TIME_WINDOW_TP1_PARTIAL+TIME_WINDOW_TP2_FULL,0,1
-0.1,0.0,-2.4166666666666665,0.09492168960607499,0.0,0.0,0.47460844803037494,0.0,20260708,2026-07-08T09:42:00+09:00,2026-07-08T09:36:00+09:00,1,-31199.0,-1.2610344047080126,TIME_WINDOW_STOP_LOSS,1,0
2.0833333333333335,0.0,-0.1400966183574879,0.15737410071942445,1.0,0.0,3.237410071942446,1.0,20260709,2026-07-09T09:06:00+09:00,2026-07-09T09:00:00+09:00,1,-32904.0,-1.3259775376890497,TIME_WINDOW_STOP_LOSS,1,0
1.103448275862069,0.0,0.0,-0.16018306636155605,2.0,0.0,1.3272311212814645,14.0,20260709,2026-07-09T09:54:00+09:00,2026-07-09T09:48:00+09:00,0,794941.0,6.347635070931104,TIME_WINDOW_TP1_PARTIAL+C1_PEAK_PROTECTION_EXIT,0,0
4.6521739130434785,2.0,0.0,0.17452006980802792,1.0,0.0,1.0034904013961605,3.0,20260710,2026-07-10T09:06:00+09:00,2026-07-10T09:00:00+09:00,1,-134545.0,-1.290259164249239,TIME_WINDOW_STOP_LOSS,1,0
1.1481481481481481,0.0,3.782608695652174,-0.15473032714412024,2.0,0.0,1.1936339522546418,13.0,20260710,2026-07-10T09:45:00+09:00,2026-07-10T09:39:00+09:00,0,684683.0,5.466967422548707,TIME_WINDOW_TP1_PARTIAL+C1_PEAK_PROTECTION_EXIT,0,0
0.27419354838709675,0.0,1.581818181818182,-0.27188689505165853,1.0,0.0,3.3713974986405653,1.0,20260714,2026-07-14T09:21:00+09:00,2026-07-14T09:15:00+09:00,1,407315.0,3.9017219917111814,TIME_WINDOW_TP1_PARTIAL+TIME_WINDOW_TP2_FULL,0,1
0.4647887323943662,0.0,0.4306930693069307,0.14150943396226415,1.0,0.0,3.349056603773585,0.0,20260715,2026-07-15T09:45:00+09:00,2026-07-15T09:39:00+09:00,0,-79417.0,-3.203486777352889,TIME_WINDOW_STOP_LOSS,1,0
1.0163934426229508,1.0,-0.9206349206349206,0.07032348804500703,2.0,0.0,2.8598218471636194,7.0,20260715,2026-07-15T11:18:00+09:00,2026-07-15T11:12:00+09:00,1,-188820.0,-1.507735107502583,TIME_WINDOW_STOP_LOSS,1,0
1.1666666666666667,0.0,-1.6111111111111112,0.023364485981308414,2.0,0.0,1.1214953271028036,9.0,20260715,2026-07-15T12:33:00+09:00,2026-07-15T12:27:00+09:00,1,74254.0,0.6225787289094475,TIME_WINDOW_PROFIT_LOCK_STOP,0,0
5.1395348837209305,0.0,-0.2701863354037267,0.1838235294117647,2.0,0.0,2.258403361344538,7.0,20260716,2026-07-16T09:06:00+09:00,2026-07-16T09:00:00+09:00,0,540752.0,5.182873529727491,TIME_WINDOW_TP1_PARTIAL+OPPOSITE_SIGNAL,0,0
1.3070175438596492,0.0,1.4804804804804803,-1.4822657490735838,2.0,0.0,6.034939121228163,4.0,20260720,2026-07-20T09:18:00+09:00,2026-07-20T09:12:00+09:00,1,-254790.0,-2.4429602015808913,TIME_WINDOW_STOP_LOSS,1,0
0.9101123595505618,1.0,1.6061538461538463,-0.7034632034632035,0.0,0.0,2.408008658008658,2.0,20260720,2026-07-20T09:54:00+09:00,2026-07-20T09:48:00+09:00,0,1186371.0,9.471891610296861,TIME_WINDOW_TP1_PARTIAL+TIME_WINDOW_TP2_FULL,0,1
1.53125,0.0,2.5677083333333335,-0.72484366117112,2.0,0.0,1.8192154633314381,6.0,20260720,2026-07-20T13:18:00+09:00,2026-07-20T13:12:00+09:00,0,-111096.0,-1.6194834813297154,TIME_WINDOW_STOP_LOSS,1,0
0.7714285714285715,2.0,0.5028901734104047,0.056561085972850686,1.0,1.0,1.9796380090497736,2.0,20260721,2026-07-21T09:21:00+09:00,2026-07-21T09:15:00+09:00,1,214043.0,2.0523650673261042,TIME_WINDOW_TP1_PARTIAL+TIME_WINDOW_AFTER_TP1_STOP,0,0
1.1153846153846154,0.0,-0.7341772151898734,-0.0273224043715847,2.0,0.0,1.4207650273224044,6.0,20260721,2026-07-21T11:48:00+09:00,2026-07-21T11:42:00+09:00,1,430515.0,4.128565078734891,TIME_WINDOW_AFTERNOON_TP,0,0
1.105263157894737,0.0,0.7945205479452055,-0.2575991756826378,1.0,0.0,0.9788768675940238,3.0,20260722,2026-07-22T13:39:00+09:00,2026-07-22T13:33:00+09:00,0,140445.0,1.3467266042870485,TIME_WINDOW_PROFIT_LOCK_STOP,0,0
0.9552238805970149,0.0,1.4077669902912622,-0.18267223382045927,1.0,1.0,1.7484342379958244,3.0,20260723,2026-07-23T10:27:00+09:00,2026-07-23T10:21:00+09:00,0,474933.0,4.554292426821375,TIME_WINDOW_TP1_PARTIAL+C1_PEAK_PROTECTION_EXIT,0,0
1.103448275862069,2.0,2.6363636363636362,-0.49530761209593327,1.0,0.0,1.5119916579770596,4.0,20260723,2026-07-23T13:24:00+09:00,2026-07-23T13:18:00+09:00,1,-94135.0,-0.902955432072831,TIME_WINDOW_STOP_LOSS,1,0
1.2413793103448276,1.0,1.4948453608247423,-0.05186721991701245,1.0,0.0,1.504149377593361,6.0,20260723,2026-07-23T14:33:00+09:00,2026-07-23T14:27:00+09:00,1,-137927.0,-1.5417590721299161,TIME_WINDOW_STOP_LOSS,1,0
1.5555555555555556,0.0,0.0,0.0,1.0,0.0,1.9845644983461963,1.0,20260727,2026-07-27T09:06:00+09:00,2026-07-27T09:00:00+09:00,1,12840.0,0.5192347353479965,OPPOSITE_SIGNAL,0,0
0.375,0.0,0.0,-0.0275178866263071,0.0,0.0,0.4402861860209136,0.0,20260727,2026-07-27T10:24:00+09:00,2026-07-27T10:18:00+09:00,0,845406.0,8.10629585468604,TIME_WINDOW_TP1_PARTIAL+TIME_WINDOW_TP2_FULL,0,1
4.818181818181818,0.0,0.16201117318435754,-0.18083182640144665,1.0,0.0,1.9891500904159132,3.0,20260728,2026-07-28T09:06:00+09:00,2026-07-28T09:00:00+09:00,0,417947.0,4.008334172504903,TIME_WINDOW_TP1_PARTIAL+OPPOSITE_SIGNAL,0,0
-0.06666666666666667,0.0,-4.142857142857143,0.18573551263001484,0.0,0.0,1.1144130757800892,0.0,20260730,2026-07-30T09:36:00+09:00,2026-07-30T09:30:00+09:00,1,-35514.0,-1.429186570137349,TIME_WINDOW_STOP_LOSS,1,0
9.35,1.0,0.0,0.11806375442739078,1.0,0.0,2.3612750885478158,2.0,20260731,2026-07-31T09:06:00+09:00,2026-07-31T09:00:00+09:00,1,-142415.0,-1.365215686631642,TIME_WINDOW_STOP_LOSS,1,0
1.2,0.0,4.35,-0.18007202881152462,2.0,0.0,1.2004801920768309,12.0,20260731,2026-07-31T09:48:00+09:00,2026-07-31T09:42:00+09:00,0,489537.0,3.9105068856065484,TIME_WINDOW_TP1_PARTIAL+TIME_WINDOW_TP2_FULL,0,1
0.7333333333333333,0.0,-0.9177215189873418,0.0,1.0,0.0,2.819548872180451,0.0,20260803,2026-08-03T09:45:00+09:00,2026-08-03T09:39:00+09:00,1,100291.0,4.039895025810519,TIME_WINDOW_TP1_PARTIAL+TIME_WINDOW_TP2_FULL,0,1
1.1521739130434783,1.0,2.3434343434343434,-0.7292327203551047,2.0,0.0,2.9169308814204187,8.0,20260803,2026-08-03T10:36:00+09:00,2026-08-03T10:30:00+09:00,0,-193078.0,-1.8502913989978922,TIME_WINDOW_STOP_LOSS,1,0
0.7368421052631579,0.0,-0.467741935483871,0.12618296529968456,1.0,1.0,1.1987381703470033,2.0,20260803,2026-08-03T13:06:00+09:00,2026-08-03T13:00:00+09:00,0,-159568.0,-1.6063752463904675,TIME_WINDOW_STOP_LOSS,1,0
2.238095238095238,1.0,0.7016129032258065,0.3729024238657551,1.0,0.0,1.305158483530143,2.0,20260804,2026-08-04T09:06:00+09:00,2026-08-04T09:00:00+09:00,1,-243751.0,-2.33760093599555,TIME_WINDOW_STOP_LOSS,1,0
0.9047619047619048,1.0,0.0,-0.13166556945358787,1.0,0.0,1.3824884792626728,2.0,20260804,2026-08-04T13:00:00+09:00,2026-08-04T12:54:00+09:00,0,-912.0,-0.007283696380074778,TIME_WINDOW_BREAKEVEN_STOP,0,0
0.782608695652174,1.0,1.6415094339622642,-0.16611295681063123,1.0,0.0,1.5282392026578073,3.0,20260804,2026-08-04T13:45:00+09:00,2026-08-04T13:39:00+09:00,0,-80055.0,-1.16832710532019,TIME_WINDOW_STOP_LOSS,1,0
0.36585365853658536,0.0,0.9354838709677419,-0.3855278766310795,0.0,0.0,2.431791221826809,0.0,20260805,2026-08-05T09:45:00+09:00,2026-08-05T09:39:00+09:00,0,192009.0,1.841511771935621,TIME_WINDOW_TP1_PARTIAL+TIME_WINDOW_AFTER_TP1_STOP,0,0
1.0,0.0,0.4202898550724638,-0.2080856123662307,2.0,1.0,2.080856123662307,7.0,20260805,2026-08-05T11:00:00+09:00,2026-08-05T10:54:00+09:00,1,-129845.0,-1.2441514962491964,TIME_WINDOW_STOP_LOSS,1,0
1.2,0.0,1.5535714285714286,-0.3541912632821724,1.0,0.0,1.1806375442739079,3.0,20260805,2026-08-05T13:45:00+09:00,2026-08-05T13:39:00+09:00,1,-130846.0,-1.4639948084496957,TIME_WINDOW_STOP_LOSS,1,0
3.161290322580645,1.0,-0.9560439560439561,0.7807620237351656,1.0,0.0,1.9362898188632107,3.0,20260806,2026-08-06T09:06:00+09:00,2026-08-06T09:00:00+09:00,0,854241.0,8.18795349327608,TIME_WINDOW_TP1_PARTIAL+TIME_WINDOW_TP2_FULL,0,1
1.0454545454545454,1.0,3.2222222222222223,-0.4596191726854892,2.0,0.0,1.4445173998686802,6.0,20260806,2026-08-06T12:09:00+09:00,2026-08-06T12:03:00+09:00,0,15200.0,0.1457725947521866,TIME_WINDOW_BREAKEVEN_STOP,0,0
1.0,2.0,-0.8055555555555555,0.09993337774816789,1.0,1.0,1.3324450366422385,6.0,20260806,2026-08-06T13:48:00+09:00,2026-08-06T13:42:00+09:00,0,-148155.0,-1.6572147651006712,TIME_WINDOW_STOP_LOSS,1,0
1.875,2.0,4.763285024154589,-1.0107597000326052,1.0,0.0,1.8258884903814803,4.0,20260807,2026-08-07T09:06:00+09:00,2026-08-07T09:00:00+09:00,1,-224601.0,-2.1533719391766217,TIME_WINDOW_STOP_LOSS,1,0
0.8688524590163934,0.0,0.6258992805755396,-0.23505708529214236,1.0,1.0,4.09670920080591,2.0,20260807,2026-08-07T09:24:00+09:00,2026-08-07T09:18:00+09:00,0,103378.0,1.0318638288697888,TIME_WINDOW_TP1_PARTIAL+TIME_WINDOW_TRAILING_STOP,0,0
1.121212121212121,0.0,1.3942307692307692,-0.7241379310344828,1.0,0.0,2.2758620689655173,2.0,20260807,2026-08-07T10:15:00+09:00,2026-08-07T10:09:00+09:00,0,89141.0,2.9901899121637374,TIME_WINDOW_TP1_PARTIAL+OPPOSITE_SIGNAL,0,0
1.0,1.0,2.0422535211267605,-0.4476584022038568,1.0,1.0,1.859504132231405,6.0,20260810,2026-08-10T10:54:00+09:00,2026-08-10T10:48:00+09:00,1,-190593.0,-1.8277673567556991,TIME_WINDOW_STOP_LOSS,1,0
0.5,0.0,-1.403225806451613,0.06944444444444445,1.0,0.0,2.083333333333333,0.0,20260810,2026-08-10T11:09:00+09:00,2026-08-10T11:03:00+09:00,0,83327.0,0.8318433885885705,EARLY_TAKE_PROFIT,0,0
1.0666666666666667,2.0,1.9333333333333331,-0.24407252440725244,2.0,0.0,1.0460251046025104,5.0,20260810,2026-08-10T12:30:00+09:00,2026-08-10T12:24:00+09:00,0,301707.0,3.224357494613727,H50_MAX_HOLD_EXIT,0,0
1.6,1.0,-4.28695652173913,0.5364806866952789,1.0,0.0,1.4306151645207439,2.0,20260811,2026-08-11T09:06:00+09:00,2026-08-11T09:00:00+09:00,0,118186.0,1.1325298318492274,OPPOSITE_SIGNAL,0,0
0.65,0.0,1.0116279069767442,-0.39568345323741005,0.0,0.0,1.4388489208633095,0.0,20260811,2026-08-11T09:54:00+09:00,2026-08-11T09:48:00+09:00,1,-200416.0,-1.9220961067234426,TIME_WINDOW_STOP_LOSS,1,0
1.1428571428571428,0.0,2.3513513513513513,-0.24647887323943662,2.0,0.0,0.9859154929577465,5.0,20260811,2026-08-11T11:51:00+09:00,2026-08-11T11:45:00+09:00,1,187668.0,2.098631239935588,H50_MAX_HOLD_EXIT,0,0
0.7368421052631579,1.0,1.0740740740740742,-0.41379310344827586,1.0,0.0,2.6206896551724137,3.0,20260812,2026-08-12T09:48:00+09:00,2026-08-12T09:42:00+09:00,0,-128805.0,-1.2348111186206698,TIME_WINDOW_STOP_LOSS,1,0
1.1764705882352942,1.0,0.0,-0.15451174289245984,2.0,0.0,1.0506798516687268,2.0,20260813,2026-08-13T12:00:00+09:00,2026-08-13T11:54:00+09:00,1,47736.0,0.5722567674973117,EARLY_TAKE_PROFIT,0,0
1.5,0.0,2.3835616438356166,-0.3426791277258567,1.0,0.0,0.4984423676012461,2.0,20260813,2026-08-13T14:24:00+09:00,2026-08-13T14:18:00+09:00,0,294910.0,2.827820437093916,FORCED_LIQUIDATION,0,0
0.5925925925925926,2.0,2.188679245283019,-0.41741204531902204,1.0,0.0,1.6100178890876566,4.0,20260814,2026-08-14T09:51:00+09:00,2026-08-14T09:45:00+09:00,0,431565.0,4.137838791453654,TIME_WINDOW_TP1_PARTIAL+TIME_WINDOW_TP2_FULL,0,1
0.8181818181818182,1.0,0.6170212765957447,0.09151921903599756,1.0,1.0,0.6711409395973155,2.0,20260814,2026-08-14T13:06:00+09:00,2026-08-14T13:00:00+09:00,0,-236996.0,-2.2715801358945433,TIME_WINDOW_STOP_LOSS,1,0
1.0,1.0,0.0,-0.06056935190793458,1.0,1.0,0.6662628709872804,1.0,20260814,2026-08-14T14:00:00+09:00,2026-08-14T13:54:00+09:00,0,16014.0,0.17916769924351042,TIME_WINDOW_BREAKEVEN_STOP,0,0
5.944444444444445,0.0,1.589041095890411,-0.658271322266743,1.0,0.0,1.030337721808815,3.0,20260818,2026-08-18T09:06:00+09:00,2026-08-18T09:00:00+09:00,1,260612.0,2.4973001461322855,TIME_WINDOW_TP1_PARTIAL+OPPOSITE_SIGNAL,0,0
0.5609756097560976,0.0,3.258426966292135,-0.6500847936687394,1.0,0.0,2.317693612210288,2.0,20260818,2026-08-18T09:57:00+09:00,2026-08-18T09:51:00+09:00,0,422500.0,4.051057709594295,TIME_WINDOW_TP1_PARTIAL+TIME_WINDOW_TP2_FULL,0,1
1.0731707317073171,2.0,0.30526315789473685,-0.06565988181221273,2.0,0.0,2.6920551543007223,9.0,20260819,2026-08-19T09:09:00+09:00,2026-08-19T09:03:00+09:00,0,77987.0,0.7474046121593292,OPPOSITE_SIGNAL,0,0
0.22641509433962265,0.0,1.0545454545454547,-0.42932628797886396,0.0,0.0,3.500660501981506,0.0,20260819,2026-08-19T09:30:00+09:00,2026-08-19T09:24:00+09:00,1,440645.0,4.224622258015033,TIME_WINDOW_TP1_PARTIAL+TIME_WINDOW_TP2_FULL,0,1
1.1764705882352942,0.0,1.2608695652173914,-0.3926701570680628,1.0,0.0,1.112565445026178,4.0,20260819,2026-08-19T11:09:00+09:00,2026-08-19T11:03:00+09:00,0,86737.0,0.9704236548108062,H50_MAX_HOLD_EXIT,0,0
1.16,0.0,1.432098765432099,-0.4750593824228029,1.0,0.0,1.4845605700712587,7.0,20260820,2026-08-20T10:42:00+09:00,2026-08-20T10:36:00+09:00,1,35499.0,0.34027253242744804,OPPOSITE_SIGNAL,0,0
1.0,1.0,0.935483870967742,-0.11841326228537595,2.0,1.0,1.2433392539964476,5.0,20260820,2026-08-20T12:21:00+09:00,2026-08-20T12:15:00+09:00,1,133395.0,1.2785234513376118,H50_MAX_HOLD_EXIT,0,0
0.6842105263157895,1.0,-1.4683544303797469,0.20734597156398105,2.0,1.0,1.1255924170616114,2.0,20260820,2026-08-20T14:39:00+09:00,2026-08-20T14:33:00+09:00,1,-80479.0,-0.8996696065405719,OPPOSITE_SIGNAL,0,0
1.1379310344827587,1.0,0.232,-0.528169014084507,1.0,0.0,1.7018779342723005,3.0,20260821,2026-08-21T09:09:00+09:00,2026-08-21T09:03:00+09:00,1,457700.0,4.386385242885182,TIME_WINDOW_TP1_PARTIAL+C1_PEAK_PROTECTION_EXIT,0,0
0.8108108108108109,2.0,0.31868131868131866,-0.33975084937712347,1.0,0.0,2.0951302378255945,5.0,20260821,2026-08-21T10:21:00+09:00,2026-08-21T10:15:00+09:00,1,-214052.0,-2.050801534470006,TIME_WINDOW_STOP_LOSS,1,0
0.6176470588235294,0.0,4.01063829787234,-0.9148084619782733,1.0,0.0,1.9439679817038307,2.0,20260821,2026-08-21T10:33:20+09:00,2026-08-21T10:27:00+09:00,0,-28229.0,-1.139299767934618,TIME_WINDOW_STOP_LOSS,1,0
1.0689655172413792,2.0,-1.2340425531914894,0.0,2.0,0.0,1.6505406943653957,5.0,20260824,2026-08-24T09:57:00+09:00,2026-08-24T09:51:00+09:00,1,-153874.0,-1.4744418045656011,TIME_WINDOW_STOP_LOSS,1,0
1.1666666666666667,1.0,2.32,-0.3157290470723306,1.0,0.0,1.377726750861079,7.0,20260824,2026-08-24T10:39:00+09:00,2026-08-24T10:33:00+09:00,0,288869.0,2.308559409028483,TIME_WINDOW_TP1_PARTIAL+OPPOSITE_SIGNAL,0,0
3.0833333333333335,0.0,1.9333333333333333,-1.0396975425330812,1.0,0.0,0.7561436672967864,5.0,20260825,2026-08-25T09:06:00+09:00,2026-08-25T09:00:00+09:00,0,51800.0,0.49680672204431175,OPPOSITE_SIGNAL,0,0
0.6875,1.0,1.183673469387755,-0.09398496240601503,2.0,0.0,1.0025062656641603,4.0,20260825,2026-08-25T12:15:00+09:00,2026-08-25T12:09:00+09:00,1,357044.0,4.279861239304663,TIME_WINDOW_AFTERNOON_TP,0,0
1.0909090909090908,0.0,0.0,-0.029498525073746312,2.0,0.0,1.2979351032448379,4.0,20260826,2026-08-26T10:21:00+09:00,2026-08-26T10:15:00+09:00,1,-170208.0,-1.6320354850355039,TIME_WINDOW_STOP_LOSS,1,0
0.5925925925925926,1.0,0.4833333333333333,-0.178359096313912,1.0,0.0,1.6052318668252081,2.0,20260826,2026-08-26T10:30:00+09:00,2026-08-26T10:24:00+09:00,0,-123617.0,-0.9876386378852738,OPPOSITE_SIGNAL,0,0
1.2647058823529411,0.0,0.8365384615384616,-0.6017191977077364,1.0,0.0,1.9484240687679084,4.0,20260827,2026-08-27T09:36:00+09:00,2026-08-27T09:30:00+09:00,0,414221.0,3.971194480875574,TIME_WINDOW_TP1_PARTIAL+TIME_WINDOW_TP2_FULL,0,1
1.0714285714285714,0.0,0.3717948717948718,-0.11507479861910241,1.0,0.0,1.611047180667434,4.0,20260827,2026-08-27T10:30:00+09:00,2026-08-27T10:24:00+09:00,1,-171903.0,-1.6481006905795288,TIME_WINDOW_STOP_LOSS,1,0
1.0,1.0,2.9420289855072466,-0.5887421022400919,1.0,1.0,1.321079839172889,3.0,20260827,2026-08-27T10:54:00+09:00,2026-08-27T10:48:00+09:00,1,19539.0,0.7874691686414856,H50_MAX_HOLD_EXIT,0,0
1.1176470588235294,3.0,0.9914529914529914,-0.4728132387706856,1.0,0.0,2.0094562647754137,7.0,20260828,2026-08-28T09:09:00+09:00,2026-08-28T09:03:00+09:00,0,-170952.0,-1.6395757006118963,TIME_WINDOW_STOP_LOSS,1,0
1.1176470588235294,0.0,3.3461538461538463,-0.3810082063305979,2.0,0.0,0.996483001172333,2.0,20260828,2026-08-28T10:15:00+09:00,2026-08-28T10:09:00+09:00,0,62261.0,0.4973846980369757,H50_MAX_HOLD_EXIT,0,0
1.0,2.0,0.7435897435897436,-0.17953321364452424,1.0,0.0,0.6582884500299222,5.0,20260828,2026-08-28T14:42:00+09:00,2026-08-28T14:36:00+09:00,0,-33817.0,-0.49370477864530105,FORCED_LIQUIDATION,0,0
1.5416666666666667,0.0,0.3918918918918919,-0.6005056890012642,2.0,0.0,1.5170670037926675,6.0,20260831,2026-08-31T09:06:00+09:00,2026-08-31T09:00:00+09:00,0,-111679.0,-1.0710610485328884,B3_SL,1,0
0.6341463414634146,0.0,2.092783505154639,-0.34289276807980046,1.0,0.0,2.5561097256857854,2.0,20260831,2026-08-31T09:18:00+09:00,2026-08-31T09:12:00+09:00,1,242262.0,2.322439260077305,TIME_WINDOW_TP1_PARTIAL+TIME_WINDOW_AFTER_TP1_STOP,0,0
1.1911764705882353,2.0,-0.7116564417177914,-0.18814675446848542,2.0,0.0,2.132329883976168,8.0,20260831,2026-08-31T10:06:00+09:00,2026-08-31T10:00:00+09:00,0,-41129.0,-1.6580095742000502,TIME_WINDOW_STOP_LOSS,1,0
1.6,1.0,2.9591836734693877,-0.46153846153846156,2.0,0.0,0.9230769230769231,7.0,20260903,2026-09-03T09:18:00+09:00,2026-09-03T09:12:00+09:00,0,-132425.0,-1.2696974490994424,TIME_WINDOW_STOP_LOSS,1,0
1.125,0.0,2.4857142857142858,-0.24645717806531117,1.0,0.0,0.9858287122612447,5.0,20260903,2026-09-03T11:00:00+09:00,2026-09-03T10:54:00+09:00,0,-116897.0,-0.9337839149396081,B3_SL,1,0
0.8666666666666667,0.0,1.4146341463414636,-0.3056234718826406,1.0,0.0,0.9168704156479218,1.0,20260904,2026-09-04T10:03:00+09:00,2026-09-04T09:57:00+09:00,0,-99316.0,-0.9519154091522511,B3_SL,1,0
1.3636363636363635,1.0,0.8787878787878788,-0.12202562538133008,2.0,0.0,0.6711409395973155,4.0,20260904,2026-09-04T11:18:00+09:00,2026-09-04T11:12:00+09:00,1,-100476.0,-0.9631684595784821,B3_SL,1,0
0.9,0.0,-1.2083333333333333,-0.061274509803921566,1.0,0.0,0.6127450980392157,3.0,20260904,2026-09-04T11:42:00+09:00,2026-09-04T11:36:00+09:00,0,-53876.0,-0.6779388022946937,OPPOSITE_SIGNAL,0,0
0.25925925925925924,0.0,0.8169014084507042,-0.11474469305794606,0.0,0.0,1.549053356282272,0.0,20260907,2026-09-07T09:21:00+09:00,2026-09-07T09:15:00+09:00,0,19019.0,0.7672911825458301,B3_MAXHOLD,0,0
1.5,0.0,1.1153846153846154,-0.1434308663224326,2.0,0.0,0.34423407917383825,3.0,20260907,2026-09-07T11:33:00+09:00,2026-09-07T11:27:00+09:00,1,290100.0,2.7795849498074605,H50_MAX_HOLD_EXIT,0,0
1.6956521739130435,1.0,6.787234042553192,-1.3766519823788546,2.0,0.0,1.2665198237885462,9.0,20260908,2026-09-08T09:15:00+09:00,2026-09-08T09:09:00+09:00,1,255802.0,2.451246168161072,P3_PARTIAL_EXIT+TIME_WINDOW_TP1_PARTIAL+OPPOSITE_SIGNAL,0,0
0.5588235294117647,0.0,2.196969696969697,-0.38022813688212925,1.0,0.0,1.8468223791417708,1.0,20260908,2026-09-08T10:12:00+09:00,2026-09-08T10:06:00+09:00,0,-46258.0,-0.44356864775712945,B3_MAXHOLD,0,0
1.1666666666666667,0.0,0.9666666666666666,-0.1339764201500536,2.0,0.0,0.6430868167202572,5.0,20260908,2026-09-08T12:18:00+09:00,2026-09-08T12:12:00+09:00,1,99516.0,1.1130174139647246,B3_TP,0,0
1.3157894736842106,2.0,1.858974358974359,-0.5753424657534246,2.0,0.0,1.0410958904109588,6.0,20260909,2026-09-09T09:15:00+09:00,2026-09-09T09:09:00+09:00,1,470964.0,4.514769024591555,P3_PARTIAL_EXIT+TIME_WINDOW_TP1_PARTIAL+H50_MAX_HOLD_EXIT,0,0
0.6923076923076923,0.0,-0.7435897435897436,0.026881720430107527,1.0,0.0,0.6989247311827957,2.0,20260910,2026-09-10T14:27:00+09:00,2026-09-10T14:21:00+09:00,1,116821.0,1.1200237770517893,B3_TP,0,0
0.09523809523809523,0.0,-0.9508196721311476,0.14092446448703494,0.0,0.0,1.1837655016910935,1.0,20260911,2026-09-11T09:18:00+09:00,2026-09-11T09:12:00+09:00,1,115396.0,1.106342997392238,P3_PARTIAL_EXIT+WHIPSAW_WATCH_DETERIORATION_EXIT,0,0
1.0909090909090908,0.0,0.0,-0.02770083102493075,1.0,0.0,0.6094182825484765,3.0,20260911,2026-09-11T14:48:00+09:00,2026-09-11T14:42:00+09:00,1,122261.0,1.1722754239827409,P3_PARTIAL_EXIT+FORCED_LIQUIDATION,0,0
0.047619047619047616,0.0,-1.611111111111111,0.37900874635568516,0.0,0.0,2.4489795918367347,0.0,20260914,2026-09-14T09:30:00+09:00,2026-09-14T09:24:00+09:00,1,-40439.0,-1.6296323161983977,TIME_WINDOW_STOP_LOSS,1,0
1.4545454545454546,1.0,2.4166666666666665,-0.64065230052417,1.0,0.0,1.28130460104834,4.0,20260915,2026-09-15T09:27:00+09:00,2026-09-15T09:21:00+09:00,1,-98131.0,-0.9409096901779829,B3_SL,1,0
1.1176470588235294,1.0,0.0,-0.05820721769499418,2.0,0.0,0.989522700814901,6.0,20260915,2026-09-15T10:27:00+09:00,2026-09-15T10:21:00+09:00,1,-98321.0,-0.9422846912879805,B3_SL,1,0
1.4285714285714286,1.0,1.8124999999999998,-0.23296447291788003,1.0,0.0,0.4076878276062901,5.0,20260915,2026-09-15T11:30:00+09:00,2026-09-15T11:24:00+09:00,1,-127956.0,-1.4308862356205192,TIME_WINDOW_STOP_LOSS,1,0
2.0,2.0,5.553191489361702,-0.7038123167155426,2.0,0.0,0.5278592375366569,6.0,20260916,2026-09-16T09:06:00+09:00,2026-09-16T09:00:00+09:00,1,98037.0,0.9393756467747498,H50_MAX_HOLD_EXIT,0,0
1.1,0.0,2.4166666666666665,-0.14417531718569782,1.0,0.0,0.5767012687427913,4.0,20260916,2026-09-16T12:51:00+09:00,2026-09-16T12:45:00+09:00,1,109896.0,1.0529210280485761,B3_MAXHOLD,0,0
1.2857142857142858,0.0,1.589041095890411,-0.48654836863194045,1.0,0.0,1.602747567258157,3.0,20260917,2026-09-17T09:12:00+09:00,2026-09-17T09:06:00+09:00,0,116557.0,1.118082787835069,B3_TP,0,0
1.0,0.0,1.6730769230769231,-0.228310502283105,2.0,1.0,0.91324200913242,2.0,20260917,2026-09-17T10:00:00+09:00,2026-09-17T09:54:00+09:00,1,122611.0,1.175825245465064,B3_TP,0,0
0.3076923076923077,0.0,-2.7187499999999996,0.08278145695364239,1.0,0.0,0.717439293598234,0.0,20260918,2026-09-18T09:06:00+09:00,2026-09-18T09:00:00+09:00,0,-26039.0,-1.0488769657128127,B3_SL,1,0
0.6666666666666666,1.0,0.0,0.18776824034334763,1.0,0.0,0.9656652360515022,3.0,20260921,2026-09-21T09:57:00+09:00,2026-09-21T09:51:00+09:00,1,121596.0,1.1652081919896968,B3_TP,0,0
0.875,1.0,0.8529411764705882,-0.21356113187399892,1.0,0.0,0.42712226374799783,2.0,20260921,2026-09-21T10:51:00+09:00,2026-09-21T10:45:00+09:00,0,28386.0,0.2723087969862421,B3_MAXHOLD,0,0
0.8888888888888888,0.0,0.0,-0.07991475759190196,1.0,0.0,0.47948854555141185,1.0,20260921,2026-09-21T12:57:00+09:00,2026-09-21T12:51:00+09:00,1,-650.0,-0.007271344191873993,B3_MAXHOLD,0,0
4.285714285714286,1.0,3.163636363636364,-0.8035251425609125,1.0,0.0,0.36288232244686364,5.0,20260922,2026-09-22T09:06:00+09:00,2026-09-22T09:00:00+09:00,1,-74557.0,-0.7142432893299868,B3_MAXHOLD,0,0
0.5833333333333334,2.0,-1.4871794871794872,0.052273915316257184,1.0,0.0,0.6272869837950863,4.0,20260922,2026-09-22T11:18:00+09:00,2026-09-22T11:12:00+09:00,0,-71806.0,-0.6888493435852667,B3_MAXHOLD,0,0
0.8,0.0,0.0,0.0,1.0,0.0,0.2608242044861763,0.0,20260922,2026-09-22T12:15:00+09:00,2026-09-22T12:09:00+09:00,0,366206.0,4.098141150784391,TIME_WINDOW_AFTERNOON_TP,0,0
0.8636363636363636,0.0,0.6170212765957447,-0.18716577540106952,2.0,0.0,1.1764705882352942,3.0,20260923,2026-09-23T10:18:00+09:00,2026-09-23T10:12:00+09:00,1,-100806.0,-0.9659772031449887,B3_SL,1,0
1.0,1.0,-1.6571428571428573,0.05382131324004305,1.0,1.0,0.8073196986006458,5.0,20260923,2026-09-23T10:42:00+09:00,2026-09-23T10:36:00+09:00,0,123582.0,1.1853422023144398,B3_TP,0,0
1.3,1.0,4.296296296296296,-0.24416711882799783,1.0,0.0,0.5425935973955507,5.0,20260923,2026-09-23T13:00:00+09:00,2026-09-23T12:54:00+09:00,0,-89307.0,-0.9991228992654281,B3_SL,1,0
1.7272727272727273,0.0,0.4603174603174603,-0.32967032967032966,2.0,0.0,0.6043956043956045,4.0,20260928,2026-09-28T09:09:00+09:00,2026-09-28T09:03:00+09:00,0,-19119.0,-0.18333448402835315,B3_MAXHOLD,0,0
1.125,0.0,0.0,-0.13827433628318583,2.0,0.0,0.8849557522123894,3.0,20260928,2026-09-28T09:45:00+09:00,2026-09-28T09:39:00+09:00,0,117211.0,1.1240916163773984,B3_TP,0,0
0.5666666666666667,1.0,1.0,0.02797985450475658,1.0,0.0,1.6787912702853944,1.0,20260928,2026-09-28T10:36:00+09:00,2026-09-28T10:30:00+09:00,1,-22879.0,-0.9242415979413718,B3_SL,1,0
0.9545454545454546,0.0,1.3384615384615386,-0.22637238256932654,1.0,1.0,1.245048104131296,4.0,20260929,2026-09-29T09:54:00+09:00,2026-09-29T09:48:00+09:00,0,7936.0,0.07612247315546164,B3_MAXHOLD,0,0
0.6875,0.0,-0.725,0.02824858757062147,1.0,0.0,0.903954802259887,1.0,20260929,2026-09-29T10:36:00+09:00,2026-09-29T10:30:00+09:00,1,116476.0,1.1167963871623452,B3_TP,0,0
1.2222222222222223,0.0,3.3461538461538463,-0.25510204081632654,1.0,0.0,0.5102040816326531,4.0,20260929,2026-09-29T12:15:00+09:00,2026-09-29T12:09:00+09:00,0,-22940.0,-0.25664864308497487,B3_MAXHOLD,0,0
1.8,1.0,-1.403225806451613,-0.11135857461024498,1.0,0.0,0.5567928730512249,3.0,20260930,2026-09-30T09:06:00+09:00,2026-09-30T09:00:00+09:00,1,49393.0,0.47351192887111315,P3_PARTIAL_EXIT+OPPOSITE_SIGNAL,0,0
0.7586206896551724,0.0,1.2428571428571429,-0.44419766796224325,1.0,0.0,1.6102165463631315,3.0,20260930,2026-09-30T09:51:00+09:00,2026-09-30T09:45:00+09:00,0,-109354.0,-1.0488988643339472,B3_SL,1,0
0.875,0.0,-2.175,0.282326369282891,1.0,1.0,1.355166572557877,2.0,20261001,2026-10-01T09:18:00+09:00,2026-10-01T09:12:00+09:00,1,-24539.0,-0.9894438889068096,B3_SL,1,0
0.9285714285714286,0.0,1.6730769230769231,-0.22522522522522523,2.0,0.0,0.7882882882882882,2.0,20261001,2026-10-01T10:30:00+09:00,2026-10-01T10:24:00+09:00,0,-105996.0,-1.016501510904308,B3_SL,1,0
0.75,0.0,-0.9062499999999999,0.028121484814398204,2.0,0.0,0.6749156355455568,4.0,20261001,2026-10-01T11:12:00+09:00,2026-10-01T11:06:00+09:00,1,87858.0,1.1053343725172342,B3_TP,0,0
0.6,0.0,0.5471698113207547,0.0,1.0,0.0,1.0834236186348862,4.0,20261002,2026-10-02T10:00:00+09:00,2026-10-02T09:54:00+09:00,1,-99426.0,-0.9534865321681592,B3_SL,1,0
1.25,1.0,1.1153846153846154,-0.08178844056706652,2.0,0.0,0.43620501635768816,4.0,20261002,2026-10-02T11:30:00+09:00,2026-10-02T11:24:00+09:00,0,-83105.0,-0.996462829736211,B3_SL,1,0
0.8888888888888888,0.0,2.4166666666666665,-0.16295491580662683,1.0,0.0,0.48886474741988045,3.0,20261002,2026-10-02T11:51:00+09:00,2026-10-02T11:45:00+09:00,1,40700.0,0.5121816168327796,H50_MAX_HOLD_EXIT,0,0
