day,entry,box_w,krw,net,rs,sl,run,seg,key,rs_hit,bw
20260527,2026-05-27 11:21:00+09:00,2.0788220008661757,267460.0,2.1402433120397286,OPPOSITE_SIGNAL,0,0,train,20260527 11:21:00,False,High
20260527,2026-05-27 13:57:00+09:00,2.2058823529411766,-98355.0,-1.4353092945233368,TIME_WINDOW_STOP_LOSS,1,0,train,20260527 13:57:00,False,High
20260528,2026-05-28 11:06:00+09:00,2.112676056338028,-136848.0,-1.6405269423175823,TIME_WINDOW_STOP_LOSS,1,0,train,20260528 11:06:00,False,High
20260529,2026-05-29 09:42:00+09:00,1.3599660008499788,409142.0,3.923635535416742,TIME_WINDOW_TP1_PARTIAL+TIME_WINDOW_TP2_FULL,0,1,train,20260529 09:42:00,False,Mid
20260529,2026-05-29 13:12:00+09:00,0.64963187527068,-117546.0,-1.12603117263062,OPPOSITE_SIGNAL,0,0,train,20260529 13:12:00,False,Low
20260601,2026-06-01 09:42:00+09:00,1.502145922746781,450236.0,4.506115847558941,TIME_WINDOW_TP1_PARTIAL+C1_PEAK_PROTECTION_EXIT,0,0,train,20260601 09:42:00,False,Mid
20260602,2026-06-02 09:39:00+09:00,4.995766299745978,-119404.0,-1.1467497600213592,TIME_WINDOW_STOP_LOSS,1,0,train,20260602 09:39:00,False,High
20260602,2026-06-02 09:54:00+09:00,3.142488161859664,-83309.0,-0.6653712098703904,OPPOSITE_SIGNAL,0,0,train,20260602 09:54:00,False,High
20260602,2026-06-02 10:51:00+09:00,1.95907705703091,-21336.0,-0.7164732430689877,OPPOSITE_SIGNAL,0,0,train,20260602 10:51:00,False,Mid
20260604,2026-06-04 09:39:00+09:00,2.5884383088869716,-231309.0,-2.2234066686147553,TIME_WINDOW_STOP_LOSS,1,0,train,20260604 09:39:00,False,High
20260604,2026-06-04 09:57:00+09:00,1.8364669873196329,-272562.0,-2.1769553997378663,TIME_WINDOW_STOP_LOSS,1,0,train,20260604 09:57:00,False,Mid
20260604,2026-06-04 10:57:00+09:00,1.3134851138353765,-36315.0,-1.221678356966241,TIME_WINDOW_STOP_LOSS,1,0,train,20260604 10:57:00,False,Low
20260605,2026-06-05 09:45:00+09:00,2.320075757575758,-138033.0,-1.324368161165856,TIME_WINDOW_STOP_LOSS,1,0,train,20260605 09:45:00,False,High
20260608,2026-06-08 10:48:00+09:00,3.3299697275479314,326002.0,3.9108288507032247,TIME_WINDOW_TP1_PARTIAL+TIME_WINDOW_TP2_FULL,0,1,train,20260608 10:48:00,False,High
20260608,2026-06-08 14:42:00+09:00,1.948717948717949,144872.0,1.3914446592150602,FORCED_LIQUIDATION,0,0,train,20260608 14:42:00,False,Mid
20260609,2026-06-09 10:39:00+09:00,3.11284046692607,75799.0,0.727499059421525,OPPOSITE_SIGNAL,0,0,train,20260609 10:39:00,False,High
20260609,2026-06-09 12:12:00+09:00,1.1132623426911907,428391.0,4.111514209207912,TIME_WINDOW_AFTERNOON_TP,0,0,train,20260609 12:12:00,False,Low
20260609,2026-06-09 14:39:00+09:00,2.4864376130198913,16749.0,0.18760206721819367,FORCED_LIQUIDATION,0,0,train,20260609 14:39:00,False,High
20260610,2026-06-10 10:15:00+09:00,1.0318949343339587,-156243.0,-1.4988200759755959,TIME_WINDOW_STOP_LOSS,1,0,train,20260610 10:15:00,False,Low
20260610,2026-06-10 10:57:00+09:00,1.6989145823501652,211001.0,1.6857793996336843,OPPOSITE_SIGNAL,0,0,train,20260610 10:57:00,False,Mid
20260610,2026-06-10 12:39:00+09:00,1.4340344168260037,282691.0,4.126225354250717,TIME_WINDOW_AFTERNOON_TP,0,0,train,20260610 12:39:00,False,Mid
20260611,2026-06-11 12:18:00+09:00,1.654501216545012,-87135.0,-1.2713607871975348,TIME_WINDOW_STOP_LOSS,1,0,train,20260611 12:18:00,False,Mid
20260612,2026-06-12 09:48:00+09:00,1.4886164623467601,209553.0,2.0095224395857305,TIME_WINDOW_TP1_PARTIAL+TIME_WINDOW_AFTER_TP1_STOP,0,0,train,20260612 09:48:00,False,Mid
20260615,2026-06-15 09:57:00+09:00,1.2115967113803547,415095.0,3.979195964580799,TIME_WINDOW_TP1_PARTIAL+TIME_WINDOW_TP2_FULL,0,1,train,20260615 09:57:00,False,Low
20260615,2026-06-15 13:15:00+09:00,0.6073752711496746,-148518.0,-1.6665881164787073,TIME_WINDOW_STOP_LOSS,1,0,train,20260615 13:15:00,False,Low
20260616,2026-06-16 09:45:00+09:00,1.062473438164046,414475.0,3.9731668049450457,TIME_WINDOW_TP1_PARTIAL+TIME_WINDOW_TP2_FULL,0,1,train,20260616 09:45:00,False,Low
20260616,2026-06-16 10:36:00+09:00,2.35344458707745,396942.0,3.807012832562868,TIME_WINDOW_TP1_PARTIAL+H50_MAX_HOLD_EXIT,0,0,train,20260616 10:36:00,False,High
20260616,2026-06-16 14:12:00+09:00,0.6725514922236233,-103156.0,-1.15488561531727,TIME_WINDOW_STOP_LOSS,1,0,train,20260616 14:12:00,False,Low
20260617,2026-06-17 10:18:00+09:00,1.2489592006661114,85234.0,0.8184425643138147,H50_MAX_HOLD_EXIT,0,0,train,20260617 10:18:00,False,Low
20260617,2026-06-17 12:51:00+09:00,0.5387484459179445,427771.0,4.107177919205623,TIME_WINDOW_AFTERNOON_TP,0,0,train,20260617 12:51:00,False,Low
20260618,2026-06-18 09:51:00+09:00,1.7891130567186906,172245.0,1.6517548906789414,TIME_WINDOW_TP1_PARTIAL+TIME_WINDOW_TRAILING_STOP,0,0,train,20260618 09:51:00,False,Mid
20260618,2026-06-18 11:12:00+09:00,1.0305343511450382,302939.0,3.3968435511451243,H50_MAX_HOLD_EXIT,0,0,train,20260618 11:12:00,False,Low
20260619,2026-06-19 10:24:00+09:00,1.9077349982656957,-56768.0,-0.4543791866670189,OPPOSITE_SIGNAL,0,0,train,20260619 10:24:00,False,Mid
20260619,2026-06-19 11:48:00+09:00,1.50087260034904,-79550.0,-1.1624075498772202,TIME_WINDOW_STOP_LOSS,1,0,train,20260619 11:48:00,False,Mid
20260622,2026-06-22 09:30:00+09:00,2.7807486631016043,1017179.0,8.145023161586598,TIME_WINDOW_TP1_PARTIAL+TIME_WINDOW_TP2_FULL,0,1,train,20260622 09:30:00,True,High
20260622,2026-06-22 12:21:00+09:00,0.9931506849315069,-198311.0,-2.89674897038191,TIME_WINDOW_STOP_LOSS,1,0,train,20260622 12:21:00,False,Low
20260623,2026-06-23 10:33:00+09:00,2.0219936147570063,458740.0,4.399012298324263,TIME_WINDOW_TP1_PARTIAL+OPPOSITE_SIGNAL,0,0,train,20260623 10:33:00,False,Mid
20260623,2026-06-23 12:30:00+09:00,2.0325203252032518,5805.0,0.05564723582780895,TIME_WINDOW_BREAKEVEN_STOP,0,0,train,20260623 12:30:00,False,Mid
20260623,2026-06-23 13:27:00+09:00,2.5175860792299147,368276.0,4.1201511230744625,TIME_WINDOW_AFTERNOON_TP,0,0,train,20260623 13:27:00,False,High
20260624,2026-06-24 10:00:00+09:00,1.8358935931060323,419175.0,4.017914911360009,TIME_WINDOW_TP1_PARTIAL+TIME_WINDOW_TP2_FULL,0,1,train,20260624 10:00:00,True,Mid
20260624,2026-06-24 10:39:00+09:00,2.972159518434913,-179831.0,-1.7269390624279766,TIME_WINDOW_STOP_LOSS,1,0,train,20260624 10:39:00,False,High
20260624,2026-06-24 13:18:00+09:00,2.1431459765467045,-185704.0,-2.076919291558741,TIME_WINDOW_STOP_LOSS,1,0,train,20260624 13:18:00,False,High
20260625,2026-06-25 09:51:00+09:00,0.9651844191658049,-30484.0,-1.228264920674893,TIME_WINDOW_STOP_LOSS,1,0,train,20260625 09:51:00,False,Low
20260629,2026-06-29 09:36:00+09:00,0.9571209800918835,-30579.0,-1.2346920234994851,TIME_WINDOW_STOP_LOSS,1,0,train,20260629 09:36:00,False,Low
20260702,2026-07-02 09:45:00+09:00,1.3858813339107838,-35699.0,-1.44021914536535,TIME_WINDOW_STOP_LOSS,1,0,train,20260702 09:45:00,False,Mid
20260708,2026-07-08 09:42:00+09:00,0.6644518272425249,-31199.0,-1.2610344047080126,TIME_WINDOW_STOP_LOSS,1,0,train,20260708 09:42:00,False,Low
20260709,2026-07-09 09:54:00+09:00,1.2356979405034325,794941.0,6.347635070931104,TIME_WINDOW_TP1_PARTIAL+C1_PEAK_PROTECTION_EXIT,0,0,train,20260709 09:54:00,False,Low
20260710,2026-07-10 09:45:00+09:00,1.1494252873563218,684683.0,5.466967422548707,TIME_WINDOW_TP1_PARTIAL+C1_PEAK_PROTECTION_EXIT,0,0,train,20260710 09:45:00,False,Low
20260715,2026-07-15 09:45:00+09:00,2.9716981132075473,-79417.0,-3.203486777352889,TIME_WINDOW_STOP_LOSS,1,0,train,20260715 09:45:00,True,High
20260715,2026-07-15 11:18:00+09:00,2.906704172526957,-188820.0,-1.507735107502583,TIME_WINDOW_STOP_LOSS,1,0,train,20260715 11:18:00,False,High
20260715,2026-07-15 12:33:00+09:00,0.9345794392523363,74254.0,0.6225787289094475,TIME_WINDOW_PROFIT_LOCK_STOP,0,0,train,20260715 12:33:00,False,Low
20260720,2026-07-20 09:54:00+09:00,2.408008658008658,1186371.0,9.471891610296861,TIME_WINDOW_TP1_PARTIAL+TIME_WINDOW_TP2_FULL,0,1,train,20260720 09:54:00,True,High
20260720,2026-07-20 13:18:00+09:00,2.785673678226265,-111096.0,-1.6194834813297154,TIME_WINDOW_STOP_LOSS,1,0,train,20260720 13:18:00,False,High
20260721,2026-07-21 11:48:00+09:00,1.6939890710382512,430515.0,4.128565078734891,TIME_WINDOW_AFTERNOON_TP,0,0,train,20260721 11:48:00,False,Mid
20260722,2026-07-22 13:39:00+09:00,1.0819165378670788,140445.0,1.3467266042870485,TIME_WINDOW_PROFIT_LOCK_STOP,0,0,train,20260722 13:39:00,False,Low
20260723,2026-07-23 10:27:00+09:00,1.8789144050104383,474933.0,4.554292426821375,TIME_WINDOW_TP1_PARTIAL+C1_PEAK_PROTECTION_EXIT,0,0,train,20260723 10:27:00,False,Mid
20260723,2026-07-23 13:24:00+09:00,1.7205422314911365,-94135.0,-0.902955432072831,TIME_WINDOW_STOP_LOSS,1,0,train,20260723 13:24:00,False,Mid
20260723,2026-07-23 14:33:00+09:00,2.1784232365145226,-137927.0,-1.5417590721299161,TIME_WINDOW_STOP_LOSS,1,0,train,20260723 14:33:00,False,High
20260727,2026-07-27 10:24:00+09:00,0.3302146395156852,845406.0,8.10629585468604,TIME_WINDOW_TP1_PARTIAL+TIME_WINDOW_TP2_FULL,0,1,train,20260727 10:24:00,False,Low
20260730,2026-07-30 09:36:00+09:00,1.188707280832095,-35514.0,-1.429186570137349,TIME_WINDOW_STOP_LOSS,1,0,train,20260730 09:36:00,False,Low
20260731,2026-07-31 09:48:00+09:00,1.5006002400960383,489537.0,3.9105068856065484,TIME_WINDOW_TP1_PARTIAL+TIME_WINDOW_TP2_FULL,0,1,train,20260731 09:48:00,True,Mid
20260803,2026-08-03 09:45:00+09:00,2.631578947368421,100291.0,4.039895025810519,TIME_WINDOW_TP1_PARTIAL+TIME_WINDOW_TP2_FULL,0,1,test,20260803 09:45:00,False,High
20260803,2026-08-03 10:36:00+09:00,3.487634749524413,-193078.0,-1.8502913989978922,TIME_WINDOW_STOP_LOSS,1,0,test,20260803 10:36:00,False,High
20260803,2026-08-03 13:06:00+09:00,1.2618296529968454,-159568.0,-1.6063752463904675,TIME_WINDOW_STOP_LOSS,1,0,test,20260803 13:06:00,False,Low
20260804,2026-08-04 13:00:00+09:00,1.3824884792626728,-912.0,-0.007283696380074778,TIME_WINDOW_BREAKEVEN_STOP,0,0,test,20260804 13:00:00,False,Mid
20260804,2026-08-04 13:45:00+09:00,1.4617940199335548,-80055.0,-1.16832710532019,TIME_WINDOW_STOP_LOSS,1,0,test,20260804 13:45:00,False,Mid
20260805,2026-08-05 09:45:00+09:00,1.4234875444839856,192009.0,1.841511771935621,TIME_WINDOW_TP1_PARTIAL+TIME_WINDOW_AFTER_TP1_STOP,0,0,test,20260805 09:45:00,False,Mid
20260805,2026-08-05 11:00:00+09:00,1.7241379310344827,-129845.0,-1.2441514962491964,TIME_WINDOW_STOP_LOSS,1,0,test,20260805 11:00:00,False,Mid
20260805,2026-08-05 13:45:00+09:00,1.475796930342385,-130846.0,-1.4639948084496957,TIME_WINDOW_STOP_LOSS,1,0,test,20260805 13:45:00,False,Mid
20260806,2026-08-06 12:09:00+09:00,1.3788575180564675,15200.0,0.1457725947521866,TIME_WINDOW_BREAKEVEN_STOP,0,0,test,20260806 12:09:00,False,Mid
20260806,2026-08-06 13:48:00+09:00,1.6655562958027983,-148155.0,-1.6572147651006712,TIME_WINDOW_STOP_LOSS,1,0,test,20260806 13:48:00,False,Mid
20260807,2026-08-07 10:15:00+09:00,2.5517241379310347,89141.0,2.9901899121637374,TIME_WINDOW_TP1_PARTIAL+OPPOSITE_SIGNAL,0,0,test,20260807 10:15:00,True,High
20260810,2026-08-10 10:54:00+09:00,2.066115702479339,-190593.0,-1.8277673567556991,TIME_WINDOW_STOP_LOSS,1,0,test,20260810 10:54:00,False,High
20260810,2026-08-10 11:09:00+09:00,1.3888888888888888,83327.0,0.8318433885885705,EARLY_TAKE_PROFIT,0,0,test,20260810 11:09:00,False,Mid
20260810,2026-08-10 12:30:00+09:00,0.7670850767085077,301707.0,3.224357494613727,H50_MAX_HOLD_EXIT,0,0,test,20260810 12:30:00,False,Low
20260811,2026-08-11 09:54:00+09:00,1.4388489208633095,-200416.0,-1.9220961067234426,TIME_WINDOW_STOP_LOSS,1,0,test,20260811 09:54:00,True,Mid
20260811,2026-08-11 11:51:00+09:00,1.267605633802817,187668.0,2.098631239935588,H50_MAX_HOLD_EXIT,0,0,test,20260811 11:51:00,False,Low
20260812,2026-08-12 09:48:00+09:00,1.9310344827586208,-128805.0,-1.2348111186206698,TIME_WINDOW_STOP_LOSS,1,0,test,20260812 09:48:00,False,Mid
20260813,2026-08-13 12:00:00+09:00,1.2360939431396787,47736.0,0.5722567674973117,EARLY_TAKE_PROFIT,0,0,test,20260813 12:00:00,False,Low
20260813,2026-08-13 14:24:00+09:00,0.7476635514018692,294910.0,2.827820437093916,FORCED_LIQUIDATION,0,0,test,20260813 14:24:00,False,Low
20260814,2026-08-14 09:51:00+09:00,1.6100178890876566,431565.0,4.137838791453654,TIME_WINDOW_TP1_PARTIAL+TIME_WINDOW_TP2_FULL,0,1,test,20260814 09:51:00,False,Mid
20260814,2026-08-14 13:06:00+09:00,0.9151921903599756,-236996.0,-2.2715801358945433,TIME_WINDOW_STOP_LOSS,1,0,test,20260814 13:06:00,False,Low
20260814,2026-08-14 14:00:00+09:00,0.7268322228952151,16014.0,0.17916769924351042,TIME_WINDOW_BREAKEVEN_STOP,0,0,test,20260814 14:00:00,False,Low
20260818,2026-08-18 09:57:00+09:00,1.582815149802148,422500.0,4.051057709594295,TIME_WINDOW_TP1_PARTIAL+TIME_WINDOW_TP2_FULL,0,1,test,20260818 09:57:00,False,Mid
20260819,2026-08-19 09:09:00+09:00,3.1516743269862113,77987.0,0.7474046121593292,OPPOSITE_SIGNAL,0,0,test,20260819 09:09:00,False,High
20260819,2026-08-19 09:30:00+09:00,3.1704095112285335,440645.0,4.224622258015033,TIME_WINDOW_TP1_PARTIAL+TIME_WINDOW_TP2_FULL,0,1,test,20260819 09:30:00,False,High
20260819,2026-08-19 11:09:00+09:00,1.3089005235602094,86737.0,0.9704236548108062,H50_MAX_HOLD_EXIT,0,0,test,20260819 11:09:00,False,Low
20260820,2026-08-20 10:42:00+09:00,1.72209026128266,35499.0,0.34027253242744804,OPPOSITE_SIGNAL,0,0,test,20260820 10:42:00,False,Mid
20260820,2026-08-20 12:21:00+09:00,1.4209591474245116,133395.0,1.2785234513376118,H50_MAX_HOLD_EXIT,0,0,test,20260820 12:21:00,False,Mid
20260820,2026-08-20 14:39:00+09:00,1.1848341232227488,-80479.0,-0.8996696065405719,OPPOSITE_SIGNAL,0,0,test,20260820 14:39:00,False,Low
20260821,2026-08-21 09:09:00+09:00,2.112676056338028,457700.0,4.386385242885182,TIME_WINDOW_TP1_PARTIAL+C1_PEAK_PROTECTION_EXIT,0,0,test,20260821 09:09:00,True,High
20260821,2026-08-21 10:21:00+09:00,2.0951302378255945,-214052.0,-2.050801534470006,TIME_WINDOW_STOP_LOSS,1,0,test,20260821 10:21:00,True,High
20260821,2026-08-21 10:33:20+09:00,1.9439679817038307,-28229.0,-1.139299767934618,TIME_WINDOW_STOP_LOSS,1,0,test,20260821 10:33:20,False,Mid
20260824,2026-08-24 09:57:00+09:00,1.9920318725099602,-153874.0,-1.4744418045656011,TIME_WINDOW_STOP_LOSS,1,0,test,20260824 09:57:00,False,Mid
20260824,2026-08-24 10:39:00+09:00,1.8369690011481057,288869.0,2.308559409028483,TIME_WINDOW_TP1_PARTIAL+OPPOSITE_SIGNAL,0,0,test,20260824 10:39:00,False,Mid
20260825,2026-08-25 09:06:00+09:00,2.4574669187145557,51800.0,0.49680672204431175,OPPOSITE_SIGNAL,0,0,test,20260825 09:06:00,True,High
20260825,2026-08-25 12:15:00+09:00,0.9398496240601504,357044.0,4.279861239304663,TIME_WINDOW_AFTERNOON_TP,0,0,test,20260825 12:15:00,False,Low
20260826,2026-08-26 10:21:00+09:00,1.592920353982301,-170208.0,-1.6320354850355039,TIME_WINDOW_STOP_LOSS,1,0,test,20260826 10:21:00,False,Mid
20260826,2026-08-26 10:30:00+09:00,1.4863258026159334,-123617.0,-0.9876386378852738,OPPOSITE_SIGNAL,0,0,test,20260826 10:30:00,False,Mid
20260827,2026-08-27 09:36:00+09:00,2.5214899713467047,414221.0,3.971194480875574,TIME_WINDOW_TP1_PARTIAL+TIME_WINDOW_TP2_FULL,0,1,test,20260827 09:36:00,True,High
20260827,2026-08-27 10:30:00+09:00,1.89873417721519,-171903.0,-1.6481006905795288,TIME_WINDOW_STOP_LOSS,1,0,test,20260827 10:30:00,False,Mid
20260827,2026-08-27 10:54:00+09:00,1.0338885697874785,19539.0,0.7874691686414856,H50_MAX_HOLD_EXIT,0,0,test,20260827 10:54:00,False,Low
20260828,2026-08-28 10:15:00+09:00,1.2895662368112544,62261.0,0.4973846980369757,H50_MAX_HOLD_EXIT,0,0,test,20260828 10:15:00,False,Low
20260828,2026-08-28 14:42:00+09:00,0.5984440454817475,-33817.0,-0.49370477864530105,FORCED_LIQUIDATION,0,0,test,20260828 14:42:00,False,Low
20260831,2026-08-31 09:06:00+09:00,2.402022756005057,-111679.0,-1.0710610485328884,B3_SL,1,0,test,20260831 09:06:00,False,High
20260831,2026-08-31 09:18:00+09:00,2.493765586034913,242262.0,2.322439260077305,TIME_WINDOW_TP1_PARTIAL+TIME_WINDOW_AFTER_TP1_STOP,0,0,test,20260831 09:18:00,False,High
20260831,2026-08-31 10:06:00+09:00,2.383192223267482,-41129.0,-1.6580095742000502,TIME_WINDOW_STOP_LOSS,1,0,test,20260831 10:06:00,False,High
20260903,2026-09-03 09:18:00+09:00,1.5384615384615385,-132425.0,-1.2696974490994424,TIME_WINDOW_STOP_LOSS,1,0,test,20260903 09:18:00,False,Mid
20260903,2026-09-03 11:00:00+09:00,1.1706715958102278,-116897.0,-0.9337839149396081,B3_SL,1,0,test,20260903 11:00:00,False,Low
20260904,2026-09-04 10:03:00+09:00,0.7946210268948656,-99316.0,-0.9519154091522511,B3_SL,1,0,test,20260904 10:03:00,False,Low
20260904,2026-09-04 11:18:00+09:00,1.0372178157413057,-100476.0,-0.9631684595784821,B3_SL,1,0,test,20260904 11:18:00,False,Low
20260904,2026-09-04 11:42:00+09:00,0.6127450980392157,-53876.0,-0.6779388022946937,OPPOSITE_SIGNAL,0,0,test,20260904 11:42:00,False,Low
20260907,2026-09-07 09:21:00+09:00,1.549053356282272,19019.0,0.7672911825458301,B3_MAXHOLD,0,0,test,20260907 09:21:00,False,Mid
20260907,2026-09-07 11:33:00+09:00,0.5163511187607573,290100.0,2.7795849498074605,H50_MAX_HOLD_EXIT,0,0,test,20260907 11:33:00,False,Low
20260908,2026-09-08 09:15:00+09:00,2.2026431718061676,255802.0,2.451246168161072,P3_PARTIAL_EXIT+TIME_WINDOW_TP1_PARTIAL+OPPOSITE_SIGNAL,0,0,test,20260908 09:15:00,False,High
20260908,2026-09-08 10:12:00+09:00,1.7925040738728952,-46258.0,-0.44356864775712945,B3_MAXHOLD,0,0,test,20260908 10:12:00,False,Mid
20260908,2026-09-08 12:18:00+09:00,0.7502679528403001,99516.0,1.1130174139647246,B3_TP,0,0,test,20260908 12:18:00,False,Low
20260909,2026-09-09 09:15:00+09:00,1.36986301369863,470964.0,4.514769024591555,P3_PARTIAL_EXIT+TIME_WINDOW_TP1_PARTIAL+H50_MAX_HOLD_EXIT,0,0,test,20260909 09:15:00,False,Mid
20260910,2026-09-10 14:27:00+09:00,0.6989247311827957,116821.0,1.1200237770517893,B3_TP,0,0,test,20260910 14:27:00,False,Low
20260911,2026-09-11 09:18:00+09:00,1.1837655016910935,115396.0,1.106342997392238,P3_PARTIAL_EXIT+WHIPSAW_WATCH_DETERIORATION_EXIT,0,0,test,20260911 09:18:00,False,Low
20260911,2026-09-11 14:48:00+09:00,0.7202216066481995,122261.0,1.1722754239827409,P3_PARTIAL_EXIT+FORCED_LIQUIDATION,0,0,test,20260911 14:48:00,False,Low
20260914,2026-09-14 09:30:00+09:00,1.1661807580174928,-40439.0,-1.6296323161983977,TIME_WINDOW_STOP_LOSS,1,0,test,20260914 09:30:00,False,Low
20260915,2026-09-15 09:27:00+09:00,2.03843913803145,-98131.0,-0.9409096901779829,B3_SL,1,0,test,20260915 09:27:00,True,High
20260915,2026-09-15 10:27:00+09:00,1.1641443538998837,-98321.0,-0.9422846912879805,B3_SL,1,0,test,20260915 10:27:00,False,Low
20260915,2026-09-15 11:30:00+09:00,0.5824111822947,-127956.0,-1.4308862356205192,TIME_WINDOW_STOP_LOSS,1,0,test,20260915 11:30:00,False,Low
20260916,2026-09-16 09:06:00+09:00,1.1730205278592376,98037.0,0.9393756467747498,H50_MAX_HOLD_EXIT,0,0,test,20260916 09:06:00,False,Low
20260916,2026-09-16 12:51:00+09:00,0.6920415224913495,109896.0,1.0529210280485761,B3_MAXHOLD,0,0,test,20260916 12:51:00,False,Low
20260917,2026-09-17 09:12:00+09:00,2.06067544361763,116557.0,1.118082787835069,B3_TP,0,0,test,20260917 09:12:00,False,High
20260917,2026-09-17 10:00:00+09:00,0.9703196347031963,122611.0,1.175825245465064,B3_TP,0,0,test,20260917 10:00:00,False,Low
20260918,2026-09-18 09:06:00+09:00,0.717439293598234,-26039.0,-1.0488769657128127,B3_SL,1,0,test,20260918 09:06:00,False,Low
20260921,2026-09-21 09:57:00+09:00,0.8047210300429184,121596.0,1.1652081919896968,B3_TP,0,0,test,20260921 09:57:00,True,Low
20260921,2026-09-21 10:51:00+09:00,0.42712226374799783,28386.0,0.2723087969862421,B3_MAXHOLD,0,0,test,20260921 10:51:00,False,Low
20260921,2026-09-21 12:57:00+09:00,0.42621204049014383,-650.0,-0.007271344191873993,B3_MAXHOLD,0,0,test,20260921 12:57:00,False,Low
20260922,2026-09-22 09:06:00+09:00,1.607050285121825,-74557.0,-0.7142432893299868,B3_MAXHOLD,0,0,test,20260922 09:06:00,True,Mid
20260922,2026-09-22 11:18:00+09:00,0.6272869837950863,-71806.0,-0.6888493435852667,B3_MAXHOLD,0,0,test,20260922 11:18:00,False,Low
20260922,2026-09-22 12:15:00+09:00,0.2608242044861763,366206.0,4.098141150784391,TIME_WINDOW_AFTERNOON_TP,0,0,test,20260922 12:15:00,False,Low
20260923,2026-09-23 10:18:00+09:00,1.06951871657754,-100806.0,-0.9659772031449887,B3_SL,1,0,test,20260923 10:18:00,False,Low
20260923,2026-09-23 10:42:00+09:00,0.9687836383207751,123582.0,1.1853422023144398,B3_TP,0,0,test,20260923 10:42:00,False,Low
20260923,2026-09-23 13:00:00+09:00,0.759631036353771,-89307.0,-0.9991228992654281,B3_SL,1,0,test,20260923 13:00:00,False,Low
20260928,2026-09-28 09:09:00+09:00,1.0439560439560438,-19119.0,-0.18333448402835315,B3_MAXHOLD,0,0,test,20260928 09:09:00,True,Low
20260928,2026-09-28 09:45:00+09:00,1.0508849557522124,117211.0,1.1240916163773984,B3_TP,0,0,test,20260928 09:45:00,False,Low
20260928,2026-09-28 10:36:00+09:00,1.4549524342473419,-22879.0,-0.9242415979413718,B3_SL,1,0,test,20260928 10:36:00,False,Mid
20260929,2026-09-29 09:54:00+09:00,1.3016411997736277,7936.0,0.07612247315546164,B3_MAXHOLD,0,0,test,20260929 09:54:00,False,Low
20260929,2026-09-29 10:36:00+09:00,0.847457627118644,116476.0,1.1167963871623452,B3_TP,0,0,test,20260929 10:36:00,False,Low
20260929,2026-09-29 12:15:00+09:00,0.6802721088435374,-22940.0,-0.25664864308497487,B3_MAXHOLD,0,0,test,20260929 12:15:00,False,Low
20260930,2026-09-30 09:06:00+09:00,1.6146993318485525,49393.0,0.47351192887111315,P3_PARTIAL_EXIT+OPPOSITE_SIGNAL,0,0,test,20260930 09:06:00,False,Mid
20260930,2026-09-30 09:51:00+09:00,1.5546918378678511,-109354.0,-1.0488988643339472,B3_SL,1,0,test,20260930 09:51:00,False,Mid
20261001,2026-10-01 09:18:00+09:00,1.693958215697346,-24539.0,-0.9894438889068096,B3_SL,1,0,test,20261001 09:18:00,True,Mid
20261001,2026-10-01 10:30:00+09:00,0.7882882882882882,-105996.0,-1.016501510904308,B3_SL,1,0,test,20261001 10:30:00,False,Low
20261001,2026-10-01 11:12:00+09:00,0.6186726659167604,87858.0,1.1053343725172342,B3_TP,0,0,test,20261001 11:12:00,False,Low
20261002,2026-10-02 10:00:00+09:00,0.8125677139761647,-99426.0,-0.9534865321681592,B3_SL,1,0,1002,20261002 10:00:00,False,Low
20261002,2026-10-02 11:30:00+09:00,0.5997818974918212,-83105.0,-0.996462829736211,B3_SL,1,0,1002,20261002 11:30:00,False,Low
20261002,2026-10-02 11:51:00+09:00,0.4617055947854427,40700.0,0.5121816168327796,H50_MAX_HOLD_EXIT,0,0,1002,20261002 11:51:00,False,Low
