day,entry,rs,krw,net,mfe,mae,hold,r3,mae3,mfe3,r5,mae5,mfe5,r10,mae10,mfe10,r15,mae15,mfe15,bucket
20260527,2026-05-27 09:09:00+09:00,TIME_WINDOW_STOP_LOSS,-131793.0,-1.265089732070864,4.821802935010482,-2.515723270440252,9.0,0.6638714185883997,-0.7686932215234101,4.821802935010482,-0.17470300489168414,-1.013277428371768,4.821802935010482,-1.7645003494060099,-2.515723270440252,4.821802935010482,-1.7645003494060099,-2.515723270440252,4.821802935010482,N1손절
20260527,2026-05-27 11:21:00+09:00,OPPOSITE_SIGNAL,267460.0,2.1402433120397286,3.715697971706153,-0.03408897221748764,36.0,1.1590250553945798,-0.03408897221748764,1.2612919720470428,0.6476904721322652,-0.03408897221748764,1.2612919720470428,1.4999147775694563,-0.03408897221748764,1.8919379580705644,2.8634736662689617,-0.03408897221748764,2.8634736662689617,기타
20260527,2026-05-27 13:57:00+09:00,TIME_WINDOW_STOP_LOSS,-98355.0,-1.4353092945233368,0.27201632097925876,-1.8021081264875893,6.0,-0.9180550833049982,-0.9520571234274057,0.27201632097925876,-1.4790887453247195,-1.6831009860591637,0.27201632097925876,-1.2580754845290718,-1.8021081264875893,0.27201632097925876,-1.2580754845290718,-1.8021081264875893,0.27201632097925876,N1손절
20260528,2026-05-28 09:27:00+09:00,TIME_WINDOW_TP1_PARTIAL+TIME_WINDOW_TP2_FULL,417316.0,4.006528480496165,4.955116696588869,-1.4542190305206462,20.333333333333332,-0.0718132854578097,-1.4542190305206462,0.59245960502693,0.5206463195691202,-1.4542190305206462,0.59245960502693,0.718132854578097,-1.4542190305206462,0.718132854578097,3.429084380610413,-1.4542190305206462,3.429084380610413,RUNNER(TP2)
20260528,2026-05-28 11:06:00+09:00,TIME_WINDOW_STOP_LOSS,-136848.0,-1.6405269423175823,0.228310502283105,-1.650860554970144,12.0,-0.9483667017913594,-0.9659290481208289,0.228310502283105,-0.7024938531787847,-1.141552511415525,0.228310502283105,-1.4927994380049174,-1.5454864769933263,0.228310502283105,-1.3171759747102214,-1.650860554970144,0.228310502283105,N1손절
20260529,2026-05-29 09:42:00+09:00,TIME_WINDOW_TP1_PARTIAL+TIME_WINDOW_TP2_FULL,409142.0,3.923635535416742,4.341880341880342,-1.6752136752136753,104.33333333333333,-0.7521367521367521,-1.6752136752136753,0.06837606837606838,-0.23931623931623933,-1.6752136752136753,0.06837606837606838,0.06837606837606838,-1.6752136752136753,0.717948717948718,0.9914529914529915,-1.6752136752136753,1.2991452991452992,RUNNER(TP2)
20260529,2026-05-29 13:12:00+09:00,OPPOSITE_SIGNAL,-117546.0,-1.12603117263062,0.361961171437973,-1.3162224415926291,24.0,-0.09871668311944717,-0.3290556103981573,0.361961171437973,-0.16452780519907864,-0.42777229351760443,0.361961171437973,-0.361961171437973,-0.5923000987166831,0.361961171437973,-0.19743336623889435,-0.5923000987166831,0.361961171437973,기타
20260601,2026-06-01 09:21:00+09:00,TIME_WINDOW_STOP_LOSS,-161259.0,-1.5446774821581748,0.09813542688910697,-1.7991494929669611,18.0,-0.3598298985933922,-0.7523716061498201,0.09813542688910697,-0.7196597971867844,-1.0467778868171411,0.09813542688910697,-0.42525351651946347,-1.0467778868171411,0.09813542688910697,-0.9159306509649985,-1.0467778868171411,0.09813542688910697,N1손절
20260601,2026-06-01 09:42:00+09:00,TIME_WINDOW_TP1_PARTIAL+C1_PEAK_PROTECTION_EXIT,450236.0,4.506115847558941,6.115647392101317,-1.0998166972171306,102.0,0.0,-0.2999500083319447,0.6832194634227629,0.4165972337943676,-0.2999500083319447,0.6832194634227629,-0.5499083486085653,-0.7165472421263123,0.6832194634227629,-0.5332444592567905,-1.0998166972171306,0.6832194634227629,기타
20260602,2026-06-02 09:39:00+09:00,TIME_WINDOW_STOP_LOSS,-119404.0,-1.1467497600213592,0.1790656031255087,-2.1813446198925606,6.0,-0.9604427804004558,-1.0906723099462803,0.1790656031255087,-1.1557870747191925,-1.8720494872212274,0.1790656031255087,-1.9860003255738237,-2.1813446198925606,0.1790656031255087,-1.9860003255738237,-2.1813446198925606,0.1790656031255087,N1손절
20260602,2026-06-02 09:54:00+09:00,OPPOSITE_SIGNAL,-83309.0,-0.6653712098703904,2.665350444225074,-0.6910167818361304,27.0,1.447844685751892,-0.03290556103981573,1.4807502467917077,2.566633761105627,-0.03290556103981573,2.665350444225074,1.3491280026324448,-0.03290556103981573,2.665350444225074,0.46067785455742016,-0.5593945376768674,2.665350444225074,기타
20260602,2026-06-02 10:51:00+09:00,OPPOSITE_SIGNAL,-21336.0,-0.7164732430689877,2.6756931012250162,-1.4184397163120568,33.0,0.09671179883945842,-0.5802707930367506,0.3546099290780142,0.06447453255963895,-0.5802707930367506,0.3546099290780142,0.5802707930367506,-0.5802707930367506,1.2894906511927788,1.8052869116698904,-0.5802707930367506,1.9019987105093488,기타
20260604,2026-06-04 09:39:00+09:00,TIME_WINDOW_STOP_LOSS,-231309.0,-2.2234066686147553,0.6936220605650482,-2.3177127389612586,12.0,-0.38910505836575876,-0.7951277279648113,0.6936220605650482,-0.4906107257655219,-0.8797157841312806,0.6936220605650482,-1.4887497885298595,-1.911690069362206,0.6936220605650482,-2.2500422940280833,-2.3177127389612586,0.6936220605650482,N1손절
20260604,2026-06-04 09:57:00+09:00,TIME_WINDOW_STOP_LOSS,-272562.0,-2.1769553997378663,0.4467134652201659,-2.361199744735163,39.0,-0.9891512444160817,-1.1167836630504147,0.031908104658583285,-0.22335673261008296,-1.3082322910019146,0.031908104658583285,-0.12763241863433314,-1.3082322910019146,0.35098915124441604,-1.3401403956604978,-1.467772814294831,0.35098915124441604,N1손절
20260604,2026-06-04 10:57:00+09:00,TIME_WINDOW_STOP_LOSS,-36315.0,-1.221678356966241,1.5659955257270695,-1.342281879194631,69.0,0.22371364653243847,-0.2556727388942154,0.4154682007031001,0.6391818472355385,-0.2556727388942154,0.7031000319590924,0.1278363694471077,-0.2556727388942154,1.0226909555768615,1.278363694471077,-0.2556727388942154,1.278363694471077,N1손절
20260605,2026-06-05 09:45:00+09:00,TIME_WINDOW_STOP_LOSS,-138033.0,-1.324368161165856,0.8232146532208273,-2.0374562667215477,9.0,-0.6379913562461412,-0.9261164848734307,0.8232146532208273,-0.9878575838649928,-1.2142416135007204,0.8232146532208273,-0.9261164848734307,-2.0374562667215477,0.8232146532208273,-0.9261164848734307,-2.0374562667215477,0.8232146532208273,N1손절
20260608,2026-06-08 10:48:00+09:00,TIME_WINDOW_TP1_PARTIAL+TIME_WINDOW_TP2_FULL,326002.0,3.9108288507032247,4.537973195391489,-1.1286150952268985,16.666666666666668,0.5172819186456619,-1.1286150952268985,0.846461321420174,0.3056665882906184,-1.1286150952268985,1.1521279097107924,1.9280507876792852,-1.1286150952268985,2.8920761815189278,3.6209734305196335,-1.1286150952268985,4.091229720197507,RUNNER(TP2)
20260608,2026-06-08 14:42:00+09:00,FORCED_LIQUIDATION,144872.0,1.3914446592150602,2.6748466257668713,-0.8098159509202454,18.0,0.49079754601227,-0.8098159509202454,0.98159509202454,1.177914110429448,-0.8098159509202454,1.177914110429448,1.030674846625767,-0.8098159509202454,2.6748466257668713,1.8895705521472392,-0.8098159509202454,2.6748466257668713,기타
20260609,2026-06-09 10:39:00+09:00,OPPOSITE_SIGNAL,75799.0,0.727499059421525,1.9594745045646849,-0.779336450679136,36.0,0.5344021376085505,-0.0445335114673792,1.514139389890893,-0.0890670229347584,-0.779336450679136,1.514139389890893,0.6457359162769984,-0.779336450679136,1.514139389890893,0.37853484747272326,-0.779336450679136,1.9594745045646849,기타
20260609,2026-06-09 12:12:00+09:00,TIME_WINDOW_AFTERNOON_TP,428391.0,4.111514209207912,4.383259911894273,-0.04405286343612335,25.333333333333332,0.6607929515418502,-0.04405286343612335,0.881057268722467,0.9471365638766519,-0.04405286343612335,1.2334801762114538,0.9471365638766519,-0.04405286343612335,1.762114537444934,1.5859030837004406,-0.04405286343612335,1.9162995594713657,기타
20260609,2026-06-09 14:39:00+09:00,FORCED_LIQUIDATION,16749.0,0.18760206721819367,1.1108945624634574,-1.6760865328396026,21.0,-0.6236601052426427,-1.0719158058857923,0.29234067433248884,-0.9549795361527967,-1.0719158058857923,0.29234067433248884,0.7795751315533035,-1.0719158058857923,1.1108945624634574,-1.2668095887741182,-1.325277723640616,1.1108945624634574,기타
20260610,2026-06-10 10:15:00+09:00,TIME_WINDOW_STOP_LOSS,-156243.0,-1.4988200759755959,2.3109243697478994,-1.9327731092436975,39.0,1.9747899159663864,-0.5672268907563025,2.0588235294117645,1.4285714285714286,-0.5672268907563025,2.3109243697478994,0.4831932773109244,-0.5672268907563025,2.3109243697478994,-0.02100840336134454,-0.5672268907563025,2.3109243697478994,N1손절
20260610,2026-06-10 10:57:00+09:00,OPPOSITE_SIGNAL,211001.0,1.6857793996336843,3.880070546737213,-0.14109347442680778,51.0,1.3403880070546736,-0.14109347442680778,1.4462081128747795,1.2698412698412698,-0.14109347442680778,1.4814814814814816,1.728395061728395,-0.14109347442680778,1.9047619047619049,1.7989417989417988,-0.14109347442680778,2.7160493827160495,기타
20260610,2026-06-10 12:39:00+09:00,TIME_WINDOW_AFTERNOON_TP,282691.0,4.126225354250717,4.2025490871512226,-0.13778849466069584,45.666666666666664,0.6200482259731313,-0.13778849466069584,0.7578367206338271,0.6889424733034791,-0.13778849466069584,0.861178091629349,1.1367550809507405,-0.13778849466069584,1.1367550809507405,0.6544953496383052,-0.13778849466069584,1.5845676885980022,기타
20260611,2026-06-11 09:09:00+09:00,TIME_WINDOW_STOP_LOSS,-476701.0,-4.572460932254438,1.4071294559099436,-4.690431519699812,9.0,-0.9380863039399625,-1.0631644777986242,1.4071294559099436,-0.7504690431519699,-2.25140712945591,1.4071294559099436,-3.3458411507192,-4.690431519699812,1.4071294559099436,-3.3458411507192,-4.690431519699812,1.4071294559099436,N1손절
20260611,2026-06-11 09:21:00+09:00,TIME_WINDOW_STOP_LOSS,-270680.0,-2.164148436213268,1.4915098669114273,-3.051858650757228,15.0,1.1243689765947684,-1.3308857273978891,1.4915098669114273,-1.0555300596603947,-1.4915098669114273,1.4915098669114273,-0.32124827902707664,-1.4915098669114273,1.4915098669114273,-2.4782010096374485,-3.051858650757228,1.4915098669114273,N1손절
20260611,2026-06-11 12:18:00+09:00,TIME_WINDOW_STOP_LOSS,-87135.0,-1.2713607871975348,0.5655355954757153,-1.5635395874916833,12.0,-0.1330671989354624,-0.29940119760479045,0.5655355954757153,-0.7651363938789089,-0.83166999334664,0.5655355954757153,-0.7984031936127743,-1.5635395874916833,0.5655355954757153,-1.2308715901530274,-1.5635395874916833,0.5655355954757153,N1손절
20260612,2026-06-12 09:48:00+09:00,TIME_WINDOW_TP1_PARTIAL+TIME_WINDOW_AFTER_TP1_STOP,209553.0,2.0095224395857305,3.79746835443038,-1.0126582278481013,45.0,0.04219409282700422,-0.5063291139240507,0.25316455696202533,-0.6751054852320675,-1.0126582278481013,0.25316455696202533,0.9282700421940928,-1.0126582278481013,0.9282700421940928,0.16877637130801687,-1.0126582278481013,0.9704641350210972,기타
20260615,2026-06-15 09:06:00+09:00,OPPOSITE_SIGNAL,216759.0,2.0825240969498413,2.8851488810800814,-1.5535417051969669,51.0,-0.2034399852043647,-1.5535417051969669,0.018494544109487702,0.9802108378028482,-1.5535417051969669,1.3131126317736268,0.739781764379508,-1.5535417051969669,1.4055853523210653,0.9432217495838727,-1.5535417051969669,1.4055853523210653,기타
20260615,2026-06-15 09:57:00+09:00,TIME_WINDOW_TP1_PARTIAL+TIME_WINDOW_TP2_FULL,415095.0,3.979195964580799,4.496325118893212,-0.34587116299178555,59.666666666666664,0.17293558149589278,-0.17293558149589278,0.4755728491137051,0.043233895373973194,-0.17293558149589278,0.7349762213575443,0.38910505836575876,-0.34587116299178555,0.8646779074794639,0.9511456982274102,-0.34587116299178555,0.9943795936013834,RUNNER(TP2)
20260615,2026-06-15 13:15:00+09:00,TIME_WINDOW_STOP_LOSS,-148518.0,-1.6665881164787073,0.6199854121079504,-2.0058351568198396,81.0,0.4194018964259664,-0.01823486506199854,0.437636761487965,0.23705324580598103,-0.01823486506199854,0.437636761487965,0.18234865061998543,-0.01823486506199854,0.437636761487965,0.2735229759299781,-0.01823486506199854,0.6199854121079504,N1손절
20260616,2026-06-16 09:45:00+09:00,TIME_WINDOW_TP1_PARTIAL+TIME_WINDOW_TP2_FULL,414475.0,3.9731668049450457,4.551539491298527,-0.6693440428380187,21.333333333333332,0.31236055332440876,-0.6693440428380187,0.535475234270415,2.5435073627844713,-0.6693440428380187,2.5881302989736725,1.6956715751896476,-0.6693440428380187,2.85586791610888,2.2757697456492636,-0.6693440428380187,2.85586791610888,RUNNER(TP2)
20260616,2026-06-16 10:36:00+09:00,TIME_WINDOW_TP1_PARTIAL+H50_MAX_HOLD_EXIT,396942.0,3.807012832562868,3.97444996451384,-0.3371185237757275,129.0,0.9581263307310149,-0.3371185237757275,0.9581263307310149,1.2242725337118523,-0.3371185237757275,1.312987934705465,1.4549325762952448,-0.3371185237757275,1.5436479772888574,1.171043293115685,-0.3371185237757275,2.0049680624556423,기타
20260616,2026-06-16 14:12:00+09:00,TIME_WINDOW_STOP_LOSS,-103156.0,-1.15488561531727,0.4453579993148339,-1.5930113052415211,24.0,0.0,-0.1541623843782117,0.08564576909900651,0.20554984583761562,-0.1541623843782117,0.34258307639602603,0.1370332305584104,-0.1541623843782117,0.4453579993148339,-0.3597122302158274,-0.4453579993148339,0.4453579993148339,N1손절
20260617,2026-06-17 10:18:00+09:00,H50_MAX_HOLD_EXIT,85234.0,0.8184425643138147,2.0222446916076846,-0.6572295247724975,90.0,0.5055611729019212,-0.42130097741826766,0.5729693292888439,0.6976744186046512,-0.42130097741826766,1.1459386585776878,0.8257499157398046,-0.42130097741826766,2.0222446916076846,0.8763060330299965,-0.42130097741826766,2.0222446916076846,기타
20260617,2026-06-17 12:51:00+09:00,TIME_WINDOW_AFTERNOON_TP,427771.0,4.107177919205623,4.36448442445444,-0.283191737464601,38.333333333333336,0.0,-0.06663334999167084,0.18324171247709478,-0.03331667499583542,-0.283191737464601,0.18324171247709478,0.01665833749791771,-0.283191737464601,0.24987506246876562,0.6330168249208729,-0.283191737464601,0.6496751624187905,기타
20260618,2026-06-18 09:06:00+09:00,OPPOSITE_SIGNAL,200233.0,1.9193194344596214,3.0625449317038105,-0.6326383896477354,45.0,1.0352264557872035,-0.07189072609633358,2.214234363767074,0.7476635514018692,-0.07189072609633358,2.214234363767074,-0.15815959741193386,-0.603882099209202,2.516175413371675,0.14378145219266716,-0.6326383896477354,2.516175413371675,기타
20260618,2026-06-18 09:51:00+09:00,TIME_WINDOW_TP1_PARTIAL+TIME_WINDOW_TRAILING_STOP,172245.0,1.6517548906789414,4.261363636363636,-0.056818181818181816,24.0,1.5340909090909092,-0.056818181818181816,2.8977272727272725,2.3863636363636367,-0.056818181818181816,2.8977272727272725,2.3295454545454546,-0.056818181818181816,4.261363636363636,2.5,-0.056818181818181816,4.261363636363636,기타
20260618,2026-06-18 11:12:00+09:00,H50_MAX_HOLD_EXIT,302939.0,3.3968435511451243,3.673758865248227,-0.2127659574468085,81.0,0.425531914893617,-0.07092198581560284,0.5815602836879432,0.5531914893617021,-0.07092198581560284,0.624113475177305,0.48226950354609927,-0.07092198581560284,0.624113475177305,0.0851063829787234,-0.07092198581560284,0.6950354609929078,기타
20260619,2026-06-19 09:06:00+09:00,TIME_WINDOW_STOP_LOSS,-160772.0,-1.545504183585579,0.02422480620155039,-2.5314922480620154,6.0,-0.375484496124031,-1.4050387596899225,0.02422480620155039,-1.6109496124031009,-1.6351744186046513,0.02422480620155039,-2.422480620155039,-2.5314922480620154,0.02422480620155039,-2.422480620155039,-2.5314922480620154,0.02422480620155039,N1손절
20260619,2026-06-19 10:24:00+09:00,OPPOSITE_SIGNAL,-56768.0,-0.4543791866670189,0.4235792446170138,-1.200141193081539,15.0,0.30591834333450996,-0.35298270384751146,0.37651488410401224,-0.011766090128250382,-0.35298270384751146,0.4235792446170138,-0.023532180256500765,-1.200141193081539,0.4235792446170138,-0.7059654076950229,-1.200141193081539,0.4235792446170138,기타
20260619,2026-06-19 11:48:00+09:00,TIME_WINDOW_STOP_LOSS,-79550.0,-1.1624075498772202,0.3691794688579254,-1.250446588067167,21.0,-0.3929974991068239,-0.5359056806002144,0.21436227224008575,0.0,-0.5359056806002144,0.21436227224008575,-0.30963439323567943,-0.5359056806002144,0.3691794688579254,-0.23818030248898414,-0.5359056806002144,0.3691794688579254,N1손절
20260622,2026-06-22 09:15:00+09:00,TIME_WINDOW_STOP_LOSS,-305959.0,-2.933389707983149,-0.06361323155216285,-3.307888040712468,12.0,-1.5267175572519083,-1.9720101781170483,-0.06361323155216285,-1.2086513994910941,-1.9720101781170483,-0.06361323155216285,-2.035623409669211,-2.1628498727735366,-0.06361323155216285,-3.1806615776081424,-3.307888040712468,-0.06361323155216285,N1손절
20260622,2026-06-22 09:30:00+09:00,TIME_WINDOW_TP1_PARTIAL+TIME_WINDOW_TP2_FULL,1017179.0,8.145023161586598,8.76256671217575,-0.16135037855281123,52.333333333333336,1.7996772992428942,-0.16135037855281123,2.122378056348517,2.5567829216830087,-0.16135037855281123,2.643663894749907,2.2961400024823138,-0.16135037855281123,2.643663894749907,3.5993545984857884,-0.16135037855281123,4.108228869306194,RUNNER(TP2)
20260622,2026-06-22 12:21:00+09:00,TIME_WINDOW_STOP_LOSS,-198311.0,-2.89674897038191,1.0319917440660475,-3.1189083820662766,54.0,0.5618621717692925,-0.2293314986813439,0.5618621717692925,0.33253067308794865,-0.2293314986813439,0.6535947712418301,0.3669303978901502,-0.4242632725604861,0.6535947712418301,0.35546382295608303,-0.4242632725604861,0.6535947712418301,N1손절
20260623,2026-06-23 10:33:00+09:00,TIME_WINDOW_TP1_PARTIAL+OPPOSITE_SIGNAL,458740.0,4.399012298324263,5.423728813559322,-0.2711864406779661,45.0,1.7627118644067796,-0.13559322033898305,1.8983050847457625,1.6271186440677967,-0.13559322033898305,1.8983050847457625,1.423728813559322,-0.2711864406779661,1.8983050847457625,2.7796610169491522,-0.2711864406779661,2.7796610169491522,기타
20260623,2026-06-23 12:30:00+09:00,TIME_WINDOW_BREAKEVEN_STOP,5805.0,0.05564723582780895,2.643171806167401,-0.25173064820641916,15.0,1.44745122718691,-0.18879798615481436,1.44745122718691,1.44745122718691,-0.18879798615481436,1.9509125235997484,1.762114537444934,-0.18879798615481436,2.643171806167401,0.3775959723096287,-0.25173064820641916,2.643171806167401,기타
20260623,2026-06-23 13:27:00+09:00,TIME_WINDOW_AFTERNOON_TP,368276.0,4.1201511230744625,4.127579737335835,-0.6879299562226392,33.0,0.18761726078799248,-0.5628517823639775,0.31269543464665417,-0.5003126954346466,-0.6879299562226392,0.4377736085053158,-0.12507817385866166,-0.6879299562226392,0.4377736085053158,1.3133208255159476,-0.6879299562226392,1.3133208255159476,기타
20260624,2026-06-24 10:00:00+09:00,TIME_WINDOW_TP1_PARTIAL+TIME_WINDOW_TP2_FULL,419175.0,4.017914911360009,4.904458598726115,-0.7006369426751593,5.666666666666667,2.7388535031847137,-0.7006369426751593,3.121019108280255,4.45859872611465,-0.7006369426751593,4.904458598726115,4.45859872611465,-0.7006369426751593,4.904458598726115,4.45859872611465,-0.7006369426751593,4.904458598726115,RUNNER(TP2)
20260624,2026-06-24 10:39:00+09:00,TIME_WINDOW_STOP_LOSS,-179831.0,-1.7269390624279766,0.4974417282546902,-2.1176805002842523,9.0,-0.05685048322910744,-1.1654349061967026,0.4974417282546902,-1.2933484934621944,-1.3786242183058557,0.4974417282546902,-2.075042637862422,-2.1176805002842523,0.4974417282546902,-2.075042637862422,-2.1176805002842523,0.4974417282546902,N1손절
20260624,2026-06-24 13:18:00+09:00,TIME_WINDOW_STOP_LOSS,-185704.0,-2.076919291558741,1.252723311546841,-2.2331154684095864,21.0,0.32679738562091504,-0.10893246187363835,1.0893246187363834,1.1982570806100217,-0.10893246187363835,1.252723311546841,1.0893246187363834,-0.10893246187363835,1.252723311546841,-0.7625272331154684,-1.3616557734204793,1.252723311546841,N1손절
20260625,2026-06-25 09:06:00+09:00,OPPOSITE_SIGNAL,222102.0,2.1290697362316284,2.2113943028485754,-0.14992503748125938,45.0,0.14992503748125938,-0.14992503748125938,0.29985007496251875,0.1874062968515742,-0.14992503748125938,0.3748125937031484,0.6746626686656672,-0.14992503748125938,0.7496251874062968,1.0494752623688157,-0.14992503748125938,1.0869565217391304,기타
20260625,2026-06-25 09:51:00+09:00,TIME_WINDOW_STOP_LOSS,-30484.0,-1.228264920674893,0.12631578947368421,-1.3894736842105264,27.0,-0.12631578947368421,-0.21052631578947367,0.12631578947368421,-0.25263157894736843,-0.5052631578947369,0.12631578947368421,-0.3368421052631579,-0.5894736842105264,0.12631578947368421,-0.5473684210526315,-0.5894736842105264,0.12631578947368421,N1손절
20260626,2026-06-26 09:06:00+09:00,TIME_WINDOW_TP1_PARTIAL+TIME_WINDOW_TP2_FULL,848881.0,8.141220587036479,8.397565922920892,-0.08113590263691683,76.66666666666667,0.2839756592292089,-0.08113590263691683,0.4462474645030426,0.5273833671399595,-0.08113590263691683,0.7707910750507099,1.1764705882352942,-0.08113590263691683,1.2576064908722109,1.7444219066937119,-0.08113590263691683,1.8255578093306288,RUNNER(TP2)
20260629,2026-06-29 09:36:00+09:00,TIME_WINDOW_STOP_LOSS,-30579.0,-1.2346920234994851,0.0,-1.3425393172228617,27.0,-0.2685078634445723,-0.42194092827004215,0.0,-0.34522439585730724,-0.49865746068277716,0.0,-0.5753739930955121,-0.6520905255082471,0.0,-0.6520905255082471,-0.9205983889528193,0.0,N1손절
20260630,2026-06-30 09:27:00+09:00,TIME_WINDOW_TP1_PARTIAL+TIME_WINDOW_TP2_FULL,846130.0,8.11273628549376,8.385899814471243,-0.11131725417439704,127.33333333333333,0.2597402597402597,-0.11131725417439704,0.2597402597402597,0.3339517625231911,-0.11131725417439704,0.40816326530612246,0.6679035250463822,-0.11131725417439704,0.7050092764378479,1.1873840445269017,-0.11131725417439704,1.261595547309833,RUNNER(TP2)
20260701,2026-07-01 09:21:00+09:00,TIME_WINDOW_TP1_PARTIAL+TIME_WINDOW_TP2_FULL,742614.0,7.118069933287324,8.252818035426731,-0.1610305958132045,118.66666666666667,0.24154589371980675,-0.1610305958132045,0.36231884057971014,0.36231884057971014,-0.1610305958132045,0.40257648953301123,0.6843800322061192,-0.1610305958132045,0.7648953301127215,1.0869565217391304,-0.1610305958132045,1.1674718196457328,RUNNER(TP2)
20260702,2026-07-02 09:45:00+09:00,TIME_WINDOW_STOP_LOSS,-35699.0,-1.44021914536535,0.0774593338497289,-1.6266460108443066,12.0,-0.46475600309837334,-0.5809450038729667,0.0774593338497289,-0.69713400464756,-0.69713400464756,0.0774593338497289,-1.2393493415956625,-1.2393493415956625,0.0774593338497289,-1.549186676994578,-1.6266460108443066,0.0774593338497289,N1손절
20260703,2026-07-03 09:12:00+09:00,TIME_WINDOW_TP1_PARTIAL+TIME_WINDOW_TP2_FULL,409426.0,3.9248516291317848,4.249815225424982,-0.07390983000739099,30.666666666666668,0.5912786400591279,-0.07390983000739099,0.6282335550628234,0.8499630450849962,-0.07390983000739099,0.8869179600886918,1.3673318551367333,-0.07390983000739099,1.4781966001478197,1.958610495195861,-0.07390983000739099,2.0694752402069474,RUNNER(TP2)
20260706,2026-07-06 09:21:00+09:00,TIME_WINDOW_TP1_PARTIAL+TIME_WINDOW_TP2_FULL,408891.0,3.9206738836524724,4.208416833667335,-0.16032064128256512,52.666666666666664,0.24048096192384769,-0.16032064128256512,0.24048096192384769,0.32064128256513025,-0.16032064128256512,0.5210420841683366,0.8016032064128256,-0.16032064128256512,0.8416833667334669,1.002004008016032,-0.16032064128256512,1.0821643286573146,RUNNER(TP2)
20260708,2026-07-08 09:42:00+09:00,TIME_WINDOW_STOP_LOSS,-31199.0,-1.2610344047080126,0.1899696048632219,-1.5197568389057752,54.0,0.0,-0.11398176291793312,0.1899696048632219,-0.11398176291793312,-0.1519756838905775,0.1899696048632219,-0.26595744680851063,-0.34194528875379937,0.1899696048632219,-0.4939209726443769,-0.4939209726443769,0.1899696048632219,N1손절
20260709,2026-07-09 09:06:00+09:00,TIME_WINDOW_STOP_LOSS,-32904.0,-1.3259775376890497,0.0,-1.5825169555388092,15.0,-0.4144687264506406,-0.48982667671439334,0.0,-0.5651846269781462,-0.7535795026375283,0.0,-0.9796533534287867,-1.092690278824416,0.0,-1.46948003014318,-1.5825169555388092,0.0,N1손절
20260709,2026-07-09 09:54:00+09:00,TIME_WINDOW_TP1_PARTIAL+C1_PEAK_PROTECTION_EXIT,794941.0,6.347635070931104,8.124018838304552,-0.03924646781789639,126.0,0.3139717425431711,-0.03924646781789639,0.3139717425431711,0.5494505494505495,-0.03924646781789639,0.6279434850863422,1.0204081632653061,-0.03924646781789639,1.0596546310832025,1.3343799058084773,-0.03924646781789639,1.4128728414442702,기타
20260710,2026-07-10 09:06:00+09:00,TIME_WINDOW_STOP_LOSS,-134545.0,-1.290259164249239,0.0,-1.3584905660377358,18.0,-0.37735849056603776,-0.5283018867924528,0.0,-0.4528301886792453,-0.5283018867924528,0.0,-0.7547169811320755,-0.8301886792452831,0.0,-1.169811320754717,-1.169811320754717,0.0,N1손절
20260710,2026-07-10 09:45:00+09:00,TIME_WINDOW_TP1_PARTIAL+C1_PEAK_PROTECTION_EXIT,684683.0,5.466967422548707,7.603960396039604,-0.07920792079207921,138.0,0.2772277227722772,-0.07920792079207921,0.31683168316831684,0.4752475247524752,-0.07920792079207921,0.5148514851485149,0.5544554455445544,-0.07920792079207921,0.6732673267326733,0.8316831683168318,-0.07920792079207921,1.0297029702970297,기타
20260714,2026-07-14 09:21:00+09:00,TIME_WINDOW_TP1_PARTIAL+TIME_WINDOW_TP2_FULL,407315.0,3.9017219917111814,4.183635690485006,-0.18511662347278787,57.333333333333336,0.11106997408367272,-0.18511662347278787,0.1480932987782303,0.1480932987782303,-0.18511662347278787,0.259163272861903,0.6293965198074787,-0.18511662347278787,0.6664198445020363,0.9255831173639394,-0.18511662347278787,0.9996297667530544,RUNNER(TP2)
20260715,2026-07-15 09:45:00+09:00,TIME_WINDOW_STOP_LOSS,-79417.0,-3.203486777352889,-0.05707762557077625,-3.1963470319634704,6.0,-1.4269406392694064,-1.5410958904109588,-0.05707762557077625,-2.73972602739726,-2.73972602739726,-0.05707762557077625,-3.1963470319634704,-3.1963470319634704,-0.05707762557077625,-3.1963470319634704,-3.1963470319634704,-0.05707762557077625,N1손절
20260715,2026-07-15 11:18:00+09:00,TIME_WINDOW_STOP_LOSS,-188820.0,-1.507735107502583,-0.025432349949135298,-1.5005086469989828,9.0,-0.6358087487283826,-0.8392675483214649,-0.025432349949135298,-0.508646998982706,-0.8392675483214649,-0.025432349949135298,-1.5005086469989828,-1.5005086469989828,-0.025432349949135298,-1.5005086469989828,-1.5005086469989828,-0.025432349949135298,N1손절
20260715,2026-07-15 12:33:00+09:00,TIME_WINDOW_PROFIT_LOCK_STOP,74254.0,0.6225787289094475,2.2171831695641218,-0.20156210632401111,54.0,0.1763668430335097,-0.02519526329050139,0.3527336860670194,0.47871000251952633,-0.02519526329050139,0.47871000251952633,0.12597631645250693,-0.02519526329050139,0.781053162005543,1.2849584278155708,-0.20156210632401111,1.2849584278155708,기타
20260716,2026-07-16 09:06:00+09:00,TIME_WINDOW_TP1_PARTIAL+OPPOSITE_SIGNAL,540752.0,5.182873529727491,6.080449017773621,-0.04677268475210477,48.0,1.4967259120673526,-0.04677268475210477,1.4967259120673526,0.7483629560336763,-0.04677268475210477,1.4967259120673526,2.8999064546304956,-0.04677268475210477,2.8999064546304956,2.385406922357343,-0.04677268475210477,3.8353601496725913,기타
20260720,2026-07-20 09:18:00+09:00,TIME_WINDOW_STOP_LOSS,-254790.0,-2.4429602015808913,1.4681348014681348,-2.435769102435769,12.0,0.0,-0.033366700033366704,0.5005005005005005,1.2679346012679347,-0.033366700033366704,1.2679346012679347,-0.7007007007007007,-0.7007007007007007,1.4681348014681348,-2.435769102435769,-2.435769102435769,1.4681348014681348,N1손절
20260720,2026-07-20 09:54:00+09:00,TIME_WINDOW_TP1_PARTIAL+TIME_WINDOW_TP2_FULL,1186371.0,9.471891610296861,9.483899426554919,-1.102779003087781,60.0,1.5438906043228937,-0.8381120423467137,1.5438906043228937,1.7203352448169384,-0.8381120423467137,2.205558006175562,1.3674459638288485,-0.8381120423467137,2.205558006175562,-0.30877812086457873,-0.8381120423467137,2.205558006175562,RUNNER(TP2)
20260720,2026-07-20 13:18:00+09:00,TIME_WINDOW_STOP_LOSS,-111096.0,-1.6194834813297154,-0.04030632809351068,-1.6122531237404272,6.0,-0.24183796856106407,-0.5239822652156388,-0.04030632809351068,-1.370415155179363,-1.370415155179363,-0.04030632809351068,-1.6122531237404272,-1.6122531237404272,-0.04030632809351068,-1.6122531237404272,-1.6122531237404272,-0.04030632809351068,N1손절
20260721,2026-07-21 09:21:00+09:00,TIME_WINDOW_TP1_PARTIAL+TIME_WINDOW_AFTER_TP1_STOP,214043.0,2.0523650673261042,3.282357329354718,-0.8951883625512868,36.0,0.7086907870197687,-0.8951883625512868,0.7086907870197687,0.14919806042521447,-0.8951883625512868,0.7086907870197687,-0.5594927265945543,-0.8951883625512868,0.7086907870197687,0.14919806042521447,-0.8951883625512868,0.7086907870197687,기타
20260721,2026-07-21 11:48:00+09:00,TIME_WINDOW_AFTERNOON_TP,430515.0,4.128565078734891,4.135997195934104,-0.9463722397476341,50.0,0.03505082369435682,-0.28040658955485454,0.24535576586049773,-0.9463722397476341,-0.9463722397476341,0.24535576586049773,0.24535576586049773,-0.9463722397476341,0.24535576586049773,0.7360672975814931,-0.9463722397476341,0.7360672975814931,기타
20260722,2026-07-22 13:39:00+09:00,TIME_WINDOW_PROFIT_LOCK_STOP,140445.0,1.3467266042870485,2.106318956870612,-0.3009027081243731,21.0,0.15045135406218654,-0.3009027081243731,0.3009027081243731,-0.3009027081243731,-0.3009027081243731,0.3009027081243731,0.6018054162487462,-0.3009027081243731,0.6018054162487462,1.354062186559679,-0.3009027081243731,1.354062186559679,기타
20260723,2026-07-23 10:27:00+09:00,TIME_WINDOW_TP1_PARTIAL+C1_PEAK_PROTECTION_EXIT,474933.0,4.554292426821375,7.941888619854722,-0.048426150121065374,78.0,1.6464891041162228,-0.048426150121065374,1.6464891041162228,1.0169491525423728,-0.048426150121065374,2.469733656174334,0.6295399515738499,-0.048426150121065374,2.469733656174334,0.8716707021791767,-0.048426150121065374,2.469733656174334,기타
20260723,2026-07-23 13:24:00+09:00,TIME_WINDOW_STOP_LOSS,-94135.0,-0.902955432072831,0.6078055022392834,-1.183621241202815,30.0,-0.19193857965451055,-0.19193857965451055,0.35188739603326935,0.12795905310300704,-0.19193857965451055,0.35188739603326935,0.6078055022392834,-0.35188739603326935,0.6078055022392834,0.2559181062060141,-0.35188739603326935,0.6078055022392834,N1손절
20260723,2026-07-23 14:33:00+09:00,TIME_WINDOW_STOP_LOSS,-137927.0,-1.5417590721299161,-0.0319693094629156,-1.5345268542199488,6.0,-0.47953964194373405,-0.6074168797953964,-0.0319693094629156,-1.1828644501278773,-1.1828644501278773,-0.0319693094629156,-1.5345268542199488,-1.5345268542199488,-0.0319693094629156,-1.5345268542199488,-1.5345268542199488,-0.0319693094629156,N1손절
20260727,2026-07-27 09:06:00+09:00,OPPOSITE_SIGNAL,12840.0,0.5192347353479965,0.7145543437382474,-0.07521624670928921,78.0,0.15043249341857842,-0.07521624670928921,0.22564874012786762,0.22564874012786762,-0.07521624670928921,0.2632568634825122,0.33847311019180143,-0.07521624670928921,0.376081233546446,0.376081233546446,-0.07521624670928921,0.5641218503196691,기타
20260727,2026-07-27 10:24:00+09:00,TIME_WINDOW_TP1_PARTIAL+TIME_WINDOW_TP2_FULL,845406.0,8.10629585468604,8.200734394124847,-0.6527947776417788,152.33333333333334,-0.1631986944104447,-0.24479804161566704,0.08159934720522236,-0.1631986944104447,-0.24479804161566704,0.08159934720522236,-0.12239902080783352,-0.3263973888208894,0.08159934720522236,-0.2039983680130559,-0.3263973888208894,0.08159934720522236,RUNNER(TP2)
20260728,2026-07-28 09:06:00+09:00,TIME_WINDOW_TP1_PARTIAL+OPPOSITE_SIGNAL,417947.0,4.008334172504903,4.178498985801217,-0.16227180527383367,54.0,0.4056795131845842,-0.16227180527383367,0.5679513184584178,0.486815415821501,-0.16227180527383367,0.5679513184584178,0.9330628803245435,-0.16227180527383367,0.973630831643002,1.2981744421906694,-0.16227180527383367,1.3793103448275863,기타
20260730,2026-07-30 09:36:00+09:00,TIME_WINDOW_STOP_LOSS,-35514.0,-1.429186570137349,-0.03843197540353574,-1.498847040737894,18.0,-0.3074558032282859,-0.3843197540353574,-0.03843197540353574,-0.3458877786318217,-0.49961568024596464,-0.03843197540353574,-0.7302075326671791,-0.8455034588777863,-0.03843197540353574,-1.2298232129131437,-1.2682551883166795,-0.03843197540353574,N1손절
20260731,2026-07-31 09:06:00+09:00,TIME_WINDOW_STOP_LOSS,-142415.0,-1.365215686631642,0.07544322897019992,-1.5088645794039985,24.0,-0.2263296869105998,-0.3017729158807997,0.07544322897019992,-0.33949453036589966,-0.37721614485099964,0.07544322897019992,-0.5281026027913994,-0.6035458317615994,0.07544322897019992,-0.8298755186721992,-0.943040362127499,0.07544322897019992,N1손절
20260731,2026-07-31 09:48:00+09:00,TIME_WINDOW_TP1_PARTIAL+TIME_WINDOW_TP2_FULL,489537.0,3.9105068856065484,4.240282685512367,-0.07852375343541422,56.0,0.19630938358853553,-0.07852375343541422,0.27483313702394974,0.3140950137416569,-0.07852375343541422,0.3140950137416569,0.6281900274833138,-0.07852375343541422,0.745975657636435,1.0600706713780919,-0.07852375343541422,1.1778563015312131,RUNNER(TP2)
20260803,2026-08-03 09:45:00+09:00,TIME_WINDOW_TP1_PARTIAL+TIME_WINDOW_TP2_FULL,100291.0,4.039895025810519,4.642670839853938,-0.6259780907668232,21.0,0.7303077725612936,-0.6259780907668232,0.8346374543557642,1.5649452269170578,-0.6259780907668232,1.8779342723004695,3.1298904538341157,-0.6259780907668232,3.390714658320292,3.4950443401147626,-0.6259780907668232,4.225352112676056,RUNNER(TP2)
20260803,2026-08-03 10:36:00+09:00,TIME_WINDOW_STOP_LOSS,-193078.0,-1.8502913989978922,0.3686150605581885,-2.0010531858873093,6.0,-1.1058451816745656,-1.1585044760400212,0.3686150605581885,-1.9483938915218535,-2.0010531858873093,0.3686150605581885,-1.8957345971563981,-2.0010531858873093,0.3686150605581885,-1.8957345971563981,-2.0010531858873093,0.3686150605581885,N1손절
20260803,2026-08-03 13:06:00+09:00,TIME_WINDOW_STOP_LOSS,-159568.0,-1.6063752463904675,0.3731343283582089,-2.0788912579957355,15.0,0.0,-0.5863539445628998,0.3731343283582089,0.10660980810234541,-0.5863539445628998,0.3731343283582089,-0.7995735607675907,-0.8528784648187633,0.3731343283582089,-1.9189765458422177,-2.0788912579957355,0.3731343283582089,N1손절
20260804,2026-08-04 09:06:00+09:00,TIME_WINDOW_STOP_LOSS,-243751.0,-2.33760093599555,0.5178663904712585,-4.0393578456758155,9.0,-0.4142931123770067,-1.605385810460901,-0.05178663904712584,-0.4660797514241326,-1.605385810460901,0.5178663904712585,-3.98757120662869,-4.0393578456758155,0.5178663904712585,-3.98757120662869,-4.0393578456758155,0.5178663904712585,N1손절
20260804,2026-08-04 13:00:00+09:00,TIME_WINDOW_BREAKEVEN_STOP,-912.0,-0.007283696380074778,2.314130969965534,-0.3938946331856229,27.0,0.34465780403741997,-0.3938946331856229,0.34465780403741997,1.1324470704086658,-0.3938946331856229,1.329394387001477,1.1324470704086658,-0.3938946331856229,1.329394387001477,1.1324470704086658,-0.3938946331856229,2.314130969965534,기타
20260804,2026-08-04 13:45:00+09:00,TIME_WINDOW_STOP_LOSS,-80055.0,-1.16832710532019,0.14513788098693758,-1.5965166908563133,12.0,-0.24189646831156267,-0.6773101112723754,0.0,-0.14513788098693758,-0.8708272859216255,0.0,-1.3062409288824384,-1.5965166908563133,0.14513788098693758,-0.9192065795839381,-1.5965166908563133,0.14513788098693758,N1손절
20260805,2026-08-05 09:45:00+09:00,TIME_WINDOW_TP1_PARTIAL+TIME_WINDOW_AFTER_TP1_STOP,192009.0,1.841511771935621,3.306797305572566,-0.7960808328230252,15.0,0.7348438456827924,-0.7960808328230252,0.9185548071034906,1.5921616656460504,-0.7960808328230252,1.5921616656460504,3.1230863441518677,-0.7960808328230252,3.306797305572566,2.3270055113288426,-0.7960808328230252,3.306797305572566,기타
20260805,2026-08-05 11:00:00+09:00,TIME_WINDOW_STOP_LOSS,-129845.0,-1.2441514962491964,1.0466222645099905,-1.5223596574690772,12.0,0.570884871550904,-0.04757373929590866,1.0466222645099905,0.142721217887726,-0.04757373929590866,1.0466222645099905,-1.3320647002854424,-1.5223596574690772,1.0466222645099905,-1.0466222645099905,-1.5223596574690772,1.0466222645099905,N1손절
20260805,2026-08-05 13:45:00+09:00,TIME_WINDOW_STOP_LOSS,-130846.0,-1.4639948084496957,0.42293233082706766,-1.5037593984962405,48.0,-0.3289473684210526,-0.4699248120300752,0.2349624060150376,-0.3289473684210526,-0.4699248120300752,0.2349624060150376,-0.37593984962406013,-1.0338345864661653,0.2349624060150376,-0.14097744360902253,-1.0338345864661653,0.2349624060150376,N1손절
20260806,2026-08-06 09:06:00+09:00,TIME_WINDOW_TP1_PARTIAL+TIME_WINDOW_TP2_FULL,854241.0,8.18795349327608,8.365650969529085,-0.16620498614958448,47.666666666666664,1.6066481994459834,-0.16620498614958448,1.6066481994459834,2.2714681440443214,-0.16620498614958448,2.6038781163434903,2.6592797783933517,-0.16620498614958448,2.8254847645429364,3.822714681440443,-0.16620498614958448,4.1551246537396125,RUNNER(TP2)
20260806,2026-08-06 12:09:00+09:00,TIME_WINDOW_BREAKEVEN_STOP,15200.0,0.1457725947521866,1.9897959183673468,-0.35714285714285715,84.0,-0.15306122448979592,-0.35714285714285715,-0.05102040816326531,-0.05102040816326531,-0.35714285714285715,0.0,0.20408163265306123,-0.35714285714285715,0.35714285714285715,0.15306122448979592,-0.35714285714285715,0.35714285714285715,기타
20260806,2026-08-06 13:48:00+09:00,TIME_WINDOW_STOP_LOSS,-148155.0,-1.6572147651006712,0.2,-1.7999999999999998,15.0,0.05,-0.3,0.2,-0.25,-0.5,0.2,-0.35000000000000003,-0.8,0.2,-1.7000000000000002,-1.7999999999999998,0.2,N1손절
20260807,2026-08-07 09:06:00+09:00,TIME_WINDOW_STOP_LOSS,-224601.0,-2.1533719391766217,-0.058004640371229696,-2.5522041763341066,6.0,-1.7981438515081205,-1.7981438515081205,-0.058004640371229696,-2.262180974477958,-2.5522041763341066,-0.058004640371229696,-1.9721577726218096,-2.5522041763341066,-0.058004640371229696,-1.9721577726218096,-2.5522041763341066,-0.058004640371229696,N1손절
20260807,2026-08-07 09:24:00+09:00,TIME_WINDOW_TP1_PARTIAL+TIME_WINDOW_TRAILING_STOP,103378.0,1.0318638288697888,4.935834155972359,-0.24679170779861795,36.0,0.839091806515301,-0.09871668311944717,1.6288252714708784,0.5429417571569595,-0.24679170779861795,1.6288252714708784,0.5923000987166831,-0.24679170779861795,2.073050345508391,3.257650542941757,-0.24679170779861795,4.047384007897334,기타
20260807,2026-08-07 10:15:00+09:00,TIME_WINDOW_TP1_PARTIAL+OPPOSITE_SIGNAL,89141.0,2.9901899121637374,4.4454843238184365,-0.14038371548900327,42.0,1.3102480112306973,-0.14038371548900327,1.4038371548900328,2.105755732335049,-0.14038371548900327,2.152550304164717,2.9948525970987365,-0.14038371548900327,3.275620028076743,1.1230697239120262,-0.14038371548900327,3.275620028076743,기타
20260810,2026-08-10 10:54:00+09:00,TIME_WINDOW_STOP_LOSS,-190593.0,-1.8277673567556991,0.5851755526657998,-2.080624187256177,9.0,-0.13003901170351106,-0.3250975292587776,0.5851755526657998,-0.9102730819245773,-1.1053315994798438,0.5851755526657998,-1.6254876462938883,-2.080624187256177,0.5851755526657998,-1.6254876462938883,-2.080624187256177,0.5851755526657998,N1손절
20260810,2026-08-10 11:09:00+09:00,EARLY_TAKE_PROFIT,83327.0,0.8318433885885705,2.051282051282051,-1.2587412587412588,30.0,-0.9790209790209791,-1.2587412587412588,-0.046620046620046623,-0.4662004662004662,-1.2587412587412588,-0.046620046620046623,0.7925407925407926,-1.2587412587412588,0.9790209790209791,1.2587412587412588,-1.2587412587412588,1.3053613053613053,기타
20260810,2026-08-10 12:30:00+09:00,H50_MAX_HOLD_EXIT,301707.0,3.224357494613727,3.739612188365651,-1.3850415512465373,81.0,-0.18467220683287164,-0.23084025854108958,0.23084025854108958,-0.5078485687903971,-0.5078485687903971,0.23084025854108958,-0.6001846722068329,-0.9233610341643583,0.23084025854108958,-0.7386888273314866,-0.9233610341643583,0.23084025854108958,기타
20260811,2026-08-11 09:06:00+09:00,OPPOSITE_SIGNAL,118186.0,1.1325298318492274,3.024989039894783,-1.4905743095133712,48.0,0.7014467338886453,-0.8768084173608066,1.2275317843051292,-0.526085050416484,-0.8768084173608066,1.2275317843051292,1.9289785181937746,-1.4905743095133712,2.0604997807978958,1.6659359929855326,-1.4905743095133712,2.63042525208242,기타
20260811,2026-08-11 09:54:00+09:00,TIME_WINDOW_STOP_LOSS,-200416.0,-1.9220961067234426,0.7801418439716312,-2.3404255319148937,9.0,0.14184397163120568,-0.3546099290780142,0.7801418439716312,-0.28368794326241137,-0.4964539007092199,0.7801418439716312,-1.9858156028368796,-2.3404255319148937,0.7801418439716312,-1.9858156028368796,-2.3404255319148937,0.7801418439716312,N1손절
20260811,2026-08-11 11:51:00+09:00,H50_MAX_HOLD_EXIT,187668.0,2.098631239935588,3.872282608695652,-0.6114130434782609,93.0,0.1358695652173913,-0.33967391304347827,0.33967391304347827,-0.1358695652173913,-0.4755434782608696,0.33967391304347827,-0.1358695652173913,-0.6114130434782609,0.33967391304347827,0.6793478260869565,-0.6114130434782609,1.8342391304347827,기타
20260812,2026-08-12 09:48:00+09:00,TIME_WINDOW_STOP_LOSS,-128805.0,-1.2348111186206698,1.5580736543909348,-1.7469310670443814,33.0,0.2360717658168083,-1.0387157695939566,0.6610009442870632,0.6610009442870632,-1.0387157695939566,0.9442870632672332,0.9442870632672332,-1.0387157695939566,1.3220018885741265,0.6610009442870632,-1.0387157695939566,1.5580736543909348,N1손절
20260813,2026-08-13 12:00:00+09:00,EARLY_TAKE_PROFIT,47736.0,0.5722567674973117,1.738672286617492,-1.0010537407797682,75.0,-0.31612223393045313,-0.36880927291886195,0.26343519494204426,-0.36880927291886195,-0.5268703898840885,0.26343519494204426,-0.4741833508956797,-0.9483667017913594,0.26343519494204426,-0.10537407797681769,-0.9483667017913594,0.26343519494204426,기타
20260813,2026-08-13 14:24:00+09:00,FORCED_LIQUIDATION,294910.0,2.827820437093916,3.3668044890726523,-0.531600708800945,36.0,0.05906674542232723,-0.4134672179562906,0.11813349084465447,-0.05906674542232723,-0.4134672179562906,0.11813349084465447,0.5906674542232723,-0.531600708800945,1.004134672179563,1.7720023626698171,-0.531600708800945,2.303603071470762,기타
20260814,2026-08-14 09:51:00+09:00,TIME_WINDOW_TP1_PARTIAL+TIME_WINDOW_TP2_FULL,431565.0,4.137838791453654,4.792746113989637,-0.06476683937823835,24.0,0.9715025906735751,-0.06476683937823835,1.9430051813471503,2.2020725388601035,-0.06476683937823835,2.266839378238342,2.655440414507772,-0.06476683937823835,3.303108808290155,2.5906735751295336,-0.06476683937823835,4.015544041450777,RUNNER(TP2)
20260814,2026-08-14 13:06:00+09:00,TIME_WINDOW_STOP_LOSS,-236996.0,-2.2715801358945433,0.12239902080783352,-2.386780905752754,12.0,-0.42839657282741733,-0.8567931456548347,0.12239902080783352,-0.36719706242350064,-0.8567931456548347,0.12239902080783352,-1.9583843329253363,-2.0195838433292534,0.12239902080783352,-2.08078335373317,-2.386780905752754,0.12239902080783352,N1손절
20260814,2026-08-14 14:00:00+09:00,TIME_WINDOW_BREAKEVEN_STOP,16014.0,0.17916769924351042,2.050963331261653,-0.18645121193287756,21.0,0.8079552517091362,-0.18645121193287756,1.0565568676196395,1.2430080795525171,-0.18645121193287756,1.305158483530143,2.050963331261653,-0.18645121193287756,2.050963331261653,1.8645121193287757,-0.18645121193287756,2.050963331261653,기타
20260818,2026-08-18 09:06:00+09:00,TIME_WINDOW_TP1_PARTIAL+OPPOSITE_SIGNAL,260612.0,2.4973001461322855,5.006827492034593,-1.2289485662266726,51.0,-0.8192990441511151,-1.2289485662266726,0.22758306781975418,-0.7737824305871643,-1.2289485662266726,0.22758306781975418,-0.5006827492034593,-1.2289485662266726,0.8192990441511151,0.864815657715066,-1.2289485662266726,1.2744651797906235,기타
20260818,2026-08-18 09:57:00+09:00,TIME_WINDOW_TP1_PARTIAL+TIME_WINDOW_TP2_FULL,422500.0,4.051057709594295,5.090909090909091,-1.6,50.333333333333336,1.4545454545454546,-0.2909090909090909,1.7454545454545456,1.5272727272727273,-0.2909090909090909,2.0363636363636366,1.4545454545454546,-0.2909090909090909,2.4,-0.14545454545454545,-0.2909090909090909,2.4,RUNNER(TP2)
20260819,2026-08-19 09:09:00+09:00,OPPOSITE_SIGNAL,77987.0,0.7474046121593292,1.994609164420485,-0.1078167115902965,21.0,1.0242587601078168,-0.1078167115902965,1.1859838274932615,0.9164420485175202,-0.1078167115902965,1.1859838274932615,1.293800539083558,-0.1078167115902965,1.994609164420485,1.4016172506738545,-0.1078167115902965,1.994609164420485,기타
20260819,2026-08-19 09:30:00+09:00,TIME_WINDOW_TP1_PARTIAL+TIME_WINDOW_TP2_FULL,440645.0,4.224622258015033,5.365853658536586,-0.4878048780487805,36.333333333333336,0.6097560975609756,-0.4878048780487805,0.7317073170731708,0.548780487804878,-0.4878048780487805,0.7926829268292683,1.8292682926829267,-0.4878048780487805,2.195121951219512,2.073170731707317,-0.4878048780487805,2.195121951219512,RUNNER(TP2)
20260819,2026-08-19 11:09:00+09:00,H50_MAX_HOLD_EXIT,86737.0,0.9704236548108062,1.9554589896795218,-0.5431830526887561,105.0,-0.43454644215100485,-0.43454644215100485,0.21727322107550243,-0.05431830526887561,-0.43454644215100485,0.21727322107550243,0.32590983161325365,-0.43454644215100485,0.43454644215100485,0.05431830526887561,-0.5431830526887561,0.43454644215100485,기타
20260820,2026-08-20 10:42:00+09:00,OPPOSITE_SIGNAL,35499.0,0.34027253242744804,1.4895729890764648,-0.6951340615690168,33.0,0.49652432969215493,-0.14895729890764647,0.6454816285998014,0.9930486593843099,-0.14895729890764647,1.0923535253227408,1.0923535253227408,-0.14895729890764647,1.0923535253227408,-0.49652432969215493,-0.6951340615690168,1.2909632571996028,기타
20260820,2026-08-20 12:21:00+09:00,H50_MAX_HOLD_EXIT,133395.0,1.2785234513376118,3.4124629080118694,-0.9891196834817012,78.0,0.0,-0.44510385756676557,0.1483679525222552,-0.2472799208704253,-0.5934718100890208,0.1483679525222552,-0.741839762611276,-0.8902077151335311,0.1483679525222552,-0.6429277942631058,-0.9891196834817012,0.1483679525222552,기타
20260820,2026-08-20 14:39:00+09:00,OPPOSITE_SIGNAL,-80479.0,-0.8996696065405719,0.04957858205255329,-1.189885969261279,6.0,-0.19831432821021316,-0.5949429846306395,0.04957858205255329,-0.7932573128408527,-0.842835894893406,0.04957858205255329,-1.1403073872087257,-1.189885969261279,0.04957858205255329,-1.1403073872087257,-1.189885969261279,0.04957858205255329,기타
20260821,2026-08-21 09:09:00+09:00,TIME_WINDOW_TP1_PARTIAL+C1_PEAK_PROTECTION_EXIT,457700.0,4.386385242885182,8.154296875,-0.68359375,60.0,2.099609375,-0.68359375,2.099609375,2.392578125,-0.68359375,2.685546875,0.29296875,-0.68359375,2.685546875,-0.1953125,-0.68359375,2.685546875,기타
20260821,2026-08-21 10:21:00+09:00,TIME_WINDOW_STOP_LOSS,-214052.0,-2.050801534470006,0.49954586739327883,-2.134423251589464,12.0,-0.6357856494096277,-1.226158038147139,0.4541326067211626,-0.13623978201634876,-1.226158038147139,0.4541326067211626,-1.725703905540418,-1.8165304268846505,0.49954586739327883,-1.9981834695731153,-2.134423251589464,0.49954586739327883,N1손절
20260821,2026-08-21 10:33:20+09:00,TIME_WINDOW_STOP_LOSS,-28229.0,-1.139299767934618,1.1320754716981132,-1.8113207547169812,11.666666666666666,0.7547169811320755,-0.1509433962264151,0.8301886792452831,0.5283018867924528,-0.1509433962264151,1.1320754716981132,-1.2075471698113207,-1.3584905660377358,1.1320754716981132,-0.22641509433962265,-1.8113207547169812,1.1320754716981132,N1손절
20260824,2026-08-24 09:57:00+09:00,TIME_WINDOW_STOP_LOSS,-153874.0,-1.4744418045656011,1.5130674002751032,-2.1091242549289317,39.0,0.504355800091701,-0.1375515818431912,1.0545621274644659,-0.1375515818431912,-0.32095369096744614,1.5130674002751032,-0.04585052728106373,-0.32095369096744614,1.5130674002751032,0.22925263640531865,-0.6877579092159559,1.5130674002751032,N1손절
20260824,2026-08-24 10:39:00+09:00,TIME_WINDOW_TP1_PARTIAL+OPPOSITE_SIGNAL,288869.0,2.308559409028483,4.854368932038835,-0.8215085884988798,54.0,-0.14936519790888725,-0.8215085884988798,-0.07468259895444362,0.22404779686333084,-0.8215085884988798,0.22404779686333084,0.6721433905899925,-0.8215085884988798,1.1202389843166543,1.0455563853622107,-0.8215085884988798,1.344286781179985,기타
20260825,2026-08-25 09:06:00+09:00,OPPOSITE_SIGNAL,51800.0,0.49680672204431175,3.213610586011342,-0.5671077504725899,27.0,1.0712035286704475,-0.3780718336483932,1.1972274732199117,0.8191556395715185,-0.3780718336483932,1.3862633900441084,2.3314429741650917,-0.3780718336483932,2.6465028355387523,1.5122873345935728,-0.3780718336483932,3.213610586011342,기타
20260825,2026-08-25 12:15:00+09:00,TIME_WINDOW_AFTERNOON_TP,357044.0,4.279861239304663,4.510022271714922,-0.16703786191536749,50.0,0.11135857461024498,-0.16703786191536749,0.33407572383073497,1.1135857461024499,-0.16703786191536749,1.1692650334075725,1.0022271714922049,-0.16703786191536749,1.447661469933185,2.0267260579064588,-0.16703786191536749,2.4498886414253898,기타
20260826,2026-08-26 10:21:00+09:00,TIME_WINDOW_STOP_LOSS,-170208.0,-1.6320354850355039,0.0,-2.0187099950763168,6.0,-1.1816838995568686,-1.2801575578532742,0.0,-1.674052191038897,-1.8217626784835055,0.0,-1.8709995076317085,-2.0187099950763168,0.0,-1.8709995076317085,-2.0187099950763168,0.0,N1손절
20260826,2026-08-26 10:30:00+09:00,OPPOSITE_SIGNAL,-123617.0,-0.9876386378852738,1.2605042016806722,-1.1204481792717087,42.0,0.0,-0.9103641456582634,0.9803921568627451,0.0,-0.9103641456582634,0.9803921568627451,0.6302521008403361,-0.9103641456582634,0.9803921568627451,0.49019607843137253,-0.9103641456582634,0.9803921568627451,기타
20260827,2026-08-27 09:36:00+09:00,TIME_WINDOW_TP1_PARTIAL+TIME_WINDOW_TP2_FULL,414221.0,3.971194480875574,4.479878511769172,-0.5315110098709187,24.666666666666668,0.30372057706909644,-0.5315110098709187,1.29081245254366,0.8352315869400152,-0.5315110098709187,1.29081245254366,1.8223234624145785,-0.5315110098709187,1.9741837509491267,2.3538344722854974,-0.5315110098709187,2.3538344722854974,RUNNER(TP2)
20260827,2026-08-27 10:30:00+09:00,TIME_WINDOW_STOP_LOSS,-171903.0,-1.6481006905795288,0.32817627754336615,-1.640881387716831,15.0,-0.09376465072667604,-0.8438818565400843,0.0,-0.14064697609001406,-0.8438818565400843,0.32817627754336615,-0.46882325363338023,-0.8438818565400843,0.32817627754336615,-1.1720581340834506,-1.640881387716831,0.32817627754336615,N1손절
20260827,2026-08-27 10:54:00+09:00,H50_MAX_HOLD_EXIT,19539.0,0.7874691686414856,1.8700327255726974,-0.2805049088359046,99.0,0.5142589995324919,-0.1402524544179523,0.7012622720897616,-0.04675081813931744,-0.23375409069658717,0.7947639083683964,0.7012622720897616,-0.2805049088359046,0.7947639083683964,0.7012622720897616,-0.2805049088359046,0.7947639083683964,기타
20260828,2026-08-28 09:09:00+09:00,TIME_WINDOW_STOP_LOSS,-170952.0,-1.6395757006118963,0.42583392476933996,-2.0581973030518097,15.0,-0.42583392476933996,-0.99361249112846,0.42583392476933996,-0.9226401703335699,-1.20652945351313,0.42583392476933996,-0.8516678495386799,-1.20652945351313,0.42583392476933996,-1.8452803406671399,-2.0581973030518097,0.42583392476933996,N1손절
20260828,2026-08-28 10:15:00+09:00,H50_MAX_HOLD_EXIT,62261.0,0.4973846980369757,0.7930785868781542,-1.4419610670511895,84.0,-1.0093727469358327,-1.0093727469358327,-0.07209805335255948,-0.7209805335255948,-1.0093727469358327,-0.07209805335255948,-0.07209805335255948,-1.225666906993511,-0.07209805335255948,0.2883922134102379,-1.225666906993511,0.3172314347512617,기타
20260828,2026-08-28 14:42:00+09:00,FORCED_LIQUIDATION,-33817.0,-0.49370477864530105,0.13898540653231412,-0.6949270326615705,18.0,-0.06949270326615706,-0.20847810979847115,-0.06949270326615706,0.0,-0.20847810979847115,0.06949270326615706,-0.27797081306462823,-0.34746351633078526,0.13898540653231412,-0.6254343293954135,-0.6949270326615705,0.13898540653231412,기타
20260831,2026-08-31 09:06:00+09:00,B3_SL,-111679.0,-1.0710610485328884,0.18773466833541927,-2.065081351689612,4.0,-1.0012515644555695,-1.0638297872340425,0.18773466833541927,-1.939924906132666,-2.065081351689612,0.18773466833541927,-1.939924906132666,-2.065081351689612,0.18773466833541927,-1.939924906132666,-2.065081351689612,0.18773466833541927,B3손절
20260831,2026-08-31 09:18:00+09:00,TIME_WINDOW_TP1_PARTIAL+TIME_WINDOW_AFTER_TP1_STOP,242262.0,2.322439260077305,3.7548315847598013,-0.7730535615681944,24.0,0.9939260077305356,-0.7730535615681944,1.0491441192711208,1.4908890115958033,-0.7730535615681944,1.7117614577581448,1.8221976808393152,-0.7730535615681944,2.2639425731639977,3.368304803975704,-0.7730535615681944,3.7548315847598013,기타
20260831,2026-08-31 10:06:00+09:00,TIME_WINDOW_STOP_LOSS,-41129.0,-1.6580095742000502,0.31746031746031744,-1.7777777777777777,27.0,-0.31746031746031744,-0.7619047619047619,0.12698412698412698,0.06349206349206349,-0.7619047619047619,0.12698412698412698,0.0,-0.7619047619047619,0.25396825396825395,0.0,-0.7619047619047619,0.31746031746031744,N1손절
20260903,2026-09-03 09:18:00+09:00,TIME_WINDOW_STOP_LOSS,-132425.0,-1.2696974490994424,1.3289036544850499,-1.7275747508305648,75.0,0.26578073089701,-0.19933554817275745,0.5980066445182725,0.46511627906976744,-0.19933554817275745,0.8637873754152824,0.3986710963455149,-0.19933554817275745,1.3289036544850499,0.46511627906976744,-0.19933554817275745,1.3289036544850499,N1손절
20260903,2026-09-03 11:00:00+09:00,B3_SL,-116897.0,-0.9337839149396081,-0.06618133686300463,-0.9927200529450696,10.666666666666666,-0.5956320317670417,-0.5956320317670417,-0.06618133686300463,-0.3970880211780278,-0.5956320317670417,-0.06618133686300463,-0.9927200529450696,-0.9927200529450696,-0.06618133686300463,-0.9927200529450696,-0.9927200529450696,-0.06618133686300463,B3손절
20260904,2026-09-04 10:03:00+09:00,B3_SL,-99316.0,-0.9519154091522511,0.0,-1.1470985155195683,4.666666666666667,-0.7422402159244265,-0.7422402159244265,0.0,-1.0121457489878543,-1.1470985155195683,0.0,-1.0121457489878543,-1.1470985155195683,0.0,-1.0121457489878543,-1.1470985155195683,0.0,B3손절
20260904,2026-09-04 11:18:00+09:00,B3_SL,-100476.0,-0.9631684595784821,-0.05310674455655868,-1.0621348911311737,19.666666666666668,-0.3186404673393521,-0.42485395645246943,-0.05310674455655868,-0.21242697822623471,-0.42485395645246943,-0.05310674455655868,-0.37174721189591076,-0.4779607010090282,-0.05310674455655868,-0.2655337227827934,-0.4779607010090282,-0.05310674455655868,B3손절
20260904,2026-09-04 11:42:00+09:00,OPPOSITE_SIGNAL,-53876.0,-0.6779388022946937,0.335345405767941,-1.0060362173038229,15.0,0.2012072434607646,-0.0670690811535882,0.335345405767941,-0.1341381623071764,-0.1341381623071764,0.335345405767941,-0.6036217303822937,-0.8048289738430584,0.335345405767941,-0.670690811535882,-1.0060362173038229,0.335345405767941,기타
20260907,2026-09-07 09:21:00+09:00,B3_MAXHOLD,19019.0,0.7672911825458301,1.2393493415956625,-0.5422153369481022,20.0,0.3872966692486445,-0.46475600309837334,0.3872966692486445,-0.23237800154918667,-0.46475600309837334,0.3872966692486445,0.0774593338497289,-0.5422153369481022,0.3872966692486445,0.46475600309837334,-0.5422153369481022,0.6196746707978312,기타
20260907,2026-09-07 11:33:00+09:00,H50_MAX_HOLD_EXIT,290100.0,2.7795849498074605,3.4482758620689653,-0.33065658951346244,129.0,-0.04723665564478035,-0.33065658951346244,0.0,-0.23618327822390173,-0.33065658951346244,0.0,-0.14170996693434107,-0.33065658951346244,0.0,0.14170996693434107,-0.33065658951346244,0.14170996693434107,기타
20260908,2026-09-08 09:15:00+09:00,P3_PARTIAL_EXIT+TIME_WINDOW_TP1_PARTIAL+OPPOSITE_SIGNAL,255802.0,2.451246168161072,4.724409448818897,-0.30621172353455817,57.0,2.2747156605424323,-0.30621172353455817,2.4496937882764653,3.0183727034120733,-0.30621172353455817,3.1933508311461063,2.668416447944007,-0.30621172353455817,3.2808398950131235,2.2309711286089238,-0.30621172353455817,3.499562554680665,기타
20260908,2026-09-08 10:12:00+09:00,B3_MAXHOLD,-46258.0,-0.44356864775712945,0.4363001745200698,-1.0471204188481675,20.0,-0.6980802792321117,-1.0471204188481675,-0.08726003490401396,-0.7853403141361256,-1.0471204188481675,-0.08726003490401396,0.2617801047120419,-1.0471204188481675,0.4363001745200698,-0.34904013961605584,-1.0471204188481675,0.4363001745200698,기타
20260908,2026-09-08 12:18:00+09:00,B3_TP,99516.0,1.1130174139647246,1.2448132780082988,-0.08298755186721991,13.333333333333334,0.29045643153526973,-0.08298755186721991,0.33195020746887965,0.2074688796680498,-0.08298755186721991,0.33195020746887965,0.7883817427385892,-0.08298755186721991,0.8298755186721992,1.203319502074689,-0.08298755186721991,1.2448132780082988,기타
20260909,2026-09-09 09:15:00+09:00,P3_PARTIAL_EXIT+TIME_WINDOW_TP1_PARTIAL+H50_MAX_HOLD_EXIT,470964.0,4.514769024591555,5.533938607868569,-1.124081279723303,144.0,0.5188067444876783,-0.648508430609598,0.6052745352356248,1.2537829658452226,-0.648508430609598,1.340250756593169,-0.08646779074794639,-0.648508430609598,1.599654128837008,-0.43233895373973197,-1.124081279723303,1.599654128837008,기타
20260910,2026-09-10 14:27:00+09:00,B3_TP,116821.0,1.1200237770517893,1.2526096033402923,-0.12526096033402923,8.666666666666666,0.5427974947807933,-0.12526096033402923,0.6680584551148225,0.8350730688935281,-0.12526096033402923,0.8350730688935281,1.1273486430062631,-0.12526096033402923,1.2526096033402923,1.1273486430062631,-0.12526096033402923,1.2526096033402923,기타
20260911,2026-09-11 09:18:00+09:00,P3_PARTIAL_EXIT+WHIPSAW_WATCH_DETERIORATION_EXIT,115396.0,1.106342997392238,2.6691210308329496,-0.46019328117809477,147.0,0.5062126092959043,-0.46019328117809477,0.5522319374137138,1.3345605154164748,-0.46019328117809477,1.4265991716520938,2.3930050621260928,-0.46019328117809477,2.531063046479521,1.3805798435342844,-0.46019328117809477,2.6691210308329496,기타
20260911,2026-09-11 14:48:00+09:00,P3_PARTIAL_EXIT+FORCED_LIQUIDATION,122261.0,1.1722754239827409,2.394678492239468,-0.31042128603104213,12.0,0.08869179600886917,-0.31042128603104213,0.08869179600886917,1.1086474501108647,-0.31042128603104213,1.3303769401330376,1.7738359201773837,-0.31042128603104213,2.394678492239468,1.3303769401330376,-0.31042128603104213,2.394678492239468,기타
20260914,2026-09-14 09:30:00+09:00,TIME_WINDOW_STOP_LOSS,-40439.0,-1.6296323161983977,1.1799410029498525,-1.671583087512291,39.0,0.9341199606686332,-0.09832841691248771,1.1799410029498525,-0.14749262536873156,-0.19665683382497542,1.1799410029498525,-0.4424778761061947,-0.63913470993117,1.1799410029498525,0.2949852507374631,-0.688298918387414,1.1799410029498525,N1손절
20260915,2026-09-15 09:27:00+09:00,B3_SL,-98131.0,-0.9409096901779829,-0.04914004914004914,-1.1302211302211302,3.0,-0.9828009828009828,-1.1302211302211302,-0.04914004914004914,-0.9828009828009828,-1.1302211302211302,-0.04914004914004914,-0.9828009828009828,-1.1302211302211302,-0.04914004914004914,-0.9828009828009828,-1.1302211302211302,-0.04914004914004914,B3손절
20260915,2026-09-15 10:27:00+09:00,B3_SL,-98321.0,-0.9422846912879805,0.24606299212598426,-1.4271653543307088,13.0,-0.34448818897637795,-0.6889763779527559,0.049212598425196846,0.14763779527559054,-0.6889763779527559,0.24606299212598426,-0.9350393700787403,-0.984251968503937,0.24606299212598426,-1.328740157480315,-1.4271653543307088,0.24606299212598426,B3손절
20260915,2026-09-15 11:30:00+09:00,TIME_WINDOW_STOP_LOSS,-127956.0,-1.4308862356205192,1.129111438389789,-1.6200294550810017,90.0,-0.049091801669121256,-0.29455081001472755,0.14727540500736377,0.5891016200294551,-0.29455081001472755,0.7854688267059401,0.3436426116838488,-0.29455081001472755,0.7854688267059401,0.7854688267059401,-0.29455081001472755,0.9327442317133039,N1손절
20260916,2026-09-16 09:06:00+09:00,H50_MAX_HOLD_EXIT,98037.0,0.9393756467747498,3.039362232187344,-0.9965122072745392,117.0,-0.5979073243647235,-0.7972097658196312,0.3487792725460887,-0.0996512207274539,-0.9965122072745392,0.3487792725460887,0.8968609865470852,-0.9965122072745392,0.9965122072745392,1.4449427005480817,-0.9965122072745392,1.5944195316392624,기타
20260916,2026-09-16 12:51:00+09:00,B3_MAXHOLD,109896.0,1.0529210280485761,1.2048192771084338,-0.14457831325301204,20.0,0.0,-0.14457831325301204,0.24096385542168677,0.19277108433734938,-0.14457831325301204,0.3373493975903614,0.6265060240963854,-0.14457831325301204,0.6746987951807228,0.7228915662650602,-0.14457831325301204,1.0120481927710843,기타
20260917,2026-09-17 09:12:00+09:00,B3_TP,116557.0,1.118082787835069,1.3665594855305467,-0.7234726688102894,19.0,0.08038585209003216,-0.40192926045016075,0.6430868167202572,-0.40192926045016075,-0.482315112540193,0.6430868167202572,0.2411575562700965,-0.7234726688102894,0.6430868167202572,0.1607717041800643,-0.7234726688102894,0.6430868167202572,기타
20260917,2026-09-17 10:00:00+09:00,B3_TP,122611.0,1.175825245465064,1.3251301467108376,-0.4259346900141978,8.666666666666666,-0.14197823000473261,-0.4259346900141978,0.047326076668244205,0.709891150023663,-0.4259346900141978,0.8045433033601515,1.2778040700425934,-0.4259346900141978,1.3251301467108376,1.2778040700425934,-0.4259346900141978,1.3251301467108376,기타
20260918,2026-09-18 09:06:00+09:00,B3_SL,-26039.0,-1.0488769657128127,0.08680555555555555,-1.215277777777778,8.0,-0.8680555555555556,-1.215277777777778,0.08680555555555555,-0.78125,-1.215277777777778,0.08680555555555555,-1.215277777777778,-1.215277777777778,0.08680555555555555,-1.215277777777778,-1.215277777777778,0.08680555555555555,B3손절
20260921,2026-09-21 09:57:00+09:00,B3_TP,121596.0,1.1652081919896968,1.256281407035176,-0.12562814070351758,12.666666666666666,0.5025125628140703,-0.12562814070351758,0.5025125628140703,0.7956448911222781,-0.12562814070351758,0.8793969849246231,0.8375209380234505,-0.12562814070351758,1.256281407035176,1.2144053601340032,-0.12562814070351758,1.256281407035176,기타
20260921,2026-09-21 10:51:00+09:00,B3_MAXHOLD,28386.0,0.2723087969862421,0.65237651444548,-0.27958993476234856,20.0,0.09319664492078285,-0.27958993476234856,0.27958993476234856,0.5591798695246971,-0.27958993476234856,0.5591798695246971,0.09319664492078285,-0.27958993476234856,0.65237651444548,0.09319664492078285,-0.27958993476234856,0.65237651444548,기타
20260921,2026-09-21 12:57:00+09:00,B3_MAXHOLD,-650.0,-0.007271344191873993,0.20695364238410596,-0.49668874172185434,20.0,0.0,-0.12417218543046359,0.08278145695364239,0.12417218543046359,-0.12417218543046359,0.12417218543046359,-0.2897350993377483,-0.2897350993377483,0.20695364238410596,-0.4139072847682119,-0.4139072847682119,0.20695364238410596,기타
20260922,2026-09-22 09:06:00+09:00,B3_MAXHOLD,-74557.0,-0.7142432893299868,0.6677140612725845,-0.7462686567164178,20.0,-0.03927729772191674,-0.4713275726630008,0.15710919088766695,0.6284367635506678,-0.4713275726630008,0.6677140612725845,-0.1178318931657502,-0.4713275726630008,0.6677140612725845,0.1178318931657502,-0.4713275726630008,0.6677140612725845,기타
20260922,2026-09-22 11:18:00+09:00,B3_MAXHOLD,-71806.0,-0.6888493435852667,0.0,-0.7789678675754625,20.0,-0.19474196689386564,-0.2921129503407984,0.0,-0.4868549172346641,-0.6815968841285297,0.0,-0.5842259006815969,-0.7789678675754625,0.0,-0.2921129503407984,-0.7789678675754625,0.0,기타
20260922,2026-09-22 12:15:00+09:00,TIME_WINDOW_AFTERNOON_TP,366206.0,4.098141150784391,4.203323558162268,-0.2932551319648094,78.0,-0.19550342130987292,-0.2932551319648094,0.0,-0.09775171065493646,-0.2932551319648094,0.0,-0.19550342130987292,-0.2932551319648094,0.0,0.09775171065493646,-0.2932551319648094,0.09775171065493646,기타
20260923,2026-09-23 10:18:00+09:00,B3_SL,-100806.0,-0.9659772031449887,0.16673614005835766,-1.1254689453939142,16.0,0.12505210504376824,-0.16673614005835766,0.16673614005835766,-0.20842017507294708,-0.20842017507294708,0.16673614005835766,-0.41684035014589416,-0.5002084201750729,0.16673614005835766,-0.9170487703209671,-0.9587328053355566,0.16673614005835766,B3손절
20260923,2026-09-23 10:42:00+09:00,B3_TP,123582.0,1.1853422023144398,1.3761467889908259,-0.27522935779816515,11.0,0.0,-0.09174311926605505,0.3669724770642202,0.45871559633027525,-0.27522935779816515,0.45871559633027525,1.1009174311926606,-0.27522935779816515,1.1926605504587156,1.2844036697247707,-0.27522935779816515,1.3761467889908259,기타
20260923,2026-09-23 13:00:00+09:00,B3_SL,-89307.0,-0.9991228992654281,0.0,-1.1722272317403066,9.0,-0.18034265103697023,-0.2705139765554554,0.0,-0.5410279531109108,-0.6311992786293958,0.0,-1.1722272317403066,-1.1722272317403066,0.0,-1.1722272317403066,-1.1722272317403066,0.0,B3손절
20260928,2026-09-28 09:09:00+09:00,B3_MAXHOLD,-19119.0,-0.18333448402835315,0.8802816901408451,-0.7042253521126761,20.0,0.44014084507042256,-0.528169014084507,0.8802816901408451,0.35211267605633806,-0.528169014084507,0.8802816901408451,0.08802816901408451,-0.528169014084507,0.8802816901408451,-0.35211267605633806,-0.6161971830985915,0.8802816901408451,기타
20260928,2026-09-28 09:45:00+09:00,B3_TP,117211.0,1.1240916163773984,1.3054830287206265,-0.5221932114882507,19.0,-0.17406440382941687,-0.5221932114882507,-0.08703220191470844,-0.17406440382941687,-0.5221932114882507,0.08703220191470844,0.6092254134029591,-0.5221932114882507,0.7832898172323759,0.7832898172323759,-0.5221932114882507,1.1314186248912097,기타
20260928,2026-09-28 10:36:00+09:00,B3_SL,-22879.0,-0.9242415979413718,0.0,-1.008711600183402,7.333333333333333,-0.22925263640531865,-0.504355800091701,0.0,-0.5960568546538285,-0.7336084364970197,0.0,-1.008711600183402,-1.008711600183402,0.0,-1.008711600183402,-1.008711600183402,0.0,B3손절
20260929,2026-09-29 09:54:00+09:00,B3_MAXHOLD,7936.0,0.07612247315546164,0.5004170141784821,-1.084236864053378,20.0,0.3336113427856547,-0.4170141784820684,0.5004170141784821,0.16680567139282734,-0.4170141784820684,0.5004170141784821,-0.7506255212677231,-1.084236864053378,0.5004170141784821,-0.08340283569641367,-1.084236864053378,0.5004170141784821,기타
20260929,2026-09-29 10:36:00+09:00,B3_TP,116476.0,1.1167963871623452,1.358313817330211,-0.1405152224824356,15.0,0.6557377049180327,-0.1405152224824356,0.9836065573770493,0.8899297423887589,-0.1405152224824356,0.9836065573770493,0.8899297423887589,-0.1405152224824356,1.3114754098360655,1.0772833723653397,-0.1405152224824356,1.358313817330211,기타
20260929,2026-09-29 12:15:00+09:00,B3_MAXHOLD,-22940.0,-0.25664864308497487,0.0831255195344971,-0.7481296758104738,20.0,-0.41562759767248547,-0.6650041562759768,0.0,-0.6650041562759768,-0.6650041562759768,0.0,-0.4987531172069825,-0.7481296758104738,0.0,-0.0831255195344971,-0.7481296758104738,0.0831255195344971,기타
20260930,2026-09-30 09:06:00+09:00,P3_PARTIAL_EXIT+OPPOSITE_SIGNAL,49393.0,0.47351192887111315,3.041307308216069,-0.45392646391284613,45.0,1.0440308669995462,-0.45392646391284613,1.2709940989559692,0.7716749886518384,-0.45392646391284613,1.5433499773036767,0.8170676350431231,-0.45392646391284613,1.5433499773036767,0.18157058556513844,-0.45392646391284613,1.5433499773036767,기타
20260930,2026-09-30 09:51:00+09:00,B3_SL,-109354.0,-1.0488988643339472,0.26041666666666663,-1.128472222222222,8.666666666666666,0.08680555555555555,-0.1736111111111111,0.26041666666666663,-0.4340277777777778,-0.4340277777777778,0.26041666666666663,-1.128472222222222,-1.128472222222222,0.26041666666666663,-1.128472222222222,-1.128472222222222,0.26041666666666663,B3손절
20261001,2026-10-01 09:18:00+09:00,B3_SL,-24539.0,-0.9894438889068096,0.18709073900841908,-1.028999064546305,6.0,-0.4677268475210477,-0.6548175865294669,0.18709073900841908,-0.8886810102899906,-1.028999064546305,0.18709073900841908,-0.9354536950420954,-1.028999064546305,0.18709073900841908,-0.9354536950420954,-1.028999064546305,0.18709073900841908,B3손절
20261001,2026-10-01 10:30:00+09:00,B3_SL,-105996.0,-1.016501510904308,0.08410428931875526,-1.1774600504625736,3.6666666666666665,-1.1774600504625736,-1.1774600504625736,0.08410428931875526,-1.1774600504625736,-1.1774600504625736,0.08410428931875526,-1.1774600504625736,-1.1774600504625736,0.08410428931875526,-1.1774600504625736,-1.1774600504625736,0.08410428931875526,B3손절
20261001,2026-10-01 11:12:00+09:00,B3_TP,87858.0,1.1053343725172342,1.2980992118683357,-0.27816411682892905,11.666666666666666,0.13908205841446453,-0.27816411682892905,0.18544274455261936,0.27816411682892905,-0.27816411682892905,0.4636068613815485,0.9735744089012517,-0.27816411682892905,0.9735744089012517,1.1590171534538711,-0.27816411682892905,1.2980992118683357,기타
