day,base,slow,d,nb,ns,armed,same
20260528,280849.0,280849.0,0.0,2,2,0,True
20260529,291596.0,237448.0,-54148.0,2,2,1,False
20260608,188539.0,188539.0,0.0,2,2,0,True
20260615,43107.0,43107.0,0.0,2,2,0,True
20260616,708261.0,708261.0,0.0,3,3,0,True
20260624,313459.0,313459.0,0.0,2,2,0,True
20260701,742614.0,742614.0,0.0,1,1,1,True
20260703,409426.0,742593.0,333167.0,1,1,1,False
20260706,408891.0,740034.0,331143.0,1,1,1,False
20260714,407315.0,741023.0,333708.0,1,1,1,False
20260731,509982.0,927657.0,417675.0,1,1,1,False
20260803,-370261.0,-370261.0,0.0,3,3,0,True
20260814,431565.0,431565.0,0.0,1,1,0,True
20260818,683112.0,1004810.0,321698.0,2,2,1,False
20260819,521042.0,342898.0,-178144.0,3,3,1,False
20260827,365428.0,365428.0,0.0,3,3,0,True
