date,entry_time,direction,slot,session,tmin,flag_ord,gap,gap_s1,gap_s2,gap_s3,gap_dir,gap_s2_dir,e10_20,e20_50,e20_50_dir,e50_slope,e50_slope_dir,vwap_dist,vwap_dir,cum_move,etf_conf,flag_interval,opp_flag_cnt,cross_cnt,teg_ok,teg_pass,teg_stack,teg_vwap,quality,is_ar1,h50_rate,tp1_rate,net,mfe,mae,w1a,pnl,tp1_hit,hold,exit_reason,r6,r9,r15,r30,run3,run5,run8,loss,is_sep
20260619,2026-06-19T09:06:00+09:00,UP_RED,1,MORNING,546,1,10153.33629672778,4403.149397909665,,,10153.33629672778,,0.8113742187115003,1.0985528878388187,1.0985528878388187,0.1953697930784931,0.1953697930784931,0.24046033912071943,0.24046033912071943,0.017614937466971993,11.517615176151761,,0,1,True,7,True,True,,False,0.5,0.2,-2.203256,0.0,-2.203256379100851,1.0,-2.203256,False,6.0,TIME_WINDOW_STOP_LOSS,-2.114216281895504,-2.4301336573511545,-1.4459295261239367,-1.4580801944106925,False,False,False,True,False
20260619,2026-06-19T09:42:00+09:00,DOWN_BLUE,2,MORNING,582,2,-169.9190274411485,-92.96760301781978,-539.5961225906758,-1716.4767140322947,169.9190274411485,539.5961225906758,0.7510396556183794,1.6313431793987503,-1.6313431793987503,0.12189673286093204,-0.12189673286093204,0.3398867318813641,-0.3398867318813641,0.2642240620045799,1.4666666666666666,12.0,1,2,False,5,False,False,,False,0.4,0.2,-1.780785,0.18051420838971582,-1.7807848443843028,0.96,-1.7095536,False,21.0,TIME_WINDOW_STOP_LOSS,0.13531799729364005,-0.06765899864682003,-0.6765899864682002,-1.6914749661705006,False,False,False,True,False
20260619,2026-06-19T10:24:00+09:00,UP_RED,3,MORNING,624,3,854.3898787609251,556.676115948263,1320.8115093418673,2249.1284669839624,854.3898787609251,1320.8115093418673,0.6527563910795834,1.6860400707553167,1.6860400707553167,0.12939430850400016,0.12939430850400016,1.8114279876675028,1.8114279876675028,1.5677294345605073,0.5688551789523584,14.0,1,2,True,7,True,True,5.0,False,0.4,0.1,-0.643601,0.36938486919632335,-0.6318171105349988,1.04,-0.66934504,False,15.0,OPPOSITE_SIGNAL,-0.047136460051850106,-0.5420692905962762,-0.5538534056092387,-1.5555031817110534,False,False,False,True,False
20260831,2026-08-31T09:06:00+09:00,DOWN_BLUE,1,MORNING,546,1,-1278.4616884877578,-881.7758691050167,-1321.8530456852313,-1935.3347232616761,1278.4616884877578,1321.8530456852313,-0.8208693180817083,-1.6142823072335202,1.6142823072335202,-0.15686805699266113,0.15686805699266113,-2.042752753456424,2.042752753456424,2.345679012345679,-1.588310038119441,4.0,1,2,True,7,True,True,,False,0.4,0.1,-2.402877,0.0,-2.4654158849280803,1.0,-2.402877,False,6.0,TIME_WINDOW_STOP_LOSS,-2.313946216385241,-2.313946216385241,-3.877423389618512,-5.440900562851782,False,False,False,True,False
20260903,2026-09-03T11:00:00+09:00,DOWN_BLUE,2,AFTERNOON,660,3,-574.7191103146886,-387.4059681848271,-819.5790769915003,-1184.5314159911356,574.7191103146886,819.5790769915003,-0.03988664432379141,-0.2347435221204262,0.2347435221204262,-0.025398385792612586,0.025398385792612586,-0.6891458368203582,0.6891458368203582,1.0365853658536586,-0.1997336884154461,25.0,0,1,True,7,True,True,,False,0.4,0.2,-1.351894,0.1756810631229236,-1.9496345514950169,1.2,-1.6222728,False,1323.0,TIME_WINDOW_STOP_LOSS,-0.132890365448505,-0.3986710963455149,-0.53156146179402,-0.53156146179402,False,False,False,True,True
20260904,2026-09-04T10:03:00+09:00,DOWN_BLUE,1,MORNING,603,1,-721.0713539513399,-549.2158042549017,-1155.4918208267927,-1699.654980028129,721.0713539513399,1155.4918208267927,0.20002348905531425,0.34395100577193033,-0.34395100577193033,0.01218620844520936,-0.01218620844520936,0.6540204217278172,-0.6540204217278172,-1.6780609073958979,-0.6134969325153374,23.0,0,1,False,6,False,True,,False,0.5,0.1,0.248509,1.7383468834688345,-0.7672086720867208,1.0,0.248509,False,75.0,OPPOSITE_SIGNAL,-0.33875338753387535,-0.40650406504065045,-0.47425474254742545,0.5420054200542005,False,False,False,False,True
20260904,2026-09-04T11:18:00+09:00,UP_RED,2,AFTERNOON,678,2,588.5684789525696,278.5710015002552,737.1000134382668,1035.9941611130973,588.5684789525696,737.1000134382668,0.001520005806890169,0.06999943340339262,0.06999943340339262,0.012872103179360059,0.012872103179360059,0.742952991936136,0.742952991936136,1.8645121193287757,-0.15965939329430548,25.0,0,1,True,7,True,True,,False,0.5,0.1,0.762473,0.9755863539445628,-0.9957356076759063,1.0,0.762473,False,84.0,SMALL_WHIPSAW_HOLD_EXIT,0.053304904051172705,0.0,0.10660980810234541,-0.42643923240938164,False,False,False,False,True
20260907,2026-09-07T09:21:00+09:00,DOWN_BLUE,1,MORNING,561,2,-562.7721934298752,-428.79195850881297,-676.6878275536146,-1022.0246257787112,562.7721934298752,676.6878275536146,0.6603147757368011,1.5078365943923846,-1.5078365943923846,0.09987713845832219,-0.09987713845832219,0.8408215984649346,-0.8408215984649346,-1.5142690739662201,-0.3115264797507788,5.0,1,3,False,5,False,False,,False,0.4,0.1,0.297981,1.4621118012422358,-0.7108695652173913,1.0,0.297981,False,132.0,OPPOSITE_SIGNAL,0.2329192546583851,0.15527950310559005,0.6987577639751553,1.0093167701863355,False,False,False,False,True
20260907,2026-09-07T11:33:00+09:00,UP_RED,2,AFTERNOON,693,3,374.8530437767033,209.261217944848,462.654905453572,662.8466816268815,374.8530437767033,462.654905453572,0.03962682756838163,0.3695746797385689,0.3695746797385689,0.024951605241488164,0.024951605241488164,0.6761628374725855,0.6761628374725855,1.5142690739662201,-0.09456264775413711,44.0,0,1,True,7,True,True,,False,0.4,0.1,2.984856,3.4106010411736865,-0.1845716990061524,1.0,2.984856,False,129.0,SMALL_WHIPSAW_HOLD_EXIT,0.0,0.047326076668244205,0.3312825366777094,0.6152389966871746,True,False,False,False,True
20260908,2026-09-08T09:15:00+09:00,UP_RED,1,MORNING,555,2,1633.7522031418453,1495.4490457571706,1702.273174159293,1871.71751856124,1633.7522031418453,1702.273174159293,0.2564879606328807,0.4663530598298928,0.4663530598298928,0.07842374744908145,0.07842374744908145,1.522185491634218,1.522185491634218,2.1947101857062465,2.9596412556053813,2.0,2,5,False,6,True,True,,False,0.5,0.1,2.347997,4.002264808362369,0.0,1.0,2.347997,True,57.0,OPPOSITE_SIGNAL,2.4825783972125435,2.4825783972125435,1.7857142857142856,1.8728222996515678,True,False,False,False,True
20260908,2026-09-08T10:12:00+09:00,DOWN_BLUE,2,MORNING,612,3,-1272.8414812368683,-896.9061140063823,-1339.354230703715,-2036.5452987806602,1272.8414812368683,1339.354230703715,0.47057672555861657,1.1983374371178805,-1.1983374371178805,0.060204482366599546,-0.060204482366599546,1.4922404308560178,-1.4922404308560178,-3.601575689364097,-0.5277044854881267,19.0,1,2,False,5,False,False,,False,0.5,0.1,-1.401925,0.4346456692913386,-1.4019247594050745,1.0,-1.401925,False,33.0,TIME_WINDOW_STOP_LOSS,-0.3499562554680665,0.5249343832020997,-0.08748906386701663,-0.9623797025371827,False,False,False,True,True
20260908,2026-09-08T12:18:00+09:00,UP_RED,3,AFTERNOON,738,4,389.7103943717234,247.1062704356259,392.2890470068619,667.6509475122189,389.7103943717234,392.2890470068619,0.13867167233497438,0.5356751850980862,0.5356751850980862,0.03970760299622292,0.03970760299622292,2.338051380947335,2.338051380947335,5.008441193021947,0.12448132780082986,42.0,0,1,True,7,True,True,,False,0.4,0.2,-0.090012,1.9811852465810194,-0.09001243265644426,1.0,-0.090012,False,93.0,TIME_WINDOW_BREAKEVEN_STOP,0.29009531703273933,0.6216328222130129,0.7874015748031495,1.3261500207210941,False,False,False,True,True
20260909,2026-09-09T09:15:00+09:00,UP_RED,1,MORNING,555,1,852.2313726365232,831.4973904379261,1231.4754531917933,1927.637754319969,852.2313726365232,1231.4754531917933,0.03456590135063823,-0.22074854933370977,-0.22074854933370977,0.015211504724182902,0.015211504724182902,0.45097457293923693,0.45097457293923693,0.0,0.4359197907585004,8.0,1,2,True,7,True,True,,False,0.5,0.1,5.810069,5.636545138888889,-0.6539930555555555,1.0,5.810069,True,144.0,SMALL_WHIPSAW_HOLD_EXIT,1.7968749999999998,1.0850694444444444,-0.043402777777777776,2.083333333333333,True,True,False,False,True
20260910,2026-09-10T14:27:00+09:00,UP_RED,1,AFTERNOON,867,5,45.77320149031311,29.798233137808438,216.54059169797938,332.54908049097503,45.77320149031311,216.54059169797938,0.10182118382155946,0.2132779794935292,0.2132779794935292,0.017292652880154573,0.017292652880154573,-0.3609851293149905,-0.3609851293149905,-1.89873417721519,0.1670843776106934,4.0,1,2,True,7,True,True,,False,0.6,0.2,-0.006672,0.9103419516263555,-0.9653044203502918,1.0,-0.006672,False,33.0,FORCED_LIQUIDATION,0.79232693911593,0.79232693911593,0.7506255212677231,-0.542118432026689,False,False,False,True,True
20260911,2026-09-11T09:18:00+09:00,UP_RED,1,MORNING,558,2,232.6629779141913,216.17875720447773,371.68353599707916,315.50176147616367,232.6629779141913,371.68353599707916,-0.5264664288491311,-1.1470847310917032,-1.1470847310917032,-0.08118107684012796,-0.08118107684012796,-0.6958814066013016,-0.6958814066013016,-0.7274762171236709,-0.4130335016062414,3.0,1,3,False,5,False,False,,False,0.6,0.2,1.153641,2.535483870967742,-0.22829493087557604,1.0,1.153641,False,147.0,WHIPSAW_WATCH_DETERIORATION_EXIT,1.6129032258064515,2.5345622119815667,1.5207373271889402,0.4608294930875576,False,False,False,False,True
20260911,2026-09-11T14:48:00+09:00,UP_RED,2,AFTERNOON,888,10,318.8748024575734,197.01756369079567,655.7970035452208,1086.1191299861443,318.8748024575734,655.7970035452208,0.10841151928800026,0.2507219758112025,0.2507219758112025,0.024467644751874257,0.024467644751874257,0.9840845859730153,0.9840845859730153,1.0072747621712368,-0.07095343680709534,14.0,1,2,True,7,True,True,,False,0.5,0.2,1.311707,2.110144670276027,-0.19650306203958462,1.0,1.311707,False,12.0,FORCED_LIQUIDATION,1.712967071980119,2.0236087689713322,1.9792313836868733,0.8254193662909382,False,False,False,False,True
20260914,2026-09-14T09:30:00+09:00,UP_RED,1,MORNING,570,1,705.1480105743904,278.78800831057015,866.2304650902479,1488.1623864427092,705.1480105743904,866.2304650902479,-0.8305094561986652,-1.8218936672891182,-1.8218936672891182,-0.12822261710108174,-0.12822261710108174,-1.8678560255427978,-1.8678560255427978,-2.7226318774815654,-0.4878048780487805,23.0,0,1,False,5,False,False,,False,0.5,0.2,-1.804902,0.5959803921568627,-1.8049019607843135,1.0,-1.804902,False,36.0,TIME_WINDOW_STOP_LOSS,-0.19607843137254902,-0.6372549019607843,0.0,-1.1274509803921569,False,False,False,True,True
20260915,2026-09-15T09:27:00+09:00,UP_RED,1,MORNING,567,2,1329.362970776588,750.8159427154542,1438.374697829397,1558.1280367400527,1329.362970776588,1438.374697829397,0.25948407514592775,0.35702925714372347,0.35702925714372347,0.05764140753418827,0.05764140753418827,1.347822172145102,1.347822172145102,2.630005977286312,0.24764735017335313,6.0,1,2,True,7,True,True,,False,0.4,0.2,-1.324605,1.1939723320158102,-1.37401185770751,1.0,-1.324605,False,30.0,TIME_WINDOW_STOP_LOSS,-0.592885375494071,0.4446640316205534,1.2845849802371543,-1.2351778656126482,False,False,False,True,True
20260915,2026-09-15T10:27:00+09:00,UP_RED,2,MORNING,627,4,511.12970325752985,373.20951498408795,815.4024847432806,1533.8068446471802,511.12970325752985,815.4024847432806,0.1444036221342287,0.3743901974972331,0.3743901974972331,0.037649296302138584,0.037649296302138584,1.1515228969526772,1.1515228969526772,2.6897788404064555,-0.2949852507374631,11.0,1,2,True,7,True,True,,False,0.5,0.2,1.142209,1.0435897435897437,-1.272879684418146,1.2,1.3706508,False,78.0,SMALL_WHIPSAW_HOLD_EXIT,0.2465483234714004,-0.39447731755424065,-1.183431952662722,-0.641025641025641,False,False,False,False,True
20260915,2026-09-15T14:00:00+09:00,DOWN_BLUE,3,AFTERNOON,840,9,-355.2099264502758,-277.4478048797173,-493.198739069303,-592.18772553891,355.2099264502758,493.198739069303,-0.24719193246218896,-0.4051728943608506,0.4051728943608506,-0.04349041873167135,0.04349041873167135,-0.9071045242555436,0.9071045242555436,-0.7770472205618649,-0.30007501875468867,4.0,1,2,True,7,True,True,,False,0.5,0.2,0.134331,1.7042632759910248,-0.015108451757666418,0.7999999999999998,0.10746479999999999,False,36.0,TIME_WINDOW_BREAKEVEN_STOP,0.44876589379207177,0.8975317875841435,1.795063575168287,0.8975317875841435,False,False,False,False,True
20260916,2026-09-16T09:06:00+09:00,UP_RED,1,MORNING,546,1,1004.1697247470847,934.3076986790375,1480.0636656658835,1970.91300884647,1004.1697247470847,1480.0636656658835,-0.03357425419852695,-0.03218817800287529,-0.03218817800287529,0.022917909506773932,0.022917909506773932,0.6697811868464673,0.6697811868464673,0.5899705014749262,0.35246727089627394,16.0,1,2,False,6,False,True,,False,0.6,0.1,1.665429,3.4708479678876065,-0.2403411941796287,1.0,1.665429,False,117.0,SMALL_WHIPSAW_HOLD_EXIT,0.9031610637230305,0.8529854490717512,2.1575514300050176,2.960361264425489,True,False,False,False,True
20260916,2026-09-16T12:51:00+09:00,UP_RED,2,AFTERNOON,771,7,261.7051838447028,252.89771519515944,492.9353319142824,692.3473455085809,261.7051838447028,492.9353319142824,0.1342146222186119,0.2999112116528198,0.2999112116528198,0.02951822583270909,0.02951822583270909,1.1838762152349902,1.1838762152349902,2.3008849557522124,-0.09643201542912247,5.0,1,2,True,7,True,True,,False,0.7,0.1,0.199421,1.6467181467181469,0.0,1.0,0.199421,False,63.0,TIME_WINDOW_BREAKEVEN_STOP,0.5308880308880308,0.5791505791505791,0.8687258687258688,1.5444015444015444,False,False,False,False,True
20260917,2026-09-17T09:12:00+09:00,DOWN_BLUE,1,MORNING,552,1,-1118.282392550476,-1105.019174158752,-2020.8245237999893,-2863.559503377981,1118.282392550476,2020.8245237999893,0.016136618869850423,0.1303575643774071,-0.1303575643774071,-0.023772729506356824,0.023772729506356824,-0.6434681177613606,0.6434681177613606,0.11435105774728416,-0.8090614886731391,13.0,1,2,False,6,False,True,,False,0.7,0.1,-0.410754,1.113322632423756,-0.7317817014446228,1.0,-0.410754,False,48.0,OPPOSITE_SIGNAL,-0.40128410914927765,-0.16051364365971107,0.0,0.0,False,False,False,True,True
20260917,2026-09-17T10:00:00+09:00,UP_RED,2,MORNING,600,2,819.0193120221365,427.8330644690732,892.2283194811989,1374.6940617219348,819.0193120221365,892.2283194811989,-0.07977477933708621,-0.16991102534627223,-0.16991102534627223,0.0004956543201194718,0.0004956543201194718,-0.141552907240736,-0.141552907240736,0.17152658662092624,0.14251781472684086,16.0,1,2,False,5,False,False,,False,0.7,0.1,-0.279696,1.4274193548387095,-0.5641366223908918,1.0,-0.279696,False,57.0,SMALL_WHIPSAW_HOLD_EXIT,1.0436432637571158,1.0910815939278937,1.3757115749525617,0.3795066413662239,False,False,False,True,True
20260918,2026-09-18T09:06:00+09:00,DOWN_BLUE,1,MORNING,546,1,-272.67391372329075,-177.15943982441422,-521.8353537495623,-493.6923313749121,272.67391372329075,521.8353537495623,0.4015480407719525,0.8512737901604946,-0.8512737901604946,0.060211560583021184,-0.060211560583021184,0.33005498839893316,-0.33005498839893316,-0.6107717934480844,1.1235955056179776,16.0,1,2,False,5,False,False,,False,0.6,0.0,-0.526748,0.34685314685314683,-0.8763986013986015,1.0,-0.526748,False,15.0,WHIPSAW_WATCH_DETERIORATION_EXIT,-0.08741258741258741,-0.6993006993006993,-0.4370629370629371,-0.8741258741258742,False,False,False,True,True
