date,at,flag_at,direction,flag_ord,idx,flag_idx,approved,reason_f,base_approved,base_reason,tw2_cleared,slot,session,flat,held_symbol,h50_handled,regime_handled,forced,tq_score,tq_ok,teg_ok,entry_chop,chop_score,trend_ok,gap,gap_prev,gap_exp,gap_pct,e20_e50_pct,slope50,slope20,close_e20_pct,vwap_pct,vol_ratio,minute,net,peak,mae,reason_t,w1a,win,hh
20260527,2026-05-27T10:27:00+09:00,2026-05-27T10:21:00+09:00,UP_RED,1,27,26,True,TIME_WINDOW_APPROVED,True,,True,1.0,MORNING,True,,False,False,,5,True,True,False,2,False,1022.6707363512378,571.7972456445,450.8734907067378,0.04531106496904022,0.09235531393643659,484.587267966941,1030.3082768050954,0.43366985510179323,0.5689887947794829,0.8493806962100772,10:27,3.961894,4.184449549390352,-0.19597101961477295,TIME_WINDOW_TP2_FULL,1.0,True,10:00
20260528,2026-05-28T09:27:00+09:00,2026-05-28T09:21:00+09:00,UP_RED,1,133,132,True,TIME_WINDOW_APPROVED,True,,True,1.0,MORNING,True,,False,False,,5,True,False,False,2,False,2577.8151937295297,397.34304744430847,2180.4721462852212,0.11497837616991657,-1.1550300212071238,-829.4717775820754,586.7067920728587,0.2486045729122594,1.7579341124684278,0.9530512004612702,09:27,3.904571,4.085316455696202,-0.7226401446654611,TIME_WINDOW_TP2_FULL,1.0,True,09:00
20260528,2026-05-28T11:06:00+09:00,2026-05-28T11:00:00+09:00,UP_RED,3,166,165,True,TIME_WINDOW_APPROVED,True,,True,2.0,AFTERNOON,True,,False,False,,5,True,True,True,3,False,850.9877914747846,278.9515630587316,572.036228416053,0.037455448568432415,-0.08110289921388474,240.1160137988627,813.2105482323095,0.3400308190231723,1.479095868122001,0.5310933895167426,11:06,-1.317705,0.0,-1.3177048605018424,TIME_WINDOW_STOP_LOSS,0.8,False,11:00
20260529,2026-05-29T09:42:00+09:00,2026-05-29T09:36:00+09:00,DOWN_BLUE,1,264,263,True,TIME_WINDOW_APPROVED,True,,True,1.0,MORNING,True,,False,False,,3,True,False,False,2,False,1968.973169123059,403.724470343499,1565.24869877956,0.08367926770603737,-1.939088640840826,-2734.1927064750344,-2248.5226936470717,-0.9078183421016307,-0.014615899612321268,0.3350736774861161,09:42,2.130454,3.450343878954608,-0.8461485557083906,TIME_WINDOW_AFTER_TP1_STOP,1.0,True,09:30
20260529,2026-05-29T13:12:00+09:00,2026-05-29T13:06:00+09:00,DOWN_BLUE,3,334,333,True,TIME_WINDOW_APPROVED,False,REJECT_TIME_WINDOW,True,2.0,AFTERNOON,True,,False,False,,5,True,True,False,2,True,518.6417593438481,218.46765371182988,300.1741056320182,0.02246174791441525,0.0009150156022028109,201.95446661114693,518.6059707081877,0.21337188054243206,1.2330423809816229,1.6774431072965323,13:12,-1.045976,0.30567282321899736,-0.4196569920844327,OPPOSITE_SIGNAL,1.0,False,13:00
20260601,2026-06-01T09:21:00+09:00,2026-06-01T09:15:00+09:00,DOWN_BLUE,1,383,382,True,TIME_WINDOW_APPROVED,True,,True,1.0,MORNING,True,,False,False,,5,True,True,False,2,True,1083.3048460869522,327.44816301465426,755.856683072298,0.04703885567029754,0.00010342667990574823,410.6329315123148,1058.7499900646508,0.4367401174820808,0.5246940336980941,1.2187862421589957,09:21,-1.305291,0.10706539599079855,-1.3052908314163654,TIME_WINDOW_STOP_LOSS,1.0,False,09:00
20260601,2026-06-01T09:42:00+09:00,2026-06-01T09:36:00+09:00,UP_RED,2,390,389,True,TIME_WINDOW_APPROVED,True,,True,2.0,MORNING,True,,False,False,,5,True,True,True,3,True,1455.0323068934144,683.245209851608,771.7870970418064,0.06244773849327959,0.06392524041247438,650.8114126180299,1521.6233165822923,0.6204043565464482,0.6321029971379835,0.9187098871478591,09:42,4.049834,5.778942115768464,-1.1706919494344645,PP_EXIT,0.96,True,09:30
20260602,2026-06-02T09:39:00+09:00,2026-06-02T09:33:00+09:00,UP_RED,2,515,514,True,TIME_WINDOW_APPROVED,True,,True,1.0,MORNING,True,,False,False,,5,True,False,False,2,False,2937.8115807682416,2047.7542089736253,890.0573717946163,0.12437813635767322,-0.2831275300751302,180.66076196962968,1169.8590451190248,0.4705190909666046,0.7314861313651568,0.6687000033249751,09:39,-1.529841,0.20451792437387462,-1.529841217875266,TIME_WINDOW_STOP_LOSS,1.0,False,09:30
20260602,2026-06-02T09:54:00+09:00,2026-06-02T09:48:00+09:00,DOWN_BLUE,3,520,519,True,TIME_WINDOW_APPROVED,True,,True,2.0,MORNING,True,,False,False,,5,True,True,False,2,True,1105.1085565209696,19.800247001965545,1085.308309519004,0.04757247337584889,0.37391496727716544,1264.1047199126333,2345.739047158975,0.9592992229017321,0.9070534996799912,0.4907471321040002,09:54,-0.745443,2.105704918032787,-0.9093114754098359,OPPOSITE_SIGNAL,1.2,False,09:30
20260602,2026-06-02T10:21:00+09:00,2026-06-02T10:15:00+09:00,UP_RED,4,529,528,True,TIME_WINDOW_APPROVED,True,,True,3.0,MORNING,False,0197X0,False,False,,3,True,False,True,3,False,1080.906945840783,124.24479119217904,956.662154648604,0.046490621326485286,-0.6470613039468806,-660.40733586438,-119.55835914891213,-0.048851802662976326,-0.5177500761404532,0.567635776780626,10:21,0.128908,1.661253369272237,-0.9824460916442047,EARLY_TAKE_PROFIT,0.7999999999999998,True,10:00
20260604,2026-06-04T09:39:00+09:00,2026-06-04T09:33:00+09:00,UP_RED,1,641,640,True,TIME_WINDOW_APPROVED,True,,True,1.0,MORNING,True,,False,False,,5,True,False,False,2,False,1920.035256382621,1098.5484519882393,821.4868043943816,0.0828315468672399,-0.10966610240043285,207.86191927734762,803.650239571929,0.3293648522836377,1.2413973767351159,0.810442518288952,09:39,-2.107037,0.0,-2.1070374766830593,TIME_WINDOW_STOP_LOSS,1.0,False,09:30
20260604,2026-06-04T09:57:00+09:00,2026-06-04T09:51:00+09:00,DOWN_BLUE,2,647,646,True,TIME_WINDOW_APPROVED,True,,True,2.0,MORNING,True,,False,False,,5,True,True,False,2,True,1055.2170927871684,180.69807713440514,874.5190156527633,0.04613979417521506,0.204017235327082,954.9195606005378,1971.5426381877623,0.8189617430163318,0.21682421924290812,0.5562938532673716,09:57,-1.398085,0.03766358123204597,-1.398084902649218,TIME_WINDOW_STOP_LOSS,1.2,False,09:30
20260604,2026-06-04T10:36:00+09:00,2026-06-04T10:30:00+09:00,UP_RED,3,660,659,True,TIME_WINDOW_APPROVED,True,,True,3.0,MORNING,True,,False,False,,5,True,False,True,3,False,1804.474796547148,540.2029881982171,1264.2718083489308,0.07814962306397348,-0.2857486683901943,239.27727144630626,1311.6031477442011,0.5396375012373485,0.7377261094368915,1.0369707461635516,10:36,-1.885577,0.25204448246364414,-1.8855774165953805,TIME_WINDOW_STOP_LOSS,0.7999999999999998,False,10:30
20260605,2026-06-05T09:45:00+09:00,2026-06-05T09:39:00+09:00,UP_RED,1,769,768,True,TIME_WINDOW_APPROVED,True,,True,1.0,MORNING,True,,False,False,,2,False,False,False,2,False,2335.708650449509,610.2491961119667,1725.4594543375424,0.11059226564628358,-2.919123351511415,-4071.6863668099977,-4010.992716097273,-1.8041870645323248,-0.24569899694864622,0.8832374735744329,09:45,-1.635711,0.4251958762886598,-1.6357113402061856,TIME_WINDOW_STOP_LOSS,1.0,False,09:30
20260608,2026-06-08T10:48:00+09:00,2026-06-08T10:42:00+09:00,UP_RED,2,922,921,True,TIME_WINDOW_APPROVED,True,,True,1.0,MORNING,True,,False,False,,5,True,True,True,3,False,2101.9887157135045,1512.7967425252264,589.1919731882781,0.10605392107535341,-0.7308015756243365,110.6383152436465,1810.0132581412327,0.8675643770101126,1.2133495560125032,1.1049387253615046,10:48,3.911,4.061098076020647,-1.0515720319099016,TIME_WINDOW_TP2_FULL,0.8,True,10:30
20260608,2026-06-08T14:42:00+09:00,2026-06-08T14:36:00+09:00,DOWN_BLUE,5,1000,999,True,TIME_WINDOW_APPROVED,False,REJECT_TIME_WINDOW,True,2.0,AFTERNOON,True,,False,False,,5,True,True,False,1,True,1228.2331234749618,454.643803817944,773.5893196570178,0.06298631402435702,0.7930073436392973,1723.382671870524,2816.7612905122805,1.3722683210187614,1.7056760417372263,1.8278344037715544,14:42,-0.04098,2.163872549019608,-0.7514705882352941,FORCED_LIQUIDATION,1.0,False,14:30
20260609,2026-06-09T09:39:00+09:00,2026-06-09T09:33:00+09:00,DOWN_BLUE,1,1111,1110,True,TIME_WINDOW_APPROVED,True,,True,1.0,MORNING,True,,False,False,,4,True,False,False,2,False,1982.8849993791591,1202.803695119237,780.081304259922,0.09796862645153949,-1.125281555744246,-1255.2795948632993,-839.8580406191759,-0.39420214357121897,0.8628310224112279,0.6740380094341053,09:39,4.227361,4.529747899159664,-1.5739495798319327,TIME_WINDOW_TP2_FULL,1.0,True,09:30
20260609,2026-06-09T10:39:00+09:00,2026-06-09T10:33:00+09:00,UP_RED,2,1131,1130,True,TIME_WINDOW_APPROVED,True,,True,2.0,MORNING,True,,False,False,,5,True,True,False,1,True,2486.2413637823374,1697.5159751741394,788.725388608198,0.12092613637073625,0.8112812944662989,1700.8517994736321,2630.6237550394144,1.215511949069808,0.9326863968520288,1.1400008249293656,10:39,-0.289046,0.6178358043815003,-0.9969019694622704,OPPOSITE_SIGNAL,1.0,False,10:30
20260609,2026-06-09T12:12:00+09:00,2026-06-09T12:06:00+09:00,UP_RED,4,1162,1161,True,TIME_WINDOW_APPROVED,True,,True,3.0,AFTERNOON,True,,False,False,,5,True,True,False,1,True,461.9146563003046,45.23696097897164,416.677695321333,0.022357921408533623,0.539767379511805,841.725262488937,996.9131442378275,0.45840633447528367,1.0913428713768876,0.7433072839831746,12:12,4.234922,4.234922029431145,-0.28759059960465627,TIME_WINDOW_AFTERNOON_TP,1.0,True,12:00
20260610,2026-06-10T10:15:00+09:00,2026-06-10T10:09:00+09:00,UP_RED,1,1249,1248,True,TIME_WINDOW_APPROVED,True,,True,1.0,MORNING,True,,False,False,,3,True,False,False,2,False,1085.4670549211787,420.0706073164165,665.3964476047622,0.050913088879980244,-0.5127953184492481,-732.8064348967746,-739.0485753291287,-0.3293133895697883,-0.5330526179006282,0.5895019761172866,10:15,-1.393019,2.137720773759462,-1.3930193439865433,TIME_WINDOW_STOP_LOSS,1.0,False,10:00
20260610,2026-06-10T10:57:00+09:00,2026-06-10T10:51:00+09:00,DOWN_BLUE,2,1263,1262,True,TIME_WINDOW_APPROVED,True,,True,2.0,MORNING,True,,False,False,,5,True,True,False,1,True,565.3777157556178,423.47160441054893,141.9061113450689,0.02668134571758461,0.4910004248199154,933.1532099517062,1311.3636465147138,0.5879166890935179,1.029148315615761,0.6514487324392598,10:57,1.071479,3.2535915492957743,0.0,OPPOSITE_SIGNAL,1.2,True,10:30
20260610,2026-06-10T12:39:00+09:00,2026-06-10T12:33:00+09:00,DOWN_BLUE,4,1297,1296,True,TIME_WINDOW_APPROVED,True,,True,3.0,AFTERNOON,True,,False,False,,5,True,True,False,1,True,622.3077083143535,387.8622287296623,234.44547958469116,0.02974702238596336,0.45660762047946246,687.6265902919695,767.854741234798,0.3486912065836909,1.700353904181586,0.8761523487714401,12:39,4.445651,4.445651426607081,0.0,TIME_WINDOW_AFTERNOON_TP,0.7999999999999998,True,12:30
20260611,2026-06-11T09:09:00+09:00,2026-06-11T09:03:00+09:00,DOWN_BLUE,1,1353,1352,True,TIME_WINDOW_APPROVED,True,,True,1.0,MORNING,True,,False,False,,4,True,False,False,0,True,1791.4997167568781,1283.5864439313464,507.91327282553175,0.08997989536699538,0.8706526648911115,1454.299943069229,1925.8583207593765,0.9189178326074432,-0.45302060566238384,1.4565313203676546,09:09,-3.642213,0.0,-3.64221260815822,TIME_WINDOW_STOP_LOSS,1.0,False,09:00
20260611,2026-06-11T09:21:00+09:00,2026-06-11T09:15:00+09:00,UP_RED,2,1357,1356,True,TIME_WINDOW_APPROVED,True,,True,2.0,MORNING,True,,False,False,,5,True,True,False,2,False,4212.970430631585,1548.4900372713146,2664.4803933602707,0.20541055244425085,-0.5941490553914188,1032.315556314541,3945.0240269245114,1.8272905049138686,2.654784633238371,1.5182348356580397,09:21,-1.959409,1.663957515585315,-1.9594089124913414,TIME_WINDOW_STOP_LOSS,1.2,False,09:00
20260611,2026-06-11T12:18:00+09:00,2026-06-11T12:12:00+09:00,DOWN_BLUE,7,1416,1415,True,TIME_WINDOW_APPROVED,True,,True,3.0,AFTERNOON,True,,False,False,,5,True,True,False,2,True,764.0562375239942,656.2817077967229,107.77452972727133,0.037180352190948625,0.19621776505134356,654.1112299428787,1262.468427557731,0.5836228740534013,0.4865404996974558,0.5691703431203065,12:18,-1.879019,0.07563805104408353,-1.8790188929400067,TIME_WINDOW_STOP_LOSS,0.7999999999999998,False,12:00
20260612,2026-06-12T09:48:00+09:00,2026-06-12T09:42:00+09:00,DOWN_BLUE,1,1492,1491,True,TIME_WINDOW_APPROVED,True,,True,1.0,MORNING,True,,False,False,,3,True,False,False,2,False,2657.428965906467,986.5127110952017,1670.9162548112654,0.11634977959310276,-2.7823585312514427,-4094.1605426468886,-3869.2488885330968,-1.6093635919905103,0.07073313948846685,0.5399555368367178,09:48,4.281131,4.466779231743352,-1.0604474461798228,TIME_WINDOW_TP2_FULL,1.0,True,09:30
20260615,2026-06-15T09:06:00+09:00,2026-06-15T09:00:00+09:00,UP_RED,1,1604,1603,True,TIME_WINDOW_APPROVED,True,,True,1.0,MORNING,True,,False,False,,5,True,False,False,0,False,10334.512135115889,5509.775216766946,4824.736918348943,0.45128873952471127,-0.7873107510816925,1865.0122738508508,6707.6017799070105,2.7826295593500903,0.45034722605324584,1.3689972012426566,09:06,2.763725,3.6590035454375816,-0.05269639858182496,OPPOSITE_SIGNAL,1.0,True,09:00
20260615,2026-06-15T09:57:00+09:00,2026-06-15T09:51:00+09:00,DOWN_BLUE,2,1621,1620,True,TIME_WINDOW_APPROVED,True,,True,2.0,MORNING,False,0193T0,False,False,,2,False,False,False,2,False,409.0656223554324,97.48773886079289,311.57788349463954,0.017700805813735718,-0.750932843273458,-1488.1504551982507,-2011.1187520320527,-0.8267255795891274,-0.6290127441725047,0.41015038425912753,09:57,3.954806,4.179033649698016,-0.5643658326143226,TIME_WINDOW_TP2_FULL,1.0,True,09:30
20260615,2026-06-15T13:15:00+09:00,2026-06-15T13:09:00+09:00,UP_RED,5,1687,1686,True,TIME_WINDOW_APPROVED,False,REJECT_TIME_WINDOW,True,3.0,AFTERNOON,True,,False,False,,5,True,True,False,1,True,530.0942308839658,297.35290820946284,232.74132267450295,0.02299758051557335,0.2005019453619637,489.99291195487604,777.1848949790001,0.32031481571802606,0.456643042228631,0.8247950101618894,13:15,-2.290611,0.2555312954876274,-2.2906113537117903,TIME_WINDOW_STOP_LOSS,1.0,False,13:00
20260616,2026-06-16T09:45:00+09:00,2026-06-16T09:39:00+09:00,DOWN_BLUE,1,1743,1742,True,TIME_WINDOW_APPROVED,True,,True,1.0,MORNING,True,,False,False,,4,True,False,False,2,False,1619.9832797803647,430.52463164840447,1189.4586481319602,0.06884756820146047,-0.9012370572826967,-1048.3779997355305,-471.4897932270542,-0.1903592450344556,0.7961137559181559,0.648782405681026,09:45,4.050708,4.273318485523386,-0.6242316258351892,TIME_WINDOW_TP2_FULL,1.0,True,09:30
20260616,2026-06-16T10:36:00+09:00,2026-06-16T10:30:00+09:00,UP_RED,2,1760,1759,True,TIME_WINDOW_APPROVED,True,,True,2.0,MORNING,True,,False,False,,4,True,False,False,2,True,1139.6448462144472,529.5566843041452,610.088161910302,0.048765290809347335,0.16288714884917038,443.85213883733377,743.9689192525111,0.30242638993997545,-0.5561057948581012,0.6315607952197037,10:36,4.055536,3.5751512993948027,0.0,SMALL_WHIPSAW_HOLD_EXIT,1.0,True,10:30
20260616,2026-06-16T14:12:00+09:00,2026-06-16T14:06:00+09:00,UP_RED,6,1832,1831,True,TIME_WINDOW_APPROVED,False,REJECT_TIME_WINDOW,True,3.0,AFTERNOON,True,,False,False,,5,True,True,False,1,True,348.3362505372197,16.374058162276015,331.9621923749437,0.014642129068399316,0.25670696148974176,535.8265329813585,739.0201520216651,0.29511103170251335,0.9973389833860445,2.4249799216335273,14:12,-1.270558,0.21800753166723724,-1.4758644299897297,TIME_WINDOW_STOP_LOSS,1.0,False,14:00
20260617,2026-06-17T09:42:00+09:00,2026-06-17T09:36:00+09:00,DOWN_BLUE,1,1868,1867,True,TIME_WINDOW_APPROVED,True,,True,1.0,MORNING,True,,False,False,,4,True,False,True,3,False,670.2121676143433,164.83593415424457,505.3762334600988,0.028054088221613368,-0.3562573080700181,-382.45632982999086,-90.44136747764423,-0.03596454545987677,-0.10304539838389719,0.6653680807016926,09:42,-0.689843,1.3406278855032319,-1.105263157894737,OPPOSITE_SIGNAL,0.8,False,09:30
20260617,2026-06-17T10:18:00+09:00,2026-06-17T10:12:00+09:00,UP_RED,2,1880,1879,True,TIME_WINDOW_APPROVED,True,,True,2.0,MORNING,False,0197X0,False,False,,5,True,True,False,2,True,480.2905192696967,186.39035878208415,293.90016048761254,0.019995442101153067,0.3149702308995907,698.0082694776356,1003.749226947315,0.3969865801831014,0.6015914822023941,0.6437910449382662,10:18,0.923074,1.5477702702702703,-0.377027027027027,SMALL_WHIPSAW_HOLD_EXIT,1.0,True,10:00
20260617,2026-06-17T12:51:00+09:00,2026-06-17T12:45:00+09:00,UP_RED,6,1931,1930,True,TIME_WINDOW_APPROVED,True,,True,3.0,AFTERNOON,True,,False,False,,5,True,True,False,2,True,364.86350535192753,120.94458415872933,243.9189211931982,0.015120742036963428,0.11819981251091809,264.1534792515449,381.01039639674127,0.15000409306966037,0.7396213996430256,1.3155837723982793,12:51,4.187146,4.187146187146188,-0.22314352314352315,TIME_WINDOW_AFTERNOON_TP,1.0,True,12:30
20260618,2026-06-18T09:06:00+09:00,2026-06-18T09:00:00+09:00,UP_RED,1,1982,1981,True,TIME_WINDOW_APPROVED,True,,True,1.0,MORNING,True,,False,False,,5,True,True,False,0,True,7291.51711698385,4159.146920036828,3132.370196947022,0.2803351448282911,1.24269495852795,4586.85565558169,8426.891335835215,3.077872652457995,0.4165753062892187,1.9061440208205356,09:06,-0.587376,1.700483366505544,-1.4684105771964746,OPPOSITE_SIGNAL,1.0,False,09:00
20260618,2026-06-18T09:51:00+09:00,2026-06-18T09:45:00+09:00,DOWN_BLUE,2,1997,1996,True,TIME_WINDOW_APPROVED,True,,True,2.0,MORNING,False,0193T0,False,False,,2,False,False,False,2,False,1356.4610523945703,50.764448421428824,1305.6966039731415,0.051635365527010674,-1.998965559771914,-3181.376390067395,-2676.936452782713,-0.968058481211797,-0.6190364598955287,0.7303444230285762,09:51,-0.818845,2.4887268648345486,-1.2673022994952328,OPPOSITE_SIGNAL,1.0,False,09:30
20260618,2026-06-18T11:12:00+09:00,2026-06-18T11:06:00+09:00,UP_RED,3,2024,2023,True,TIME_WINDOW_APPROVED,True,,True,3.0,AFTERNOON,False,0197X0,False,False,,5,True,True,False,1,True,216.18239015964264,133.19579135241747,82.98659880722516,0.008251236265635214,0.8472845548472921,1266.9353207852691,930.6378970774822,0.33744503901656436,0.4342493364311533,0.8619238166731343,11:12,3.285329,2.930760499432463,-0.1467366628830874,SMALL_WHIPSAW_HOLD_EXIT,1.0,True,11:00
20260619,2026-06-19T09:06:00+09:00,2026-06-19T09:00:00+09:00,UP_RED,1,2108,2107,True,TIME_WINDOW_APPROVED,True,,True,1.0,MORNING,True,,False,False,,5,True,True,False,0,True,10153.33629672778,5750.186898818116,4403.149397909665,0.35763777022641,1.0985528878388187,5546.5484254984185,11021.317888312042,3.6880070425840814,0.24103994458889427,2.105645055571893,09:06,-2.203256,0.0,-2.203256379100851,TIME_WINDOW_STOP_LOSS,1.0,False,09:00
20260619,2026-06-19T09:42:00+09:00,2026-06-19T09:36:00+09:00,DOWN_BLUE,2,2120,2119,True,TIME_WINDOW_APPROVED,True,,True,2.0,MORNING,True,,False,False,,2,False,False,True,3,False,169.9190274411485,76.95142442332872,92.96760301781978,0.006002085038542864,-1.6313431793987503,-3450.896507292986,-4038.2777915676124,-1.355126775693805,-0.3410459016507,0.5301286308575526,09:42,-1.780785,0.18051420838971582,-1.7807848443843028,TIME_WINDOW_STOP_LOSS,0.96,False,09:30
20260619,2026-06-19T10:24:00+09:00,2026-06-19T10:18:00+09:00,UP_RED,3,2134,2133,True,TIME_WINDOW_APPROVED,True,,True,3.0,MORNING,True,,False,False,,5,True,True,False,1,True,854.3898787609251,297.713762812662,556.676115948263,0.029635444979567292,1.6860400707553167,3730.437914170325,4503.915121821221,1.4841204875928489,1.844846045260733,1.4544742175310028,10:24,-0.643601,0.36938486919632335,-0.6318171105349988,OPPOSITE_SIGNAL,1.04,False,10:00
20260622,2026-06-22T09:15:00+09:00,2026-06-22T09:09:00+09:00,DOWN_BLUE,1,2237,2236,True,TIME_WINDOW_APPROVED,True,,True,1.0,MORNING,True,,False,False,,5,True,False,False,2,False,1998.5519034952304,991.6986786919169,1006.8532248033134,0.07246381085914541,-0.10428122368038777,30.49398980801925,381.3872525682673,0.131369793306556,0.09106575926357233,0.9478148182325163,09:15,-2.33693,0.42363519588953114,-2.336929993577393,TIME_WINDOW_STOP_LOSS,1.0,False,09:00
20260622,2026-06-22T09:30:00+09:00,2026-06-22T09:24:00+09:00,UP_RED,2,2242,2241,True,TIME_WINDOW_APPROVED,True,,True,2.0,MORNING,True,,False,False,,5,True,True,False,2,True,1775.1889905042462,368.9717049700539,1406.2172855341923,0.06328659502688934,0.2745297899194321,1696.6670553516597,3565.029710407369,1.2074075668046014,1.3825115845027593,0.6841070555226647,09:30,8.283901,8.283900507362949,0.0,TIME_WINDOW_TP2_FULL,1.2,True,09:30
20260622,2026-06-22T12:21:00+09:00,2026-06-22T12:15:00+09:00,UP_RED,4,2299,2298,True,TIME_WINDOW_APPROVED,True,,True,3.0,AFTERNOON,True,,False,False,,5,True,True,False,1,True,803.0455828791496,118.39151831413801,684.6540645650116,0.027501561057505123,0.5867390687275703,1284.648219964467,1509.589534977451,0.49113358158509773,2.1657417217447748,0.7759274602933797,12:21,-2.281382,0.931129476584022,-2.8550275482093666,TIME_WINDOW_STOP_LOSS,0.7999999999999998,False,12:00
20260623,2026-06-23T10:33:00+09:00,2026-06-23T10:27:00+09:00,DOWN_BLUE,4,2405,2404,True,TIME_WINDOW_APPROVED,True,,True,1.0,MORNING,True,,False,False,,5,True,True,False,1,True,1443.7964125822655,68.36982286341845,1375.426589718847,0.0512166162675511,0.8270269826290956,2608.8252975447103,4273.929384162184,1.4403096541162559,2.0131765699186075,2.312768433958972,10:33,3.624595,4.502567567567568,-0.4952702702702702,OPPOSITE_SIGNAL,1.0,True,10:30
20260623,2026-06-23T12:30:00+09:00,2026-06-23T12:24:00+09:00,DOWN_BLUE,6,2444,2443,True,TIME_WINDOW_APPROVED,True,,True,2.0,AFTERNOON,True,,False,False,,5,True,True,False,1,True,954.1749212598861,127.15254318416919,827.0223780757169,0.03526145311381693,1.335122697310008,2799.657294354867,3417.177212893497,1.1996741878230495,4.065178671065665,1.6935109257240366,12:30,0.160728,1.853826850690088,0.0,TIME_WINDOW_BREAKEVEN_STOP,1.0,True,12:30
20260624,2026-06-24T10:00:00+09:00,2026-06-24T09:54:00+09:00,DOWN_BLUE,1,2612,2611,True,TIME_WINDOW_APPROVED,True,,True,1.0,MORNING,True,,False,False,,3,True,False,False,2,False,2142.6734109356184,1204.4191472468774,938.254263688741,0.08028000790317041,-1.0381462765549636,-1638.9556133779697,-1310.1356217376888,-0.466327778437901,-0.4711861045244075,0.310628337139606,10:00,4.342761,4.530043722673329,-0.08994378513429106,TIME_WINDOW_TP2_FULL,1.0,True,10:00
20260624,2026-06-24T10:39:00+09:00,2026-06-24T10:33:00+09:00,UP_RED,2,2625,2624,True,TIME_WINDOW_APPROVED,True,,True,2.0,MORNING,True,,False,False,,5,True,True,False,2,True,1805.4120080763787,771.2501125371011,1034.1618955392776,0.06792370233545443,0.3949559524129064,1169.9943468216807,1912.3086612629704,0.6834812747176695,0.32270148441889573,0.492440193987475,10:39,-2.27527,0.0,-2.2752697331061897,TIME_WINDOW_STOP_LOSS,1.0,False,10:30
20260624,2026-06-24T13:18:00+09:00,2026-06-24T13:12:00+09:00,DOWN_BLUE,5,2678,2677,True,TIME_WINDOW_APPROVED,False,REJECT_TIME_WINDOW,True,3.0,AFTERNOON,True,,False,False,,5,True,True,False,1,True,1215.3644538369426,580.1676881807416,635.196765656201,0.0491453479109156,1.28960667918907,2477.118767498061,3031.3091186690144,1.1644737819392155,4.591456144429523,0.6885908558362446,13:18,-1.228974,0.7236028214867065,-1.5543136190992946,TIME_WINDOW_STOP_LOSS,1.0,False,13:00
20260625,2026-06-25T09:06:00+09:00,2026-06-25T09:00:00+09:00,UP_RED,1,2806,2805,True,TIME_WINDOW_APPROVED,True,,True,1.0,MORNING,True,,False,False,,5,True,True,False,0,True,20720.43329983886,12898.054943705578,7822.378356133282,0.7224697803291095,0.93139349961302,8169.351078772452,18256.49851168692,6.04730599236493,0.05702623881097365,3.096103205367234,09:06,2.082984,1.8956521739130434,-0.015067466266866565,OPPOSITE_SIGNAL,1.0,True,09:00
20260625,2026-06-25T09:51:00+09:00,2026-06-25T09:45:00+09:00,DOWN_BLUE,2,2821,2820,True,TIME_WINDOW_APPROVED,True,,True,2.0,MORNING,False,0193T0,False,False,,2,False,False,False,2,False,2356.480120270062,1119.2353789039335,1237.2447413661284,0.08122992486280806,-2.7321976936367713,-5474.956954073627,-5776.3568718316965,-1.8916025605792857,-0.6124340713996274,1.2923286351256564,09:51,-1.394695,0.0,-1.3946947368421054,TIME_WINDOW_STOP_LOSS,1.0,False,09:30
20260626,2026-06-26T09:06:00+09:00,2026-06-26T09:00:00+09:00,DOWN_BLUE,1,2933,2932,True,TIME_WINDOW_APPROVED,True,,True,1.0,MORNING,True,,False,False,,5,True,False,False,0,False,5364.653444085736,1877.4419689384522,3487.2114751472836,0.18876331611842845,-0.5449275462077452,566.2656131563708,3090.562987952493,1.033087557549231,0.1404850499764744,1.0841863660613877,09:06,8.144886,8.144886363636363,-0.008847402597402599,TIME_WINDOW_TP2_FULL,1.0,True,09:00
20260629,2026-06-29T09:36:00+09:00,2026-06-29T09:30:00+09:00,UP_RED,1,3070,3069,True,TIME_WINDOW_APPROVED,True,,True,1.0,MORNING,True,,False,False,,2,False,False,False,2,False,894.1890371491681,229.80061873764498,664.3884184115232,0.03423388350494518,-1.9040763432700736,-3633.0571850300767,-4134.25546810776,-1.5036534053226076,-0.477787410231027,1.33920155807095,09:36,-1.31785,0.0,-1.3178502879078695,TIME_WINDOW_STOP_LOSS,1.0,False,09:30
20260630,2026-06-30T09:27:00+09:00,2026-06-30T09:21:00+09:00,UP_RED,1,3194,3193,True,TIME_WINDOW_APPROVED,True,,True,1.0,MORNING,True,,False,False,,4,True,False,False,2,False,1170.727711900493,479.9645364328535,690.7631754676395,0.0445312937200644,-0.21101083048911942,-228.91001359047368,-6.402168359141797,-0.002313449958583057,0.39437906896840735,1.104589706409433,09:27,8.106642,8.106641929499071,-0.05291280148423006,TIME_WINDOW_TP2_FULL,1.0,True,09:00
20260701,2026-07-01T09:21:00+09:00,2026-07-01T09:15:00+09:00,DOWN_BLUE,1,3319,3318,True,TIME_WINDOW_APPROVED,True,,True,1.0,MORNING,True,,False,False,,4,True,False,False,2,False,1186.3809644882986,373.0502623363209,813.3307021519777,0.044836771144682486,-0.5071124105580688,-837.2530570272356,-746.7900540851988,-0.2681219015044328,0.3645237989416053,1.0456424425453534,09:21,8.031858,8.031858407079646,0.0,TIME_WINDOW_TP2_FULL,1.0,True,09:00
20260702,2026-07-02T09:45:00+09:00,2026-07-02T09:39:00+09:00,UP_RED,1,3454,3453,True,TIME_WINDOW_APPROVED,True,,True,1.0,MORNING,True,,False,False,,2,False,False,False,2,False,2059.148476252958,220.2532747335208,1838.8952015194373,0.08917923240593148,-4.427685886533667,-7270.007709693629,-7987.360186045524,-3.286267724877846,-0.9230987031737763,0.9155817864706615,09:45,-1.332634,0.0,-1.3326340326340325,TIME_WINDOW_STOP_LOSS,1.0,False,09:30
20260703,2026-07-03T09:12:00+09:00,2026-07-03T09:06:00+09:00,UP_RED,1,3570,3569,True,TIME_WINDOW_APPROVED,True,,True,1.0,MORNING,True,,False,False,,4,True,False,False,0,False,2557.7470947726106,954.5248649951973,1603.2222297774133,0.11557826908145552,-2.0128289134459845,-2728.520046411548,-2347.87760868622,-1.0079004646416323,0.387941896687409,0.7582443023247863,09:12,3.905251,4.111651917404129,0.0,TIME_WINDOW_TP2_FULL,1.0,True,09:00
20260706,2026-07-06T09:21:00+09:00,2026-07-06T09:15:00+09:00,DOWN_BLUE,1,3700,3699,True,TIME_WINDOW_APPROVED,True,,True,1.0,MORNING,True,,False,False,,3,True,False,False,2,False,3035.071476784302,1234.6831891526745,1800.3882876316275,0.12479734690724925,-2.885549129174749,-4689.563398987055,-4707.131416174583,-1.8387232094432346,0.3515264199188801,1.2792345492257793,09:21,3.836088,4.036392785571143,0.0,TIME_WINDOW_TP2_FULL,1.0,True,09:00
20260708,2026-07-08T09:42:00+09:00,2026-07-08T09:36:00+09:00,UP_RED,1,3961,3960,True,TIME_WINDOW_APPROVED,True,,True,1.0,MORNING,True,,False,False,,2,False,False,False,2,False,1661.1901693034451,789.9644129196531,871.225756383792,0.07884148881364239,-2.241320525602348,-3335.021384120919,-3629.8316248976626,-1.6366113163989418,-0.256972552706663,1.0820660788473884,09:42,-1.343237,0.0999240121580547,-1.3432370820668693,TIME_WINDOW_STOP_LOSS,1.0,False,09:30
20260709,2026-07-09T09:06:00+09:00,2026-07-09T09:00:00+09:00,UP_RED,1,4076,4075,True,TIME_WINDOW_APPROVED,True,,True,1.0,MORNING,True,,False,False,,4,True,False,False,0,False,12539.58561321962,6293.05141100589,6246.53420221373,0.5638302883641916,-1.1767678588724246,1850.581567466259,7527.427956236992,3.2154031287881266,-0.08596878197762278,1.1002371346247648,09:06,-1.447378,0.0,-1.4473783477932856,TIME_WINDOW_STOP_LOSS,1.0,False,09:00
20260709,2026-07-09T09:54:00+09:00,2026-07-09T09:48:00+09:00,DOWN_BLUE,2,4092,4091,True,TIME_WINDOW_APPROVED,True,,True,2.0,MORNING,True,,False,False,,5,True,False,False,2,True,1162.9137059421673,398.58548629672896,764.3282196454384,0.0532225952376278,0.007320404789438236,182.18182885367423,453.0004170802422,0.19695670307829158,0.9569518903204184,1.0022621460640733,09:54,6.064078,7.7496470588235296,-0.08996078431372549,PP_EXIT,1.2,True,09:30
20260710,2026-07-10T09:06:00+09:00,2026-07-10T09:00:00+09:00,UP_RED,1,4203,4202,True,TIME_WINDOW_APPROVED,True,,True,1.0,MORNING,True,,False,False,,4,True,False,False,0,True,9298.304384396359,5164.020545066966,4134.283839329392,0.40568518256528613,0.23454997713629233,3099.3319300562143,7427.131243200973,3.0784357247124654,-0.10082318541408063,0.8256784445581187,09:06,-1.411711,0.0,-1.411711371363808,TIME_WINDOW_STOP_LOSS,1.0,False,09:00
20260710,2026-07-10T09:45:00+09:00,2026-07-10T09:39:00+09:00,DOWN_BLUE,2,4216,4215,True,TIME_WINDOW_APPROVED,True,,True,2.0,MORNING,True,,False,False,,4,True,False,False,2,False,1717.7565620001606,838.4567025471715,879.299859452989,0.07593972422635546,-0.84070882107799,-903.0237184665166,-327.07869154121727,-0.13736726656238277,0.7289780545656837,1.096642808065844,09:45,5.724495,7.385833003561536,-0.010922041946972693,PP_EXIT,1.2,True,09:30
20260714,2026-07-14T09:21:00+09:00,2026-07-14T09:15:00+09:00,UP_RED,1,4462,4461,True,TIME_WINDOW_APPROVED,True,,True,1.0,MORNING,True,,False,False,,3,True,False,False,2,False,2350.5862184703656,892.7575524091153,1457.8286660612503,0.12781871769822542,-3.1944148357054383,-3835.027076312341,-3706.618372740457,-1.9147838249610527,0.38524287106142446,0.6277666276169273,09:21,3.850419,4.05779918488329,-0.01593182660244535,TIME_WINDOW_TP2_FULL,1.0,True,09:00
20260715,2026-07-15T09:45:00+09:00,2026-07-15T09:39:00+09:00,DOWN_BLUE,1,4596,4595,True,TIME_WINDOW_APPROVED,True,,True,1.0,MORNING,True,,False,False,,2,False,False,False,2,False,4112.295588214067,1513.0719739568012,2599.2236142572656,0.19397620699122956,-4.974468194859153,-6920.647945182631,-6747.068307996029,-3.0234504210360056,-0.3321891264795698,0.6356237747332022,09:45,-3.229583,0.0,-3.229583095374072,TIME_WINDOW_STOP_LOSS,1.0,False,09:30
20260715,2026-07-15T11:18:00+09:00,2026-07-15T11:12:00+09:00,UP_RED,2,4627,4626,True,TIME_WINDOW_APPROVED,True,,True,2.0,AFTERNOON,True,,False,False,,5,True,True,False,1,True,788.8649274131585,453.8500497129662,335.0148777001923,0.03698382219470973,2.157292194524725,2724.3917694753036,2182.374299256131,0.9719904286419929,0.9301954030870563,0.8469357693881967,11:18,-1.259629,0.0,-1.259628593233274,TIME_WINDOW_STOP_LOSS,1.2,False,11:00
20260716,2026-07-16T09:06:00+09:00,2026-07-16T09:00:00+09:00,DOWN_BLUE,1,4709,4708,True,TIME_WINDOW_APPROVED,True,,True,1.0,MORNING,True,,False,False,,4,True,False,False,0,True,18423.27357196978,11078.710995871841,7344.56257609794,0.9676089060908499,1.5758930476655681,8024.810439270455,17537.142329954775,8.750149796983681,-0.0845846451912113,1.1533002735978113,09:06,5.14862,6.037342068320075,0.0,OPPOSITE_SIGNAL,1.0,True,09:00
20260720,2026-07-20T09:18:00+09:00,2026-07-20T09:12:00+09:00,UP_RED,1,4839,4838,True,TIME_WINDOW_APPROVED,True,,True,1.0,MORNING,True,,False,False,,5,True,True,False,1,False,3970.698586912812,1024.1716966070062,2946.526890305806,0.21020108983127644,-0.1285881358853681,1502.3190731124487,4130.089176645502,2.0770697288582833,4.121712160426029,1.2698556416336093,09:18,-2.492123,1.4112817089452603,-2.4921228304405876,TIME_WINDOW_STOP_LOSS,1.0,False,09:00
20260720,2026-07-20T09:54:00+09:00,2026-07-20T09:48:00+09:00,DOWN_BLUE,2,4851,4850,True,TIME_WINDOW_APPROVED,True,,True,2.0,MORNING,True,,False,False,,4,True,False,False,2,False,1325.249254563695,128.06952371734906,1197.179730846346,0.07171262200019995,-0.1438940255827743,381.72159027680755,1264.3516373212915,0.6499643157225318,-0.7933799313317493,0.3308393428774148,09:54,9.437952,9.437952338923212,-1.148631950573698,TIME_WINDOW_TP2_FULL,1.2,True,09:30
20260720,2026-07-20T13:18:00+09:00,2026-07-20T13:12:00+09:00,DOWN_BLUE,10,4919,4918,True,TIME_WINDOW_APPROVED,False,REJECT_TIME_WINDOW,True,3.0,AFTERNOON,True,,False,False,,5,True,True,False,2,True,1877.468953926363,712.1516831748478,1165.317270751515,0.10673501727836059,0.4518562901073499,1113.5215481254272,2035.065872219624,1.0990975432680716,2.931091166220321,1.7880899755708077,13:18,-1.661855,0.0,-1.6618548387096774,TIME_WINDOW_STOP_LOSS,0.7999999999999998,False,13:00
20260721,2026-07-21T09:21:00+09:00,2026-07-21T09:15:00+09:00,UP_RED,1,4966,4965,True,TIME_WINDOW_APPROVED,True,,True,1.0,MORNING,True,,False,False,,5,True,False,False,2,False,1147.0635625076102,854.1881059574189,292.8754565501913,0.06487916077531732,-0.43109282831972456,-314.81732124392875,-9.610859556356445,-0.005164206209547746,0.5159651902160195,0.5774529428585846,09:21,5.95209,7.593134328358209,-0.9478358208955224,PP_EXIT,1.0,True,09:00
20260721,2026-07-21T11:48:00+09:00,2026-07-21T11:42:00+09:00,UP_RED,3,5015,5014,True,TIME_WINDOW_APPROVED,True,,True,2.0,AFTERNOON,True,,False,False,,5,True,True,False,1,True,809.3735663464149,514.2497638643081,295.12380248210684,0.04422806373477677,0.5032639849998306,781.3769582773093,1045.6846897155046,0.542841778814047,2.018765178346995,0.45472670614818866,11:48,4.080645,4.080645161290322,-1.0012622720897617,TIME_WINDOW_AFTERNOON_TP,1.0,True,11:30
20260722,2026-07-22T09:45:00+09:00,2026-07-22T09:39:00+09:00,DOWN_BLUE,1,5100,5099,True,TIME_WINDOW_APPROVED,True,,True,1.0,MORNING,True,,False,False,,3,True,False,True,3,False,1810.8729962984798,487.9153467906581,1322.9576495078218,0.09127384053923789,-2.2468821587699024,-2881.1674966234714,-2737.943330240203,-1.311011171233845,0.12396381784950537,0.48037040226268624,09:45,-1.519492,1.3922669491525426,-1.5194915254237287,TIME_WINDOW_STOP_LOSS,0.8,False,09:30
20260722,2026-07-22T13:39:00+09:00,2026-07-22T13:33:00+09:00,DOWN_BLUE,3,5178,5177,True,TIME_WINDOW_APPROVED,False,REJECT_TIME_WINDOW,True,2.0,AFTERNOON,True,,False,False,,5,True,True,False,1,True,525.8754279892867,14.033531256948208,511.84189673233845,0.027093015352358918,0.17828131449707035,493.35033646482043,908.067676737206,0.44444322148395543,1.8108319675020503,0.760929062196188,13:39,4.373708,4.373707977922729,-0.3406924234821877,TIME_WINDOW_AFTERNOON_TP,1.2,True,13:30
20260723,2026-07-23T10:27:00+09:00,2026-07-23T10:21:00+09:00,DOWN_BLUE,1,5240,5239,True,TIME_WINDOW_APPROVED,True,,True,1.0,MORNING,True,,False,False,,5,True,False,False,2,False,2203.5932684650725,1151.0803445789606,1052.5129238861118,0.11501008708064053,-0.4260732521229236,-83.95648748101667,642.8031123566907,0.31871761833967704,0.26615825344979865,0.9055154253838678,10:27,4.75281,7.900581395348838,-0.09001937984496122,PP_EXIT,1.0,True,10:00
20260723,2026-07-23T13:24:00+09:00,2026-07-23T13:18:00+09:00,UP_RED,4,5299,5298,True,TIME_WINDOW_APPROVED,False,REJECT_TIME_WINDOW,True,2.0,AFTERNOON,True,,False,False,,5,True,True,False,2,True,788.2023674133243,127.95404474961288,660.2483226637114,0.041095013942300536,0.3060761835985954,954.3899352014996,1843.3697064223234,0.9130350474980043,0.8052205840329051,1.4124377519563671,13:24,-1.209472,0.54976,-1.2094719999999999,TIME_WINDOW_STOP_LOSS,1.0,False,13:00
20260723,2026-07-23T14:48:00+09:00,2026-07-23T14:42:00+09:00,DOWN_BLUE,7,5327,5326,True,TIME_WINDOW_APPROVED,False,REJECT_TIME_WINDOW,True,3.0,AFTERNOON,True,,False,False,,5,True,True,True,3,False,1231.960795626254,450.6600382787001,781.3007573475538,0.06480593348901914,-0.2263570154561337,239.81257483386435,1071.4163102370221,0.535426351775404,0.22135994966533093,1.1947847750467568,14:48,-0.56168,0.19301557338367153,-0.9863142991977347,FORCED_LIQUIDATION,0.8,False,14:30
20260727,2026-07-27T09:06:00+09:00,2026-07-27T09:00:00+09:00,UP_RED,1,5466,5465,True,TIME_WINDOW_APPROVED,True,,True,1.0,MORNING,True,,False,False,,4,True,False,False,0,False,4209.189478367585,1703.7574149067732,2505.432063460812,0.23203911126612928,-0.9950239639589998,25.516257857671008,1965.7771603928413,1.0294863849906293,0.0,1.0841863660613877,09:06,0.43609,0.43609022556390975,-0.1275187969924812,OPPOSITE_SIGNAL,1.0,True,09:00
20260727,2026-07-27T10:24:00+09:00,2026-07-27T10:18:00+09:00,DOWN_BLUE,2,5492,5491,True,TIME_WINDOW_APPROVED,True,,True,2.0,MORNING,False,0193T0,False,False,,2,False,False,False,2,False,97.10781713251708,29.895775663116183,67.2120414694009,0.0053444038047615345,0.016132345969517587,-77.13316335435957,-229.7776029938832,-0.12013688654064503,-0.077162316415439,1.2204437712546332,10:24,8.072846,8.07284605961617,-0.4981625153123724,TIME_WINDOW_TP2_FULL,1.0,True,10:00
20260728,2026-07-28T09:06:00+09:00,2026-07-28T09:00:00+09:00,DOWN_BLUE,1,5593,5592,True,TIME_WINDOW_APPROVED,True,,True,1.0,MORNING,True,,False,False,,5,True,True,False,0,False,14612.489912656498,8428.97607312932,6183.513839527177,0.88080107972613,-0.03672346895764963,4361.035242562415,11311.011136083165,6.477070873585879,0.1052831040180111,1.210926753329416,09:06,4.005517,3.8433265720081136,0.0,OPPOSITE_SIGNAL,1.0,True,09:00
20260730,2026-07-30T09:36:00+09:00,2026-07-30T09:30:00+09:00,UP_RED,1,5857,5856,True,TIME_WINDOW_APPROVED,True,,True,1.0,MORNING,True,,False,False,,2,False,False,False,2,False,1478.527673528617,702.3325633775603,776.1951101510567,0.10984603815220037,-3.39574868243899,-3322.4402911900543,-3757.158933528932,-2.6517837940955005,-0.5862169206704838,0.5730223465245848,09:36,-1.398075,0.0,-1.398075442648191,TIME_WINDOW_STOP_LOSS,1.0,False,09:30
20260731,2026-07-31T09:06:00+09:00,2026-07-31T09:00:00+09:00,UP_RED,1,5974,5973,True,TIME_WINDOW_APPROVED,True,,True,1.0,MORNING,True,,False,False,,4,True,False,False,0,True,35869.51492757205,21815.730176762718,14053.78475080933,2.1174448009192472,1.1021200915383325,12103.067034505075,29247.91873628553,16.402315702167265,-0.0901937830817699,0.9756283750369242,09:06,-1.373414,0.0,-1.3734138972809669,TIME_WINDOW_STOP_LOSS,1.0,False,09:00
20260731,2026-07-31T09:48:00+09:00,2026-07-31T09:42:00+09:00,DOWN_BLUE,2,5988,5987,True,TIME_WINDOW_APPROVED,True,,True,2.0,MORNING,True,,False,False,,3,True,False,False,2,False,4821.325048978979,2162.201359349274,2659.123689629705,0.289395261043156,-5.661734037670599,-6052.182665058877,-5679.366971194744,-3.238534587415943,0.9408793422581779,1.2345818320479995,09:48,3.864301,4.068288854003139,0.0,TIME_WINDOW_TP2_FULL,1.2,True,09:30
20260803,2026-08-03T09:45:00+09:00,2026-08-03T09:39:00+09:00,UP_RED,1,6114,6113,True,TIME_WINDOW_APPROVED,True,,True,1.0,MORNING,True,,False,False,,3,True,False,False,2,False,1793.5549717170616,860.8469213973112,932.7080503197503,0.11237813105996626,-1.4803859149204757,-1432.744816949591,-1207.9251382246148,-0.7190030584670837,-0.20152708305176487,0.43312942717065017,09:45,1.66193,3.924778299426187,-0.454981742305686,TIME_WINDOW_TRAILING_STOP,1.0,True,09:30
20260803,2026-08-03T10:36:00+09:00,2026-08-03T10:30:00+09:00,DOWN_BLUE,2,6131,6130,True,TIME_WINDOW_APPROVED,True,,True,2.0,MORNING,True,,False,False,,5,True,True,False,1,True,980.9992632949034,356.1098811562715,624.8893821386318,0.06220667490773008,1.1013366981848132,1549.2719400408678,2167.271873750491,1.3055854661147315,1.478136264354995,0.9606132770161655,10:36,-2.345016,0.0,-2.3974816369359915,TIME_WINDOW_STOP_LOSS,1.0,False,10:30
20260803,2026-08-03T13:06:00+09:00,2026-08-03T13:00:00+09:00,DOWN_BLUE,10,6181,6180,True,TIME_WINDOW_APPROVED,False,REJECT_TIME_WINDOW,True,3.0,AFTERNOON,True,,False,False,,5,True,True,False,2,True,48.72259602893337,38.712676015824854,10.009920013108513,0.0030739808220147232,0.3721463621214432,388.2544448173139,380.3909535158891,0.22799457781713114,0.8357696472901706,0.7990120153947246,13:06,-2.060416,0.06968566862013852,-2.060415556739478,TIME_WINDOW_STOP_LOSS,1.0,False,13:00
20260804,2026-08-04T09:06:00+09:00,2026-08-04T09:00:00+09:00,UP_RED,1,6231,6230,True,TIME_WINDOW_APPROVED,True,,True,1.0,MORNING,True,,False,False,,4,True,False,False,0,False,3860.5806449196134,2225.3594686343354,1635.221176285278,0.23993664666995732,-0.13624707388063872,1074.6145161665045,3002.133796296548,1.7725463682298264,-0.3251607446373873,2.445915362493282,09:06,-2.969722,1.4808800419067574,-2.9697223677317965,TIME_WINDOW_STOP_LOSS,1.0,False,09:00
20260804,2026-08-04T09:27:00+09:00,2026-08-04T09:21:00+09:00,DOWN_BLUE,2,6238,6237,True,TIME_WINDOW_APPROVED,True,,True,2.0,MORNING,True,,False,False,,5,True,False,True,3,True,587.6127421840843,157.93943390923118,429.67330827485307,0.03723781636147556,0.05273473358077749,221.95162951317616,484.80640285951085,0.2918669725706593,1.4275917868011356,0.45264755103634435,09:27,8.963769,8.963768870380012,0.0,TIME_WINDOW_TP2_FULL,0.96,True,09:00
20260804,2026-08-04T13:00:00+09:00,2026-08-04T12:54:00+09:00,DOWN_BLUE,6,6309,6308,True,TIME_WINDOW_APPROVED,False,REJECT_TIME_WINDOW,True,3.0,AFTERNOON,True,,False,False,,5,True,True,False,2,True,121.51073925735272,7.331822248150274,114.17891700920245,0.007999390339522893,0.4134347344587733,491.7166425907053,607.0509607417043,0.37965662455867727,1.7091236376026366,1.1975056872067291,13:00,0.99379,2.12686052242484,-0.18846722523410547,TIME_WINDOW_PROFIT_LOCK_STOP,1.04,True,13:00
20260805,2026-08-05T09:45:00+09:00,2026-08-05T09:39:00+09:00,DOWN_BLUE,1,6370,6369,True,TIME_WINDOW_APPROVED,True,,True,1.0,MORNING,True,,False,False,,2,False,False,False,2,False,2118.950078500122,547.2648056681064,1571.6852728320155,0.12567912683867866,-3.1652544772124145,-3342.0364488984924,-3001.442369706463,-1.6912041822189028,-0.16673997974787266,0.4371795168494378,09:45,4.65215,5.0216882316697475,-0.2133086876155268,TIME_WINDOW_TP2_FULL,1.0,True,09:30
20260805,2026-08-05T11:00:00+09:00,2026-08-05T10:54:00+09:00,UP_RED,2,6395,6394,True,TIME_WINDOW_APPROVED,True,,True,2.0,AFTERNOON,True,,False,False,,5,True,True,False,1,True,329.70213723894085,87.98855872619788,241.71357851274297,0.019601791750234295,1.4608600873334414,1496.4842250568327,1272.8628257832024,0.7189177672378442,0.31361143095057703,0.6997406561068755,11:00,-2.118358,0.05153374233128834,-2.1183577159037283,TIME_WINDOW_STOP_LOSS,1.0,False,11:00
20260806,2026-08-06T09:06:00+09:00,2026-08-06T09:00:00+09:00,DOWN_BLUE,1,6483,6482,True,TIME_WINDOW_APPROVED,True,,True,1.0,MORNING,True,,False,False,,4,True,False,False,0,True,8923.616935460497,6073.4419238493365,2850.1750116111607,0.5573776974054027,0.44012287646487847,3093.81714933645,7237.068727003876,4.294325603156681,-0.7643456346779007,2.1969435918805647,09:06,8.276211,8.276211453744493,-0.2,TIME_WINDOW_TP2_FULL,1.0,True,09:00
20260806,2026-08-06T12:09:00+09:00,2026-08-06T12:03:00+09:00,DOWN_BLUE,3,6544,6543,True,TIME_WINDOW_APPROVED,True,,True,2.0,AFTERNOON,True,,False,False,,5,True,True,False,1,True,583.4770674065545,149.47682392863192,434.0002434779226,0.03831103528605086,0.8515529992123387,836.1504777704831,791.2141607757658,0.4935347687046075,1.3447587361287856,1.184240298676321,12:09,0.36975,2.4127746550843128,-0.19223300970873786,TIME_WINDOW_PROFIT_LOCK_STOP,1.0,True,12:00
20260807,2026-08-07T09:06:00+09:00,2026-08-07T09:00:00+09:00,UP_RED,1,6609,6608,True,TIME_WINDOW_APPROVED,True,,True,1.0,MORNING,True,,False,False,,5,True,True,False,0,False,2963.025610509251,759.4120110249105,2203.6135994843403,0.19321979853337143,-0.32117617683666433,973.7115418384783,3029.5967838768847,1.876828786881685,0.6042315505898432,2.0313111577061984,09:06,-1.719092,0.0,-2.0098952270081494,TIME_WINDOW_STOP_LOSS,1.0,False,09:00
20260807,2026-08-07T09:24:00+09:00,2026-08-07T09:18:00+09:00,DOWN_BLUE,2,6615,6614,True,TIME_WINDOW_APPROVED,True,,True,2.0,MORNING,True,,False,False,,5,True,True,True,3,True,1181.3846158073138,225.4876283471059,955.8969874602079,0.07934080697161275,0.3059038712662633,799.2406981822569,1581.7356276116334,1.0091664514647292,1.6761051243290863,0.8988870177256731,09:24,0.98533,3.6247432762836187,-0.627677261613692,TIME_WINDOW_TRAILING_STOP,0.96,True,09:00
20260807,2026-08-07T10:15:00+09:00,2026-08-07T10:09:00+09:00,DOWN_BLUE,4,6632,6631,True,TIME_WINDOW_APPROVED,True,,True,3.0,MORNING,True,,False,False,,5,True,True,False,2,True,1056.6169596617929,351.8689941996563,704.7479654621366,0.07287013514908916,1.0417688365282394,1584.4559076977894,2496.160169361625,1.6354152833749378,2.7654073244639084,1.0800251010145465,10:15,2.29215,3.88018691588785,0.0,OPPOSITE_SIGNAL,1.04,True,10:00
20260810,2026-08-10T09:45:00+09:00,2026-08-10T09:39:00+09:00,DOWN_BLUE,1,6748,6747,True,TIME_WINDOW_APPROVED,True,,True,1.0,MORNING,True,,False,False,,5,True,False,True,3,False,2704.625127397514,1102.4219075423189,1602.2032198551951,0.18860705211977086,-0.6755356715576601,158.37462611752562,1428.1431442117319,0.9461199351473234,1.303774976692809,0.668546106301178,09:45,-1.57493,1.2556174558960072,-1.8998142989786446,TIME_WINDOW_STOP_LOSS,0.8,False,09:30
20260810,2026-08-10T10:54:00+09:00,2026-08-10T10:48:00+09:00,UP_RED,2,6771,6770,True,TIME_WINDOW_APPROVED,True,,True,2.0,MORNING,True,,False,False,,5,True,True,False,1,True,995.4991893741757,404.4392797673922,591.0599096067835,0.06856055023238125,0.1779041130923135,489.55446216091514,990.6228000887204,0.6481347521241387,0.24736229723505945,1.104394737523754,10:54,-2.033312,0.0,-2.033311730395334,TIME_WINDOW_STOP_LOSS,1.2,False,10:30
20260810,2026-08-10T11:09:00+09:00,2026-08-10T11:03:00+09:00,DOWN_BLUE,3,6776,6775,True,TIME_WINDOW_APPROVED,True,,True,3.0,AFTERNOON,True,,False,False,,5,True,True,True,3,False,249.09542382833024,73.6442362490161,175.45118757931414,0.017298293321411824,-0.13354357051892696,16.5048250395339,244.9890135731548,0.16162469645451186,0.566929037035284,0.5089075013095297,11:09,0.422761,1.821455223880597,-1.0223880597014925,EARLY_TAKE_PROFIT,0.96,True,11:00
20260811,2026-08-11T09:06:00+09:00,2026-08-11T09:00:00+09:00,DOWN_BLUE,1,6861,6860,True,TIME_WINDOW_APPROVED,True,,True,1.0,MORNING,True,,False,False,,4,True,False,False,0,True,1193.9164426426414,440.8075309254941,753.1089117171473,0.08540174840076119,0.4347336542488006,872.0859657030087,1609.3189129820094,1.0936001196944984,-0.280301057264442,2.7295363100237657,09:06,0.521048,2.441572052401747,-1.574061135371179,OPPOSITE_SIGNAL,1.0,True,09:00
20260811,2026-08-11T09:54:00+09:00,2026-08-11T09:48:00+09:00,UP_RED,2,6877,6876,True,TIME_WINDOW_APPROVED,True,,True,2.0,MORNING,False,0197X0,False,False,,3,True,False,False,2,False,749.0531841964412,216.1161443794781,532.9370398169631,0.05388871828751375,-0.8674876003657641,-588.6816737737972,-248.90772235556506,-0.17011678866033692,-0.09550286599533929,0.5727826566180914,09:54,-2.144437,0.47682494684620835,-2.1444365698086463,TIME_WINDOW_STOP_LOSS,1.0,False,09:30
20260811,2026-08-11T11:51:00+09:00,2026-08-11T11:45:00+09:00,UP_RED,4,6916,6915,True,TIME_WINDOW_APPROVED,True,,True,3.0,AFTERNOON,True,,False,False,,5,True,True,False,2,True,389.7631662516569,4.370346152537422,385.3928200991195,0.02744811029941246,0.21715790088067136,469.5064963803161,886.2386282957159,0.59290612456415,1.4733926215027675,0.9365404443440064,11:51,2.150815,3.5089673913043478,-0.7010869565217391,SMALL_WHIPSAW_HOLD_EXIT,1.0,True,11:30
20260812,2026-08-12T09:48:00+09:00,2026-08-12T09:42:00+09:00,DOWN_BLUE,1,7001,7000,True,TIME_WINDOW_APPROVED,True,,True,1.0,MORNING,True,,False,False,,5,True,False,False,2,False,1117.6772248236648,333.1412186834723,784.5360061401925,0.07708118791887343,-0.5719586629751621,-210.73980823648162,329.5026643523015,0.2158810559550204,0.537543084627397,0.5122243589893377,09:48,-0.897719,2.0002851711026617,-1.2776615969581748,OPPOSITE_SIGNAL,1.0,False,09:30
20260813,2026-08-13T09:45:00+09:00,2026-08-13T09:39:00+09:00,DOWN_BLUE,1,7126,7125,True,TIME_WINDOW_APPROVED,True,,True,1.0,MORNING,True,,False,False,,4,True,False,True,3,False,2277.60378407556,758.4322631307768,1519.171520944783,0.1424392610428743,-2.086708270267058,-1856.5971074753907,-1275.8067254289053,-0.7579839832129498,0.4753990357657198,0.6636075286535051,09:45,-2.585947,0.0,-2.818234610917538,TIME_WINDOW_STOP_LOSS,0.8,False,09:30
20260813,2026-08-13T12:00:00+09:00,2026-08-13T11:54:00+09:00,UP_RED,2,7171,7170,True,TIME_WINDOW_APPROVED,True,,True,2.0,AFTERNOON,True,,False,False,,5,True,True,True,3,True,424.83767691354274,26.478558461263447,398.3591184522793,0.026256963962518094,0.5690064807381447,651.7461403359193,711.7111136722378,0.41787735351589567,0.5587655705901801,1.1412684292570294,12:00,0.648443,1.7560949868073876,-0.8811609498680739,EARLY_TAKE_PROFIT,0.96,True,12:00
20260813,2026-08-13T14:24:00+09:00,2026-08-13T14:18:00+09:00,DOWN_BLUE,7,7219,7218,True,TIME_WINDOW_APPROVED,False,REJECT_TIME_WINDOW,True,3.0,AFTERNOON,True,,False,False,,5,True,True,False,2,False,630.0114419652107,209.1732580529008,420.8381839123099,0.039253049343626834,-0.007516089945993853,325.64004679140635,852.5067778972443,0.5045990274156911,0.3902659320981689,1.523465960100091,14:24,3.216302,2.7438865918487894,-0.38523331364441815,FORCED_LIQUIDATION,1.2,True,14:00
20260814,2026-08-14T09:51:00+09:00,2026-08-14T09:45:00+09:00,DOWN_BLUE,1,7254,7253,True,TIME_WINDOW_APPROVED,True,,True,1.0,MORNING,True,,False,False,,4,True,False,False,2,False,1352.0307286110692,326.0601148427195,1025.9706137683497,0.0806219873948163,-1.4492565190358189,-1432.2297160846647,-1135.3259178777225,-0.643148254015448,0.3830880412227813,0.4086571323525041,09:51,3.859279,4.026512226512226,0.0,TIME_WINDOW_TP2_FULL,1.0,True,09:30
20260814,2026-08-14T13:06:00+09:00,2026-08-14T13:00:00+09:00,DOWN_BLUE,5,7319,7318,True,TIME_WINDOW_APPROVED,False,REJECT_TIME_WINDOW,True,2.0,AFTERNOON,True,,False,False,,5,True,True,False,2,True,347.2638411840535,224.54363955442318,122.72020162963031,0.021187543696403507,0.04989582963279023,169.61899012583308,351.35501162172295,0.20365299636401782,1.2635650863332102,0.7431841130932346,13:06,-1.31198,0.0,-1.3119804400977995,TIME_WINDOW_STOP_LOSS,1.0,False,13:00
20260818,2026-08-18T09:06:00+09:00,2026-08-18T09:00:00+09:00,UP_RED,1,7365,7364,True,TIME_WINDOW_APPROVED,True,,True,1.0,MORNING,True,,False,False,,5,True,True,False,0,True,9557.383511337459,5508.1511664376685,4049.2323448997904,0.5470740418624762,0.5571942832703294,3777.6528806942515,8717.716994555201,4.740601685648194,0.43951726232666893,2.8434933717293083,09:06,2.645985,4.789233576642336,-0.9107664233576642,OPPOSITE_SIGNAL,1.0,True,09:00
20260818,2026-08-18T09:57:00+09:00,2026-08-18T09:51:00+09:00,DOWN_BLUE,2,7382,7381,True,TIME_WINDOW_APPROVED,True,,True,2.0,MORNING,False,0193T0,False,False,,3,True,False,False,2,False,2382.9268213672076,758.6802076484819,1624.2466137187257,0.1347047383474962,-2.3575191114237612,-2349.301934076706,-1668.77729513566,-0.8961777447025939,-0.6526072284254395,0.5762286547978837,09:57,3.873265,4.06268221574344,-1.0371720116618077,TIME_WINDOW_TP2_FULL,1.0,True,09:30
20260819,2026-08-19T09:09:00+09:00,2026-08-19T09:03:00+09:00,DOWN_BLUE,1,7508,7507,True,TIME_WINDOW_APPROVED,True,,True,1.0,MORNING,True,,False,False,,5,True,True,False,0,True,952.537626201156,926.3448619843257,26.192764216830255,0.06254350795805358,2.8040833189323098,3386.4642109766137,4238.124654903775,2.643610257490979,0.3506818364330254,0.8602540147801234,09:09,0.448599,1.7949353448275862,0.0,OPPOSITE_SIGNAL,1.0,True,09:00
20260819,2026-08-19T09:30:00+09:00,2026-08-19T09:24:00+09:00,UP_RED,2,7515,7514,True,TIME_WINDOW_APPROVED,True,,True,2.0,MORNING,False,0197X0,False,False,,2,False,False,False,2,False,1080.084917781518,59.62608346996785,1020.4588343115502,0.07133982283893778,-3.038698501239563,-2804.134150132537,-2388.988565208856,-1.4990350970597335,-0.3266756096412229,0.3682511169096639,09:30,4.82239,5.2734146341463415,-0.15097560975609756,TIME_WINDOW_TP2_FULL,1.0,True,09:30
20260819,2026-08-19T11:09:00+09:00,2026-08-19T11:03:00+09:00,DOWN_BLUE,3,7548,7547,True,TIME_WINDOW_APPROVED,True,,True,3.0,AFTERNOON,True,,False,False,,5,True,True,False,1,True,1001.2724025725156,482.8201979597509,518.4522046127647,0.06552829859767773,0.772004544378852,874.5885330415331,1013.8094338329975,0.6303134568987954,0.03151748049831637,1.0414163179049434,11:09,0.995223,1.6464712269272528,-0.5782844733984799,SMALL_WHIPSAW_HOLD_EXIT,1.0,True,11:00
20260820,2026-08-20T09:24:00+09:00,2026-08-20T09:18:00+09:00,UP_RED,1,7741,7740,True,TIME_WINDOW_APPROVED,True,,True,1.0,MORNING,True,,False,False,,5,True,False,True,3,False,1540.0690292109434,1184.5777432283708,355.49128598257266,0.09506598945746564,-0.12792216602031625,148.36880570836365,600.7762978300452,0.35230708823358226,0.7644940507914622,0.8640575400090356,09:24,4.44365,6.47043756670224,-0.9434364994663821,PP_EXIT,0.8,True,09:00
20260820,2026-08-20T10:42:00+09:00,2026-08-20T10:36:00+09:00,UP_RED,3,7767,7766,True,TIME_WINDOW_APPROVED,True,,True,2.0,MORNING,True,,False,False,,5,True,True,False,2,True,548.0751478547518,1.3026469524847926,546.772500902267,0.032546030157645595,1.0049219507368856,1619.698819468962,2395.761623850558,1.3515282319821065,2.7118068870515417,1.1855680063520726,10:42,0.257044,1.199107142857143,-0.6849206349206349,OPPOSITE_SIGNAL,1.0,True,10:30
20260820,2026-08-20T12:21:00+09:00,2026-08-20T12:15:00+09:00,UP_RED,7,7800,7799,True,TIME_WINDOW_APPROVED,True,,True,3.0,AFTERNOON,True,,False,False,,5,True,True,False,1,True,481.44635921012764,213.62281585256778,267.82354335755986,0.028504817004744085,0.5396350473490564,651.3138428423554,720.2898105168715,0.4051363647076461,2.1117847292702536,0.9718362457380921,12:21,1.394554,3.324356435643564,-0.9310891089108911,SMALL_WHIPSAW_HOLD_EXIT,1.0,True,12:00
20260821,2026-08-21T09:09:00+09:00,2026-08-21T09:03:00+09:00,UP_RED,1,7964,7963,True,TIME_WINDOW_APPROVED,True,,True,1.0,MORNING,True,,False,False,,5,True,True,False,0,True,788.8779807776405,170.5688416713623,618.3091391062782,0.04629565614892256,0.08954682695653952,398.22502123145387,866.3826409298927,0.4830184911287684,0.4754538530869578,0.9513900886201491,09:09,8.403143,8.403143418467584,0.0,TIME_WINDOW_TP2_FULL,1.0,True,09:00
20260821,2026-08-21T10:12:00+09:00,2026-08-21T10:06:00+09:00,DOWN_BLUE,2,7985,7984,True,TIME_WINDOW_APPROVED,True,,True,2.0,MORNING,True,,False,False,,2,False,False,True,3,False,695.2996028224443,199.4023404412983,495.897262381146,0.03982242856944125,-0.9951571736363817,-1120.9866968381684,-1061.9715600882191,-0.5778195773675677,-0.9705441531462001,0.5297259388550299,10:12,-1.382205,0.0,-1.6862357414448672,TIME_WINDOW_STOP_LOSS,0.8,False,10:00
20260821,2026-08-21T10:21:00+09:00,2026-08-21T10:15:00+09:00,UP_RED,3,7988,7987,True,TIME_WINDOW_APPROVED,True,,True,3.0,MORNING,True,,False,False,,5,True,True,False,2,True,512.9537389300312,154.8234324331297,358.13030649690154,0.029046078082108226,1.0930753844073606,1736.0062411613762,2445.099117875565,1.3153137950066345,1.9759444200060812,0.7822565983169306,10:21,-2.397737,0.0,-1.4474422815753734,OPPOSITE_SIGNAL,1.0,False,10:00
20260824,2026-08-24T09:57:00+09:00,2026-08-24T09:51:00+09:00,UP_RED,1,8208,8207,True,TIME_WINDOW_APPROVED,True,,True,1.0,MORNING,True,,False,False,,5,True,False,False,2,False,1530.807260196595,876.2732984660361,654.533961730559,0.08712619579946472,-0.2558236496223934,-14.357307052006945,436.1123685357161,0.23580350034664013,0.0797920463164664,0.26523976011763595,09:57,-2.194325,1.0078718535469107,-2.194324942791762,TIME_WINDOW_STOP_LOSS,1.0,False,09:30
20260824,2026-08-24T10:39:00+09:00,2026-08-24T10:33:00+09:00,DOWN_BLUE,2,8222,8221,True,TIME_WINDOW_APPROVED,True,,True,2.0,MORNING,True,,False,False,,5,True,True,False,1,True,1454.221235171356,799.8761492062182,654.3450859651379,0.08347997905690907,0.13080795125562128,619.625413199421,1358.1208539488725,0.7406514415909733,0.8032374141817678,1.0182918726127757,10:39,3.367068,5.39624060150376,-0.09007518796992481,PP_EXIT,1.2,True,10:30
20260825,2026-08-25T09:06:00+09:00,2026-08-25T09:00:00+09:00,DOWN_BLUE,1,8346,8345,True,TIME_WINDOW_APPROVED,True,,True,1.0,MORNING,True,,False,False,,5,True,True,False,0,True,1758.765588260363,701.635713805812,1057.129874454551,0.11082328848521505,1.5212748624786099,2512.2919740600046,3937.739083888009,2.3571847068012217,0.6062569480827708,1.623474160904974,09:06,-0.339875,1.9091249999999997,-1.277,OPPOSITE_SIGNAL,1.0,False,09:00
20260825,2026-08-25T09:33:00+09:00,2026-08-25T09:27:00+09:00,UP_RED,2,8355,8354,True,TIME_WINDOW_APPROVED,True,,True,2.0,MORNING,False,0197X0,False,False,,3,True,False,True,3,False,1208.7590429445409,526.4988016823372,682.2602412622036,0.07635875192321799,-1.897413673553694,-1805.8103627481032,-1495.3995194702875,-0.8974286440283794,0.1120634565451745,0.7873671742644525,09:33,-0.317093,1.5560477001703577,-0.8278250993753549,EARLY_TAKE_PROFIT,0.8,False,09:30
20260825,2026-08-25T12:15:00+09:00,2026-08-25T12:09:00+09:00,UP_RED,8,8409,8408,True,TIME_WINDOW_APPROVED,True,,True,3.0,AFTERNOON,True,,False,False,,5,True,True,True,3,False,375.9698817263278,154.93376190738223,221.03611981894556,0.023557010133228556,-0.19347390088452293,16.59100632299669,367.8234855821356,0.2189425509417766,0.6690891166725743,1.4143682218544196,12:15,4.13734,4.137340011129661,-0.3125208681135225,TIME_WINDOW_AFTERNOON_TP,0.8,True,12:00
20260826,2026-08-26T09:24:00+09:00,2026-08-26T09:18:00+09:00,UP_RED,1,8484,8483,True,TIME_WINDOW_APPROVED,True,,True,1.0,MORNING,True,,False,False,,5,True,True,False,1,True,547.3984129295386,436.9061584217343,110.49225450780432,0.032011603095294654,1.0765264677063002,1265.4180214093067,1325.6988343948033,0.7364993524415506,0.7022195458105124,0.6597305521534363,09:24,-0.822472,0.0,-1.1643380556912555,OPPOSITE_SIGNAL,1.0,False,09:00
20260826,2026-08-26T09:30:00+09:00,2026-08-26T09:24:00+09:00,DOWN_BLUE,2,8486,8485,True,TIME_WINDOW_APPROVED,True,,True,2.0,MORNING,False,0193T0,False,False,,5,True,False,True,3,False,1317.4950003411368,497.607538926849,819.8874614142878,0.0778661347719348,-0.9766608249614468,-486.83916547638364,483.9517478083726,0.27172231703186706,0.3356948830028322,0.9607636180074343,09:30,0.766167,2.6211277658815133,-0.018558172733761598,EARLY_TAKE_PROFIT,0.8,True,09:30
20260826,2026-08-26T10:21:00+09:00,2026-08-26T10:15:00+09:00,UP_RED,3,8503,8502,True,TIME_WINDOW_APPROVED,True,,True,3.0,MORNING,True,,False,False,,5,True,True,False,2,True,962.3633054143074,658.8767651310511,303.4865402832563,0.056776596189634654,0.3484990570716461,464.6901147395838,576.6156625004951,0.32317691998549386,0.1270237309308809,0.5205332291615802,10:21,-1.81499,0.0,-1.814990138067061,TIME_WINDOW_STOP_LOSS,1.0,False,10:00
20260827,2026-08-27T09:36:00+09:00,2026-08-27T09:30:00+09:00,DOWN_BLUE,1,8545,8544,True,TIME_WINDOW_APPROVED,True,,True,1.0,MORNING,True,,False,False,,4,True,False,False,2,False,2464.7497273097433,1234.2656104556117,1230.4841168541316,0.14124640271116007,-1.3488528008254668,-1028.887371180812,-175.81675995048136,-0.09571686071800042,1.2449535372834541,0.8498127730044485,09:36,1.706767,3.8358006042296076,-0.3164652567975831,TIME_WINDOW_TRAILING_STOP,1.0,True,09:30
20260827,2026-08-27T10:30:00+09:00,2026-08-27T10:24:00+09:00,UP_RED,2,8563,8562,True,TIME_WINDOW_APPROVED,True,,True,2.0,MORNING,True,,False,False,,4,True,False,False,2,True,737.03810078748,83.66815098892494,653.369949798555,0.042407255511362485,0.3822710511391051,583.5579653671011,805.6104508095887,0.44035093686375953,-0.5941485737733396,0.6648935052711635,10:30,1.893056,1.7985829003306566,-0.9398205007085498,SMALL_WHIPSAW_HOLD_EXIT,1.0,True,10:30
20260827,2026-08-27T13:39:00+09:00,2026-08-27T13:33:00+09:00,DOWN_BLUE,11,8626,8625,True,TIME_WINDOW_APPROVED,False,REJECT_TIME_WINDOW,True,3.0,AFTERNOON,True,,False,False,,5,True,True,False,2,True,246.07538076109995,41.685085850672294,204.39029491042766,0.014174849122183177,0.021392245826508297,222.51786229619756,534.7703409167007,0.2926450598334748,0.5977713691567046,1.0738133190032353,13:39,2.377113,2.6761406133133883,-0.3142857142857143,FORCED_LIQUIDATION,1.0,True,13:30
20260828,2026-08-28T09:09:00+09:00,2026-08-28T09:03:00+09:00,DOWN_BLUE,1,8662,8661,True,TIME_WINDOW_APPROVED,True,,True,1.0,MORNING,True,,False,False,,5,True,True,False,0,True,1792.3868525353355,1068.9962259672002,723.3906265681353,0.10593302910965341,0.5723946248671732,1270.9110619083513,2258.1477856847923,1.267872574704784,0.5032852598751109,1.717968146856146,09:09,-1.362518,0.0,-1.3625176803394625,TIME_WINDOW_STOP_LOSS,1.0,False,09:00
20260828,2026-08-28T09:27:00+09:00,2026-08-28T09:21:00+09:00,UP_RED,2,8668,8667,True,TIME_WINDOW_APPROVED,True,,True,2.0,MORNING,True,,False,False,,5,True,False,True,3,False,838.5052413182257,47.0828487095323,791.4223926086934,0.04900673531959238,-0.5850226373548202,-314.4511132903863,242.7036894238554,0.1347565779968125,0.6315658299091909,0.9693944133913917,09:27,0.445278,2.0025316455696203,0.0,EARLY_TAKE_PROFIT,0.96,True,09:00
20260828,2026-08-28T10:15:00+09:00,2026-08-28T10:09:00+09:00,DOWN_BLUE,3,8684,8683,True,TIME_WINDOW_APPROVED,True,,True,3.0,MORNING,True,,False,False,,5,True,True,False,2,True,389.9836626598285,28.536154524848143,361.44750813498035,0.022859534739732033,0.25593870099760035,416.9471108857542,615.6726292299572,0.3428423199112061,0.052267810481924304,1.1168194956901696,10:15,1.141304,1.141304347826087,-0.6694202898550724,SMALL_WHIPSAW_HOLD_EXIT,1.04,True,10:00
20260831,2026-08-31T09:06:00+09:00,2026-08-31T09:00:00+09:00,DOWN_BLUE,1,8803,8802,True,TIME_WINDOW_APPROVED,True,,True,1.0,MORNING,True,,False,False,,5,True,True,False,0,True,1278.4616884877578,396.6858193827411,881.7758691050167,0.08081300180074323,1.6142823072335202,2481.652661623899,3711.8467483525164,2.2289850890865304,0.5205303532606372,0.6362486441799969,09:06,-2.402877,0.0,-2.4654158849280803,TIME_WINDOW_STOP_LOSS,1.0,False,09:00
20260831,2026-08-31T09:18:00+09:00,2026-08-31T09:12:00+09:00,UP_RED,2,8807,8806,True,TIME_WINDOW_APPROVED,True,,True,2.0,MORNING,True,,False,False,,4,True,False,False,2,False,1428.8679753200904,540.5435475934992,888.3244277265912,0.08908154459601561,-1.5712805499517077,-1310.589551645331,-726.9583151671104,-0.4305551118509463,0.7887725661423685,0.6563702143249679,09:18,1.40443,3.6182724252491694,-0.5880398671096345,TIME_WINDOW_TRAILING_STOP,1.2,True,09:00
20260831,2026-08-31T10:06:00+09:00,2026-08-31T10:00:00+09:00,DOWN_BLUE,3,8823,8822,True,TIME_WINDOW_APPROVED,True,,True,3.0,MORNING,True,,False,False,,5,True,True,False,1,True,1384.6893769320773,784.6869362772823,600.002440654795,0.0868416040722532,0.8995550483204109,1254.6837392752059,1725.931196502177,1.0283064513497333,0.6688598521121432,0.5795973096303986,10:06,-0.85552,0.6116145500957243,-0.6641991065730695,OPPOSITE_SIGNAL,0.7999999999999998,False,10:00
20260903,2026-09-03T09:18:00+09:00,2026-09-03T09:12:00+09:00,DOWN_BLUE,1,8978,8977,True,TIME_WINDOW_APPROVED,True,,True,1.0,MORNING,True,,False,False,,5,True,True,False,1,True,1024.0903515987466,427.6773699247742,596.4129816739724,0.06302094471376903,0.3836271959212251,943.4384915900882,1776.8738010779489,1.0387877606301927,0.7283539096872402,1.475682561411514,09:18,-2.077137,0.9036447978793904,-2.0771371769383697,TIME_WINDOW_STOP_LOSS,1.0,False,09:00
20260903,2026-09-03T11:00:00+09:00,2026-09-03T10:54:00+09:00,DOWN_BLUE,3,9012,9011,True,TIME_WINDOW_APPROVED,True,,True,2.0,AFTERNOON,True,,False,False,,5,True,True,False,2,True,574.7191103146886,187.3131421298615,387.4059681848271,0.0354109125270911,0.2347435221204262,412.2158014141023,662.0420811192598,0.38751692979878305,0.4140476401413556,1.0095591319513435,11:00,-1.351894,0.1756810631229236,-1.9496345514950169,TIME_WINDOW_STOP_LOSS,1.2,False,11:00
20260904,2026-09-04T10:03:00+09:00,2026-09-04T09:57:00+09:00,DOWN_BLUE,1,9074,9073,True,TIME_WINDOW_APPROVED,True,,True,1.0,MORNING,True,,False,False,,4,True,False,False,2,False,721.0713539513399,171.85554969643817,549.2158042549017,0.04407526613394498,-0.34395100577193033,-199.3663701636251,78.16446162341163,0.04538889886449321,0.06883135826674477,0.5391354964321915,10:03,0.248509,1.7383468834688345,-0.7672086720867208,OPPOSITE_SIGNAL,1.0,True,10:00
20260904,2026-09-04T11:18:00+09:00,2026-09-04T11:12:00+09:00,UP_RED,2,9099,9098,True,TIME_WINDOW_APPROVED,True,,True,2.0,AFTERNOON,False,0197X0,False,False,,5,True,True,False,2,True,588.5684789525696,309.99747745231446,278.5710015002552,0.03591021836196276,0.06999943340339262,210.97377110971138,423.322808285011,0.24536709449102825,0.1453376270764092,1.8934147818531293,11:18,0.762473,0.9755863539445628,-0.9957356076759063,SMALL_WHIPSAW_HOLD_EXIT,1.0,True,11:00
20260907,2026-09-07T09:21:00+09:00,2026-09-07T09:15:00+09:00,DOWN_BLUE,2,9263,9262,True,TIME_WINDOW_APPROVED,True,,True,1.0,MORNING,True,,False,False,,2,False,False,False,2,False,562.7721934298752,133.98023492106222,428.79195850881297,0.03228756129832904,-1.5078365943923846,-1740.8585233285557,-1723.0991559254471,-0.9391532978365823,-0.058218050494927974,0.6946516087790326,09:21,0.297981,1.4621118012422358,-0.7108695652173913,OPPOSITE_SIGNAL,1.0,True,09:00
20260907,2026-09-07T11:33:00+09:00,2026-09-07T11:27:00+09:00,UP_RED,3,9307,9306,True,TIME_WINDOW_APPROVED,True,,True,2.0,AFTERNOON,False,0197X0,False,False,,5,True,True,False,1,True,374.8530437767033,165.59182583185532,209.261217944848,0.02150619872499732,0.3695746797385689,434.90647935913876,443.52863962668926,0.24173964867781106,0.11221961362791744,0.7032806211634619,11:33,2.984856,3.4106010411736865,-0.1845716990061524,SMALL_WHIPSAW_HOLD_EXIT,1.0,True,11:30
20260908,2026-09-08T09:15:00+09:00,2026-09-08T09:09:00+09:00,UP_RED,2,9412,9411,True,TIME_WINDOW_APPROVED,True,,True,1.0,MORNING,True,,False,False,,5,True,False,False,1,True,1633.7522031418453,138.3031573846747,1495.4490457571706,0.08996432836684169,0.4663530598298928,1424.1752536753193,2781.4023314239457,1.4550287526722951,1.0933425487990678,2.816711296888947,09:15,2.347997,4.002264808362369,0.0,OPPOSITE_SIGNAL,1.0,True,09:00
20260908,2026-09-08T10:12:00+09:00,2026-09-08T10:06:00+09:00,DOWN_BLUE,3,9431,9430,True,TIME_WINDOW_APPROVED,True,,True,2.0,MORNING,False,0193T0,False,False,,3,True,False,False,2,False,1272.8414812368683,375.935367230486,896.9061140063823,0.06913859213671202,-1.1983374371178805,-1108.3645203690976,-536.1619507051073,-0.2766723808636818,-0.5983154804684453,0.6143816768789566,10:12,-1.401925,0.4346456692913386,-1.4019247594050745,TIME_WINDOW_STOP_LOSS,1.0,False,10:00
20260908,2026-09-08T12:18:00+09:00,2026-09-08T12:12:00+09:00,UP_RED,4,9473,9472,True,TIME_WINDOW_APPROVED,True,,True,3.0,AFTERNOON,True,,False,False,,5,True,True,False,1,True,389.7103943717234,142.6041239360975,247.1062704356259,0.020884801413275637,0.5356751850980862,740.9438719095197,858.6764113528188,0.43716108830938155,1.5641518616033034,1.178273555156052,12:18,-0.090012,1.9811852465810194,-0.09001243265644426,TIME_WINDOW_BREAKEVEN_STOP,1.0,False,12:00
20260909,2026-09-09T09:15:00+09:00,2026-09-09T09:09:00+09:00,UP_RED,1,9574,9573,True,TIME_WINDOW_APPROVED,True,,True,1.0,MORNING,True,,False,False,,5,True,True,False,1,False,852.2313726365232,20.73398219859712,831.4973904379261,0.04669760945953552,-0.22074854933370977,277.609961216338,1140.0110605405644,0.5934304150759613,0.6365907278689193,0.826560066846443,09:15,5.810069,5.636545138888889,-0.6539930555555555,SMALL_WHIPSAW_HOLD_EXIT,1.0,True,09:00
20260910,2026-09-10T14:27:00+09:00,2026-09-10T14:21:00+09:00,UP_RED,5,9906,9905,True,TIME_WINDOW_APPROVED,False,REJECT_TIME_WINDOW,True,1.0,AFTERNOON,True,,False,False,,5,True,True,False,2,True,45.77320149031311,15.974968352504675,29.798233137808438,0.0024609248113071566,0.2132779794935292,321.643343570875,411.9254209373612,0.21039201607025146,0.671039134846766,0.7312602553327731,14:27,-0.006672,0.9103419516263555,-0.9653044203502918,FORCED_LIQUIDATION,1.0,False,14:00
20260911,2026-09-11T09:18:00+09:00,2026-09-11T09:12:00+09:00,UP_RED,2,10031,10030,True,TIME_WINDOW_APPROVED,True,,True,1.0,MORNING,True,,False,False,,2,False,False,False,2,False,232.6629779141913,16.484220709713554,216.17875720447773,0.0131151622274065,-1.1470847310917032,-1440.15230314387,-1572.0471892063506,-0.8418516514916551,-0.1809198702619494,0.42729294003271956,09:18,1.153641,2.535483870967742,-0.22829493087557604,WHIPSAW_WATCH_DETERIORATION_EXIT,1.0,True,09:00
20260911,2026-09-11T14:48:00+09:00,2026-09-11T14:42:00+09:00,UP_RED,10,10141,10140,True,TIME_WINDOW_APPROVED,False,REJECT_TIME_WINDOW,True,2.0,AFTERNOON,True,,False,False,,5,True,True,False,2,True,318.8748024575734,121.85723876677775,197.01756369079567,0.017666194041970826,0.2507219758112025,441.6409877713304,662.5971091582906,0.34873532060968465,1.0292617481651243,1.3529196844978402,14:48,1.311707,2.110144670276027,-0.19650306203958462,FORCED_LIQUIDATION,1.0,True,14:30
20260914,2026-09-14T09:30:00+09:00,2026-09-14T09:24:00+09:00,UP_RED,1,10262,10261,True,TIME_WINDOW_APPROVED,True,,True,1.0,MORNING,True,,False,False,,2,False,False,False,2,False,705.1480105743904,426.3600022638202,278.78800831057015,0.041116502074308475,-1.8218936672891182,-2199.017883283552,-2382.1538680463564,-1.3195604516874115,-0.34904600492598203,0.3128025683273598,09:30,-1.804902,0.5959803921568627,-1.8049019607843135,TIME_WINDOW_STOP_LOSS,1.0,False,09:30
20260915,2026-09-15T09:27:00+09:00,2026-09-15T09:21:00+09:00,UP_RED,2,10489,10488,True,TIME_WINDOW_APPROVED,True,,True,1.0,MORNING,True,,False,False,,5,True,True,False,1,True,1329.362970776588,578.5470280611339,750.8159427154542,0.07742358595087874,0.35702925714372347,989.7029673620127,1907.1084584430791,1.0551852274438216,0.8252572413050074,2.015246032010015,09:27,-1.324605,1.1939723320158102,-1.37401185770751,TIME_WINDOW_STOP_LOSS,1.0,False,09:00
20260915,2026-09-15T10:27:00+09:00,2026-09-15T10:21:00+09:00,UP_RED,4,10509,10508,True,TIME_WINDOW_APPROVED,True,,True,2.0,MORNING,True,,False,False,,5,True,True,False,1,True,511.12970325752985,137.9201882734419,373.20951498408795,0.029751437907888815,0.3743901974972331,646.8149104707409,991.0464961605612,0.5480175619049116,0.5946007417666871,0.8245730052675986,10:27,1.142209,1.0435897435897437,-1.272879684418146,SMALL_WHIPSAW_HOLD_EXIT,1.2,True,10:00
20260915,2026-09-15T14:00:00+09:00,2026-09-15T13:54:00+09:00,DOWN_BLUE,9,10580,10579,True,TIME_WINDOW_APPROVED,False,REJECT_TIME_WINDOW,True,3.0,AFTERNOON,True,,False,False,,5,True,True,False,2,True,355.2099264502758,77.76212157055852,277.4478048797173,0.021068204415793344,0.4051728943608506,733.248459815979,1171.9339227965102,0.660342364565139,1.306720578027783,2.059724225091952,14:00,0.134331,1.7042632759910248,-0.015108451757666418,TIME_WINDOW_BREAKEVEN_STOP,0.7999999999999998,True,14:00
20260916,2026-09-16T09:06:00+09:00,2026-09-16T09:00:00+09:00,UP_RED,1,10710,10709,True,TIME_WINDOW_APPROVED,True,,True,1.0,MORNING,True,,False,False,,5,True,False,False,0,False,1004.1697247470847,69.86202606804727,934.3076986790375,0.05889558502915453,-0.03218817800287529,390.7503570904955,1065.4939140696079,0.5936769609185225,0.33479886062733644,2.212906315888229,09:06,1.665429,3.4708479678876065,-0.2403411941796287,SMALL_WHIPSAW_HOLD_EXIT,1.0,True,09:00
20260916,2026-09-16T12:51:00+09:00,2026-09-16T12:45:00+09:00,UP_RED,7,10785,10784,True,TIME_WINDOW_APPROVED,True,,True,2.0,AFTERNOON,True,,False,False,,5,True,True,False,2,True,261.7051838447028,8.807468649543353,252.89771519515944,0.015092571155980554,0.2999112116528198,511.84603593917564,772.6071021526586,0.4232853212485798,0.8750774264077941,1.2473251152837639,12:51,0.199421,1.6467181467181469,0.0,TIME_WINDOW_BREAKEVEN_STOP,1.0,True,12:30
20260917,2026-09-17T09:12:00+09:00,2026-09-17T09:06:00+09:00,DOWN_BLUE,1,10940,10939,True,TIME_WINDOW_APPROVED,True,,True,1.0,MORNING,True,,False,False,,5,True,False,False,0,False,1118.282392550476,13.263218391723967,1105.019174158752,0.06401158514885381,-0.1303575643774071,415.3095844760537,1310.782259930158,0.7127894372832025,0.881295128206696,1.1757814078134048,09:12,-0.410754,1.113322632423756,-0.7317817014446228,OPPOSITE_SIGNAL,1.0,False,09:00
20260917,2026-09-17T10:00:00+09:00,2026-09-17T09:54:00+09:00,UP_RED,2,10956,10955,True,TIME_WINDOW_APPROVED,True,,True,2.0,MORNING,False,0197X0,False,False,,4,True,False,False,2,False,819.0193120221365,391.18624755306337,427.8330644690732,0.04674767762683428,-0.16991102534627223,8.683863688493147,335.74692888744175,0.1820545561890996,-0.02113461140514513,0.4612581960899879,10:00,-0.279696,1.4274193548387095,-0.5641366223908918,SMALL_WHIPSAW_HOLD_EXIT,1.0,False,10:00
20260918,2026-09-18T09:06:00+09:00,2026-09-18T09:00:00+09:00,DOWN_BLUE,1,11166,11165,True,TIME_WINDOW_APPROVED,True,,True,1.0,MORNING,True,,False,False,,2,False,False,False,0,False,272.67391372329075,95.51447389887653,177.15943982441422,0.015048229234177193,-0.8512737901604946,-1091.0334777643438,-1190.025171317393,-0.6239094441232866,-0.03908792509311665,0.9014603270405211,09:06,-0.526748,0.34685314685314683,-0.8763986013986015,WHIPSAW_WATCH_DETERIORATION_EXIT,1.0,False,09:00
