day,pair,A,An,E,En,d
20260527,1.109139307897072,37312.0,3,135667.0,2,98355.0
20260528,1.4575971731448762,280468.0,2,280849.0,2,381.0
20260529,0.0,291596.0,2,291596.0,2,0.0
20260601,1.4297729184188397,288977.0,2,375834.0,1,86857.0
20260602,1.2136974425661031,-224049.0,3,-262356.0,3,-38307.0
20260604,0.7877461706783371,-540186.0,3,-383903.0,2,156283.0
20260605,0.0,-138033.0,1,0.0,0,138033.0
20260608,0.05175983436853,470874.0,2,188539.0,2,-282335.0
20260609,0.825242718446602,520939.0,3,453601.0,3,-67338.0
20260610,0.8890968647636874,337449.0,3,262166.0,3,-75283.0
20260611,3.101145038167939,-834516.0,3,-433778.0,2,400738.0
20260612,0.0,209553.0,1,209553.0,1,0.0
20260615,1.6919739696312366,483336.0,3,43107.0,2,-440229.0
20260616,1.0702054794520548,708261.0,3,708261.0,3,0.0
20260617,0.3745318352059925,513005.0,2,513005.0,2,0.0
20260618,1.6544824932666409,675417.0,3,559489.0,3,-115928.0
20260619,0.3122831367106176,-297090.0,3,-377602.0,3,-80512.0
20260622,1.0638297872340423,512909.0,3,758022.0,2,245113.0
20260623,0.6650332516625832,832821.0,3,831171.0,3,-1650.0
20260624,0.3762227238525207,53640.0,3,313459.0,2,259819.0
20260625,1.220788280432508,191618.0,2,222102.0,1,30484.0
20260626,0.0,848881.0,1,848881.0,1,0.0
20260629,0.0,-30579.0,1,0.0,0,30579.0
20260630,0.0,846130.0,1,846130.0,1,0.0
20260701,0.0,742614.0,1,742614.0,1,0.0
20260702,0.0,-35699.0,1,0.0,0,35699.0
20260703,0.0,409426.0,1,409426.0,1,0.0
20260706,0.0,408891.0,1,408891.0,1,0.0
20260707,0.0,0.0,0,0.0,0,0.0
20260708,0.0,-31199.0,1,0.0,0,31199.0
20260709,0.1797752808988764,762037.0,2,662258.0,1,-99779.0
20260710,0.2616659398168338,550138.0,2,570060.0,1,19922.0
20260713,0.0,0.0,0,0.0,0,0.0
20260714,0.0,407315.0,1,407315.0,1,0.0
20260715,0.0,-193983.0,3,-139442.0,2,54541.0
20260716,1.7344173441734418,540752.0,1,226752.0,1,-314000.0
20260720,0.9081196581196582,820485.0,3,1126625.0,3,306140.0
20260721,1.477024070021882,644558.0,2,974531.0,2,329973.0
20260722,0.0,140445.0,1,140445.0,1,0.0
20260723,0.0,242871.0,3,317823.0,3,74952.0
20260724,0.0,0.0,0,0.0,0,0.0
20260727,0.330760749724366,858246.0,2,858246.0,2,0.0
20260728,2.1686746987951806,417947.0,1,417947.0,1,0.0
20260729,0.0,0.0,0,0.0,0,0.0
20260730,0.0,-35514.0,1,0.0,0,35514.0
20260731,0.1769911504424778,347122.0,2,509982.0,1,162860.0
20260803,0.9457755359394704,-252355.0,3,-370261.0,3,-117906.0
20260804,5.036447978793903,-324718.0,3,-760.0,1,323958.0
20260805,0.6543723973825104,-68682.0,3,-68682.0,3,0.0
20260806,2.046204620462046,721286.0,3,568121.0,3,-153165.0
20260807,1.119664100769769,-32082.0,3,483457.0,3,515539.0
20260810,0.0687757909215956,194441.0,3,-10121.0,3,-204562.0
20260811,1.7130620985010707,105438.0,3,12180.0,2,-93258.0
20260812,0.411240575736806,-128805.0,1,-128805.0,1,0.0
20260813,0.0,342646.0,2,342646.0,2,0.0
20260814,1.1564211807668898,210583.0,3,431565.0,1,220982.0
20260818,2.9885057471264367,683112.0,2,683112.0,2,0.0
20260819,1.5081967213114755,605369.0,3,521042.0,3,-84327.0
20260820,0.3556609365737996,88415.0,3,168894.0,2,80479.0
20260821,0.28328611898017,215419.0,3,131697.0,3,-83722.0
20260824,0.9122006841505133,134995.0,2,55148.0,2,-79847.0
20260825,1.3215859030837005,408844.0,2,421812.0,2,12968.0
20260826,0.5357142857142857,-293825.0,2,-167734.0,1,126091.0
20260827,0.2302820955670697,261857.0,3,365428.0,3,103571.0
20260828,0.4681100058513751,-142508.0,3,370.0,2,142878.0
20260831,0.6297229219143577,89454.0,3,89454.0,3,0.0
20260903,0.7371007371007371,-249322.0,2,-249322.0,2,0.0
20260904,0.0609756097560975,-253668.0,3,-253668.0,3,0.0
20260907,0.4595060310166571,309119.0,2,309119.0,2,0.0
20260908,0.864397622906537,309060.0,3,309060.0,3,0.0
20260909,1.1278195488721805,470964.0,1,470964.0,1,0.0
20260910,0.0,116821.0,1,33999.0,1,-82822.0
20260911,0.449438202247191,237657.0,2,156665.0,2,-80992.0
20260914,0.0,-40439.0,1,0.0,0,40439.0
20260915,0.5269320843091335,-324408.0,3,-311704.0,3,12704.0
20260916,0.8134805345729227,207933.0,2,207933.0,2,0.0
20260917,0.6853226727584237,239168.0,2,239168.0,2,0.0
20260918,0.0548245614035087,-26039.0,1,0.0,0,26039.0
20260921,0.1066098081023454,149332.0,3,179431.0,3,30099.0
20260922,0.4151530877010898,219843.0,3,38269.0,2,-181574.0
20260923,0.2172732210755024,-66531.0,3,-66531.0,3,0.0
20260928,0.2199010445299615,75213.0,3,93313.0,2,18100.0
20260929,0.4527447651386531,101472.0,3,-40013.0,3,-141485.0
20260930,0.7739082365948038,-59961.0,2,-222550.0,2,-162589.0
20261001,0.5621135469364812,-42677.0,3,-27740.0,3,14937.0
