day,pair,at,xat,rs,krw,net,hold,q,xpx,up15,dn15,up30,dn30,up60,dn60,upEOD
20260527,1.109139307897072,09:09,09:18,TIME_WINDOW_STOP_LOSS,-131793.0,-1.265089732070864,9.0,364,28260.0,0.035385704175513094,-5.219391365888181,0.24769992922859166,-5.219391365888181,0.6723283793347488,-5.219391365888181,7.661004953998585
20260527,1.109139307897072,11:21,11:57,OPPOSITE_SIGNAL,267460.0,2.1402433120397286,36.0,426,29965.0,0.6173869514433505,-0.9511096278992157,0.6173869514433505,-1.9856499249123978,0.6173869514433505,-1.9856499249123978,0.6173869514433505
20260527,1.109139307897072,13:57,14:03,TIME_WINDOW_STOP_LOSS,-98355.0,-1.4353092945233368,6.0,233,28990.0,0.5519144532597448,-2.138668506381511,0.5519144532597448,-2.190410486374612,0.5519144532597448,-4.39806829941359,0.5519144532597448
20260528,1.4575971731448762,09:27,09:47,TIME_WINDOW_TP1_PARTIAL+TIME_WINDOW_TP2_FULL,417316.0,4.006528480496165,20.333333333333332,374,29010.0,1.4650120648052396,-1.3615994484660463,1.4650120648052396,-2.1199586349534645,1.4650120648052396,-4.877628403998621,1.4650120648052396
20260528,1.4575971731448762,11:06,11:18,TIME_WINDOW_STOP_LOSS,-136848.0,-1.6405269423175823,12.0,293,28005.0,1.517586145331191,-0.017853954650955184,1.517586145331191,-0.017853954650955184,1.517586145331191,-1.0355293697554007,3.82074629530441
20260529,0.0,09:42,11:26,TIME_WINDOW_TP1_PARTIAL+TIME_WINDOW_TP2_FULL,409142.0,3.923635535416742,104.33333333333333,713,15230.0,0.7879185817465528,-0.8207485226526593,1.772816808929744,-0.8207485226526593,1.772816808929744,-1.9041365725541695,1.772816808929744
20260529,0.0,13:12,13:36,OPPOSITE_SIGNAL,-117546.0,-1.12603117263062,24.0,687,15025.0,0.46589018302828616,-0.3993344425956739,1.0316139767054908,-0.3993344425956739,1.963394342762063,-0.3993344425956739,2.928452579034942
20260601,1.4297729184188397,09:21,09:39,TIME_WINDOW_STOP_LOSS,-161259.0,-1.5446774821581748,18.0,683,15050.0,0.7308970099667774,-0.9302325581395349,0.8970099667774086,-1.06312292358804,0.8970099667774086,-3.887043189368771,0.8970099667774086
20260601,1.4297729184188397,09:42,11:24,TIME_WINDOW_TP1_PARTIAL+C1_PEAK_PROTECTION_EXIT,450236.0,4.506115847558941,102.0,333,31360.0,0.5739795918367347,-0.33482142857142855,0.5739795918367347,-1.5465561224489797,0.5739795918367347,-1.6262755102040818,0.5739795918367347
20260602,1.2136974425661031,09:39,09:45,TIME_WINDOW_STOP_LOSS,-119404.0,-1.1467497600213592,6.0,339,30365.0,0.032932652725177015,-5.153960151490203,0.032932652725177015,-5.153960151490203,0.032932652725177015,-5.153960151490203,1.7124979417092048
20260602,1.2136974425661031,09:54,10:21,OPPOSITE_SIGNAL,-83309.0,-0.6653712098703904,27.0,824,15095.0,1.6561775422325273,-1.3580655846306724,2.848625372639947,-1.3580655846306724,5.498509440211991,-1.3580655846306724,5.498509440211991
20260602,1.2136974425661031,10:51,11:24,OPPOSITE_SIGNAL,-21336.0,-0.7164732430689877,33.0,192,15400.0,0.487012987012987,-1.6883116883116882,0.487012987012987,-2.4675324675324677,1.2337662337662338,-2.4675324675324677,1.948051948051948
20260604,0.7877461706783371,09:39,09:51,TIME_WINDOW_STOP_LOSS,-231309.0,-2.2234066686147553,12.0,352,28900.0,0.8650519031141869,-0.7439446366782008,1.0034602076124566,-0.916955017301038,1.9550173010380625,-0.986159169550173,2.0588235294117645
20260604,0.7877461706783371,09:57,10:36,TIME_WINDOW_STOP_LOSS,-272562.0,-2.1769553997378663,39.0,799,15330.0,2.3157208088714936,-0.19569471624266144,3.0984996738421393,-0.19569471624266144,3.65296803652968,-0.19569471624266144,3.65296803652968
20260604,0.7877461706783371,10:57,12:06,TIME_WINDOW_STOP_LOSS,-36315.0,-1.221678356966241,69.0,190,15455.0,0.2264639275315432,-0.8735037204788094,0.2264639275315432,-1.1970236169524426,0.8087997411840828,-1.1970236169524426,1.649951472015529
20260605,0.0,09:45,09:54,TIME_WINDOW_STOP_LOSS,-138033.0,-1.324368161165856,9.0,429,23975.0,0.5005213764337852,-1.7518248175182483,0.5005213764337852,-2.18978102189781,6.423357664233577,-2.18978102189781,9.655891553701773
20260608,0.05175983436853,10:48,11:04,TIME_WINDOW_TP1_PARTIAL+TIME_WINDOW_TP2_FULL,326002.0,3.9108288507032247,16.666666666666668,392,22140.0,0.31616982836495033,-2.7551942186088527,2.2583559168925023,-2.7551942186088527,5.03613369467028,-2.7551942186088527,5.03613369467028
20260608,0.05175983436853,14:42,15:00,FORCED_LIQUIDATION,144872.0,1.3914446592150602,18.0,511,20660.0,1.3310745401742496,-1.5488867376573088,1.5972894482090998,-1.5488867376573088,1.5972894482090998,-1.5488867376573088,1.5972894482090998
20260609,0.825242718446602,10:39,11:15,OPPOSITE_SIGNAL,75799.0,0.727499059421525,36.0,464,22620.0,0.1989389920424403,-1.9230769230769231,0.1989389920424403,-1.9230769230769231,0.9283819628647214,-1.9230769230769231,14.677276746242264
20260609,0.825242718446602,12:12,12:37,TIME_WINDOW_AFTERNOON_TP,428391.0,4.111514209207912,25.333333333333332,459,23635.0,0.8885127988153163,-0.8673577321768563,1.7347154643537126,-0.8673577321768563,5.902263592130315,-0.8673577321768563,9.75248572033002
20260609,0.825242718446602,14:39,15:00,FORCED_LIQUIDATION,16749.0,0.18760206721819367,21.0,348,25705.0,0.09725734292939117,-1.575568955456137,0.3695779031316865,-1.575568955456137,0.3695779031316865,-1.575568955456137,0.3695779031316865
20260610,0.8890968647636874,10:15,10:54,TIME_WINDOW_STOP_LOSS,-156243.0,-1.4988200759755959,39.0,438,23445.0,0.3625506504585199,-2.473875026658136,0.3625506504585199,-3.689486031136703,0.3625506504585199,-4.585199402857752,0.3625506504585199
20260610,0.8890968647636874,10:57,11:48,OPPOSITE_SIGNAL,211001.0,1.6857793996336843,51.0,883,14415.0,0.9712105445716268,-1.0752688172043012,0.9712105445716268,-1.45681581685744,1.6996184530003469,-1.45681581685744,8.567464446756851
20260610,0.8890968647636874,12:39,13:24,TIME_WINDOW_AFTERNOON_TP,282691.0,4.126225354250717,45.666666666666664,472,15115.0,1.8855441614290438,-0.49619583195501155,2.4478994376447236,-0.6615944426066821,2.5471386040357262,-0.6615944426066821,3.539530267945749
20260611,3.101145038167939,09:09,09:18,TIME_WINDOW_STOP_LOSS,-476701.0,-4.572460932254438,9.0,652,15260.0,1.4416775884665793,-2.522935779816514,2.5557011795543905,-2.522935779816514,2.5557011795543905,-11.99213630406291,2.5557011795543905
20260611,3.101145038167939,09:21,09:36,TIME_WINDOW_STOP_LOSS,-270680.0,-2.164148436213268,15.0,574,21320.0,1.8292682926829267,-1.6651031894934336,9.826454033771107,-1.6651031894934336,13.48499061913696,-1.6651031894934336,13.48499061913696
20260611,3.101145038167939,12:18,12:30,TIME_WINDOW_STOP_LOSS,-87135.0,-1.2713607871975348,12.0,456,14840.0,0.3032345013477089,-2.897574123989218,0.3032345013477089,-4.245283018867925,0.3032345013477089,-5.121293800539084,0.3032345013477089
20260612,0.0,09:48,10:33,TIME_WINDOW_TP1_PARTIAL+TIME_WINDOW_AFTER_TP1_STOP,209553.0,2.0095224395857305,45.0,880,12050.0,2.863070539419087,-0.9543568464730291,2.863070539419087,-0.9543568464730291,2.863070539419087,-0.9543568464730291,11.16182572614108
20260615,1.6919739696312366,09:06,09:57,OPPOSITE_SIGNAL,216759.0,2.0825240969498413,51.0,385,27600.0,0.36231884057971014,-0.6884057971014492,0.36231884057971014,-1.5217391304347827,0.36231884057971014,-3.260869565217391,0.36231884057971014
20260615,1.6919739696312366,09:57,10:56,TIME_WINDOW_TP1_PARTIAL+TIME_WINDOW_TP2_FULL,415095.0,3.979195964580799,59.666666666666664,902,12050.0,0.9958506224066389,-0.8713692946058091,0.9958506224066389,-1.2448132780082988,0.9958506224066389,-2.1576763485477177,0.9958506224066389
20260615,1.6919739696312366,13:15,14:36,TIME_WINDOW_STOP_LOSS,-148518.0,-1.6665881164787073,81.0,325,26965.0,0.6304468755794548,-0.5006489894307435,0.8158724272204709,-0.5191915445948452,1.1496384201743002,-0.6860745410717597,1.1496384201743002
20260616,1.0702054794520548,09:45,10:06,TIME_WINDOW_TP1_PARTIAL+TIME_WINDOW_TP2_FULL,414475.0,3.9731668049450457,21.333333333333332,931,11675.0,1.9271948608137044,-2.6124197002141325,1.9271948608137044,-3.297644539614561,1.9271948608137044,-5.0963597430406855,1.9271948608137044
20260616,1.0702054794520548,10:36,12:45,TIME_WINDOW_TP1_PARTIAL+H50_MAX_HOLD_EXIT,396942.0,3.807012832562868,129.0,370,29255.0,0.15381985985301658,-1.2476499743633567,0.15381985985301658,-1.4185609297555972,0.15381985985301658,-1.5381985985301656,0.22218424200991282
20260616,1.0702054794520548,14:12,14:36,TIME_WINDOW_STOP_LOSS,-103156.0,-1.15488561531727,24.0,306,28855.0,0.5891526598509791,-0.19060821348119908,0.5891526598509791,-0.658464737480506,1.1609773002945765,-0.658464737480506,1.1263212614798128
20260617,0.3745318352059925,10:18,11:48,H50_MAX_HOLD_EXIT,85234.0,0.8184425643138147,90.0,351,29915.0,0.5515627611566104,-0.25071034598027747,0.5682767842219623,-0.5515627611566104,0.5682767842219623,-0.6685609226140732,9.560421193381247
20260617,0.3745318352059925,12:51,13:29,TIME_WINDOW_AFTERNOON_TP,427771.0,4.107177919205623,38.333333333333336,347,31250.0,0.48,-1.28,2.2399999999999998,-1.28,2.768,-1.28,4.88
20260618,1.6544824932666409,09:06,09:51,OPPOSITE_SIGNAL,200233.0,1.9193194344596214,45.0,300,35445.0,0.0,-3.441952320496544,0.0,-3.441952320496544,0.0,-3.441952320496544,8.407391733671886
20260618,1.6544824932666409,09:51,10:15,TIME_WINDOW_TP1_PARTIAL+TIME_WINDOW_TRAILING_STOP,172245.0,1.6517548906789414,24.0,1185,8910.0,1.4029180695847363,-0.11223344556677892,1.4029180695847363,-0.8417508417508417,1.4029180695847363,-1.1784511784511784,1.4029180695847363
20260618,1.6544824932666409,11:12,12:33,H50_MAX_HOLD_EXIT,302939.0,3.3968435511451243,81.0,253,36450.0,0.2880658436213992,-0.6584362139917695,0.6310013717421125,-0.6584362139917695,2.277091906721536,-0.6584362139917695,5.41838134430727
20260619,0.3122831367106176,09:06,09:12,TIME_WINDOW_STOP_LOSS,-160772.0,-1.545504183585579,6.0,252,40645.0,0.5289703530569565,-2.9769959404600814,1.0210357977611022,-2.9769959404600814,2.841677943166441,-2.9769959404600814,4.994464263747078
20260619,0.3122831367106176,10:24,10:39,OPPOSITE_SIGNAL,-56768.0,-0.4543791866670189,15.0,294,42305.0,0.4609384233542135,-1.1346176574872946,0.4609384233542135,-2.4110625221605013,0.4609384233542135,-3.3920340385297245,0.4609384233542135
20260619,0.3122831367106176,11:48,12:09,TIME_WINDOW_STOP_LOSS,-79550.0,-1.1624075498772202,21.0,163,41500.0,0.19277108433734938,-3.0,0.19277108433734938,-8.433734939759036,0.19277108433734938,-10.891566265060241,0.19277108433734938
20260622,1.0638297872340423,09:15,09:27,TIME_WINDOW_STOP_LOSS,-305959.0,-2.933389707983149,12.0,1327,7630.0,0.655307994757536,-4.456094364351245,0.655307994757536,-6.3564875491481,0.655307994757536,-11.140235910878113,0.655307994757536
20260622,1.0638297872340423,09:30,10:22,TIME_WINDOW_TP1_PARTIAL+TIME_WINDOW_TP2_FULL,1017179.0,8.145023161586598,52.333333333333336,310,43575.0,1.7326448651749857,-0.998278829604131,1.7326448651749857,-2.363740676993689,1.7326448651749857,-2.363740676993689,1.7326448651749857
20260622,1.0638297872340423,12:21,13:15,TIME_WINDOW_STOP_LOSS,-198311.0,-2.89674897038191,54.0,157,42345.0,2.3969772110048413,-0.08265438658637383,2.3969772110048413,-1.4287401109930333,2.3969772110048413,-1.4287401109930333,3.365214311016649
20260623,0.6650332516625832,10:33,11:18,TIME_WINDOW_TP1_PARTIAL+OPPOSITE_SIGNAL,458740.0,4.399012298324263,45.0,1414,7700.0,0.3246753246753247,-0.974025974025974,2.142857142857143,-0.974025974025974,2.207792207792208,-1.2987012987012987,13.766233766233766
20260623,0.6650332516625832,12:30,12:45,TIME_WINDOW_BREAKEVEN_STOP,5805.0,0.05564723582780895,15.0,1313,7950.0,0.9433962264150944,-2.7044025157232707,0.9433962264150944,-3.270440251572327,2.0754716981132075,-3.270440251572327,10.18867924528302
20260623,0.6650332516625832,13:27,14:00,TIME_WINDOW_AFTERNOON_TP,368276.0,4.1201511230744625,33.0,1118,8325.0,0.3003003003003003,-2.2822822822822824,1.3213213213213213,-2.2822822822822824,3.003003003003003,-2.2822822822822824,5.225225225225225
20260624,0.3762227238525207,10:00,10:05,TIME_WINDOW_TP1_PARTIAL+TIME_WINDOW_TP2_FULL,419175.0,4.017914911360009,5.666666666666667,1329,8180.0,2.567237163814181,-2.078239608801956,2.567237163814181,-4.400977995110025,2.567237163814181,-4.584352078239609,13.875305623471881
20260624,0.3762227238525207,10:39,10:48,TIME_WINDOW_STOP_LOSS,-179831.0,-1.7269390624279766,9.0,296,34575.0,1.7642805495300073,-0.40491684743311646,1.7642805495300073,-1.3593637020968907,1.7642805495300073,-9.182935647143891,1.7642805495300073
20260624,0.3762227238525207,13:18,13:39,TIME_WINDOW_STOP_LOSS,-185704.0,-2.076919291558741,21.0,974,8990.0,0.6117908787541714,-1.668520578420467,0.6117908787541714,-7.341490545050055,0.6117908787541714,-12.068965517241379,0.6117908787541714
20260625,1.220788280432508,09:06,09:51,OPPOSITE_SIGNAL,222102.0,2.1290697362316284,45.0,782,13625.0,0.8807339449541285,-0.14678899082568808,1.6146788990825687,-0.14678899082568808,3.1192660550458715,-0.14678899082568808,6.458715596330275
20260625,1.220788280432508,09:51,10:18,TIME_WINDOW_STOP_LOSS,-30484.0,-1.228264920674893,27.0,209,11730.0,0.0,-1.0656436487638534,0.0,-1.5345268542199488,0.0,-3.410059676044331,12.617220801364024
20260626,0.0,09:06,10:22,TIME_WINDOW_TP1_PARTIAL+TIME_WINDOW_TP2_FULL,848881.0,8.141220587036479,76.66666666666667,846,13330.0,1.4253563390847712,0.0,2.8507126781695424,0.0,5.813953488372093,0.0,8.777194298574644
20260629,0.0,09:36,10:03,TIME_WINDOW_STOP_LOSS,-30579.0,-1.2346920234994851,27.0,190,12875.0,0.03883495145631068,-0.8155339805825242,0.03883495145631068,-1.3592233009708738,0.03883495145631068,-3.0679611650485437,7.572815533980583
20260630,0.0,09:27,11:34,TIME_WINDOW_TP1_PARTIAL+TIME_WINDOW_TP2_FULL,846130.0,8.11273628549376,127.33333333333333,774,14570.0,1.029512697323267,0.03431708991077557,1.1324639670555936,-0.8579272477693892,1.1324639670555936,-5.456417295813315,1.1324639670555936
20260701,0.0,09:21,11:19,TIME_WINDOW_TP1_PARTIAL+TIME_WINDOW_TP2_FULL,742614.0,7.118069933287324,118.66666666666667,840,13430.0,1.0796723752792257,-0.03723008190618019,2.0104244229337302,-0.03723008190618019,2.122114668652271,-2.4199553239017124,2.122114668652271
20260702,0.0,09:45,09:57,TIME_WINDOW_STOP_LOSS,-35699.0,-1.44021914536535,12.0,192,12725.0,0.03929273084479371,-1.5717092337917484,0.03929273084479371,-2.75049115913556,0.03929273084479371,-5.068762278978389,13.595284872298624
20260703,0.0,09:12,09:42,TIME_WINDOW_TP1_PARTIAL+TIME_WINDOW_TP2_FULL,409426.0,3.9248516291317848,30.666666666666668,771,14090.0,2.0227111426543645,0.035486160397444996,4.080908445706174,0.035486160397444996,8.01987224982257,0.035486160397444996,16.962384669978707
20260706,0.0,09:21,10:13,TIME_WINDOW_TP1_PARTIAL+TIME_WINDOW_TP2_FULL,408891.0,3.9206738836524724,52.666666666666664,836,12990.0,0.962278675904542,-0.03849114703618168,2.386451116243264,-0.03849114703618168,4.157043879907621,-0.03849114703618168,6.966897613548884
20260708,0.0,09:42,10:36,TIME_WINDOW_STOP_LOSS,-31199.0,-1.2610344047080126,54.0,188,12995.0,0.2693343593689881,-0.30781069642170067,0.2693343593689881,-0.8849557522123894,0.2693343593689881,-1.7699115044247788,22.931896883416698
20260709,0.1797752808988764,09:06,09:21,TIME_WINDOW_STOP_LOSS,-32904.0,-1.3259775376890497,15.0,187,13095.0,0.038182512409316534,-1.2600229095074456,0.038182512409316534,-2.6345933562428407,0.038182512409316534,-4.4673539518900345,5.192821687667049
20260709,0.1797752808988764,09:54,12:00,TIME_WINDOW_TP1_PARTIAL+C1_PEAK_PROTECTION_EXIT,794941.0,6.347635070931104,126.0,983,13550.0,0.03690036900369004,-2.177121771217712,0.03690036900369004,-4.391143911439115,0.03690036900369004,-9.48339483394834,0.03690036900369004
20260710,0.2616659398168338,09:06,09:24,TIME_WINDOW_STOP_LOSS,-134545.0,-1.290259164249239,18.0,787,13080.0,0.0382262996941896,-1.1850152905198776,0.0382262996941896,-1.9877675840978593,0.0382262996941896,-3.6314984709480123,3.0198776758409784
20260710,0.2616659398168338,09:45,12:03,TIME_WINDOW_TP1_PARTIAL+C1_PEAK_PROTECTION_EXIT,684683.0,5.466967422548707,138.0,992,13390.0,0.07468259895444362,-1.8297236743838687,0.07468259895444362,-3.9208364451082898,0.07468259895444362,-7.580283793876028,0.14936519790888725
20260714,0.0,09:21,10:18,TIME_WINDOW_TP1_PARTIAL+TIME_WINDOW_TP2_FULL,407315.0,3.9017219917111814,57.333333333333336,773,14060.0,0.8890469416785207,-0.03556187766714083,1.991465149359886,-0.03556187766714083,3.982930298719772,-0.03556187766714083,6.330014224751067
20260715,0.0,09:45,09:51,TIME_WINDOW_STOP_LOSS,-79417.0,-3.203486777352889,6.0,283,8480.0,4.304245283018868,-0.3537735849056604,7.1344339622641515,-0.3537735849056604,10.43632075471698,-0.3537735849056604,10.43632075471698
20260715,0.0,11:18,11:27,TIME_WINDOW_STOP_LOSS,-188820.0,-1.507735107502583,9.0,637,19365.0,1.4200877872450297,0.0,2.194681125742319,0.0,2.194681125742319,-0.284017557449006,4.750839142783373
20260715,0.0,12:33,13:27,TIME_WINDOW_PROFIT_LOCK_STOP,74254.0,0.6225787289094475,54.0,601,19970.0,0.8512769153730596,-0.35052578868302453,0.8512769153730596,-0.6259389083625438,0.8512769153730596,-5.2578868302453685,0.8512769153730596
20260716,1.7344173441734418,09:06,09:54,TIME_WINDOW_TP1_PARTIAL+OPPOSITE_SIGNAL,540752.0,5.182873529727491,48.0,976,11245.0,0.6224988883948421,-1.511783014673188,2.4455313472654514,-1.511783014673188,2.4455313472654514,-2.0453534904401955,2.4455313472654514
20260720,0.9081196581196582,09:18,09:30,TIME_WINDOW_STOP_LOSS,-254790.0,-2.4429602015808913,12.0,696,14620.0,3.3857729138166897,-0.8207934336525308,3.3857729138166897,-2.975376196990424,3.3857729138166897,-3.180574555403557,3.3857729138166897
20260720,0.9081196581196582,09:54,10:54,TIME_WINDOW_TP1_PARTIAL+TIME_WINDOW_TP2_FULL,1186371.0,9.471891610296861,60.0,1105,12410.0,0.201450443190975,-4.10958904109589,0.201450443190975,-4.10958904109589,0.523771152296535,-4.10958904109589,0.523771152296535
20260720,0.9081196581196582,13:18,13:24,TIME_WINDOW_STOP_LOSS,-111096.0,-1.6194834813297154,6.0,553,12205.0,0.0819336337566571,-2.744776730848013,0.0819336337566571,-4.301515772224499,0.36870135190495695,-4.301515772224499,1.7206063088897994
20260721,1.477024070021882,09:21,09:57,TIME_WINDOW_TP1_PARTIAL+TIME_WINDOW_AFTER_TP1_STOP,214043.0,2.0523650673261042,36.0,778,13640.0,2.932551319648094,-1.0263929618768328,3.7023460410557187,-1.0263929618768328,5.791788856304985,-1.0263929618768328,11.033724340175953
20260721,1.477024070021882,11:48,12:38,TIME_WINDOW_AFTERNOON_TP,430515.0,4.128565078734891,50.0,731,14855.0,1.716593739481656,0.0,1.9522046449007069,0.0,1.9522046449007069,-1.0434197239986536,1.9522046449007069
20260722,0.0,13:39,14:00,TIME_WINDOW_PROFIT_LOCK_STOP,140445.0,1.3467266042870485,21.0,1046,10105.0,4.799604156358239,0.01979218208807521,8.411677387431965,0.01979218208807521,9.450766947055914,0.01979218208807521,12.419594260267194
20260723,0.0,10:27,11:45,TIME_WINDOW_TP1_PARTIAL+C1_PEAK_PROTECTION_EXIT,474933.0,4.554292426821375,78.0,1010,10820.0,0.0,-1.5711645101663587,1.1090573012939002,-1.5711645101663587,1.1090573012939002,-3.3271719038817005,1.1090573012939002
20260723,0.0,13:24,13:54,TIME_WINDOW_STOP_LOSS,-94135.0,-0.902955432072831,30.0,667,15490.0,0.48418334409296315,-1.0329244673983213,0.48418334409296315,-2.485474499677211,2.0981278244028405,-2.485474499677211,2.0981278244028405
20260723,0.0,14:33,14:39,TIME_WINDOW_STOP_LOSS,-137927.0,-1.5417590721299161,6.0,572,15400.0,0.35714285714285715,-1.6558441558441557,0.35714285714285715,-1.6558441558441557,0.9090909090909091,-1.6558441558441557,0.38961038961038963
20260727,0.330760749724366,09:06,10:24,OPPOSITE_SIGNAL,12840.0,0.5192347353479965,78.0,186,13365.0,0.2618780396558174,-0.22446689113355783,0.2618780396558174,-0.22446689113355783,0.29928918817807704,-0.22446689113355783,0.33670033670033667
20260727,0.330760749724366,10:24,12:56,TIME_WINDOW_TP1_PARTIAL+TIME_WINDOW_TP2_FULL,845406.0,8.10629585468604,152.33333333333334,851,13250.0,1.8113207547169812,-0.03773584905660377,3.6603773584905657,-0.03773584905660377,3.6603773584905657,-0.03773584905660377,3.6603773584905657
20260728,2.1686746987951806,09:06,10:00,TIME_WINDOW_TP1_PARTIAL+OPPOSITE_SIGNAL,417947.0,4.008334172504903,54.0,846,12820.0,1.326053042121685,-0.15600624024961,2.3790951638065523,-0.15600624024961,4.6021840873634945,-0.15600624024961,8.268330733229329
20260730,0.0,09:36,09:54,TIME_WINDOW_STOP_LOSS,-35514.0,-1.429186570137349,18.0,191,12825.0,0.07797270955165692,-1.2085769980506822,0.07797270955165692,-2.1052631578947367,0.07797270955165692,-4.132553606237817,18.947368421052634
20260731,0.1769911504424778,09:06,09:30,TIME_WINDOW_STOP_LOSS,-142415.0,-1.365215686631642,24.0,787,13075.0,0.07648183556405354,-1.2619502868068833,0.07648183556405354,-2.829827915869981,0.07648183556405354,-5.162523900573614,2.179732313575526
20260731,0.1769911504424778,09:48,10:44,TIME_WINDOW_TP1_PARTIAL+TIME_WINDOW_TP2_FULL,489537.0,3.9105068856065484,56.0,983,13260.0,1.0180995475113122,0.0,2.3001508295625945,0.0,4.260935143288084,0.0,4.826546003016592
20260803,0.9457755359394704,09:45,10:06,TIME_WINDOW_TP1_PARTIAL+TIME_WINDOW_TP2_FULL,100291.0,4.039895025810519,21.0,259,9990.0,0.10010010010010009,-5.505505505505505,0.10010010010010009,-6.656656656656656,0.10010010010010009,-7.157157157157156,0.10010010010010009
20260803,0.9457755359394704,10:36,10:42,TIME_WINDOW_STOP_LOSS,-193078.0,-1.8502913989978922,6.0,1099,9320.0,1.555793991416309,-0.4291845493562232,1.555793991416309,-2.03862660944206,1.555793991416309,-2.4141630901287554,2.682403433476395
20260803,0.9457755359394704,13:06,13:21,TIME_WINDOW_STOP_LOSS,-159568.0,-1.6063752463904675,15.0,1059,9230.0,1.4084507042253522,-0.6500541711809318,1.8418201516793065,-0.6500541711809318,3.0335861321776814,-0.6500541711809318,3.683640303358613
20260804,5.036447978793903,09:06,09:15,TIME_WINDOW_STOP_LOSS,-243751.0,-2.33760093599555,9.0,1080,9430.0,0.0,-4.559915164369035,0.0,-10.498409331919406,0.0,-13.679745493107104,0.0
20260804,5.036447978793903,13:00,13:27,TIME_WINDOW_BREAKEVEN_STOP,-912.0,-0.007283696380074778,27.0,1233,10155.0,1.7232890201871,-0.5416051206302315,2.06794682422452,-0.5416051206302315,2.708025603151157,-0.5416051206302315,2.708025603151157
20260804,5.036447978793903,13:45,13:57,TIME_WINDOW_STOP_LOSS,-80055.0,-1.16832710532019,12.0,663,10215.0,1.1747430249632893,-0.6363191385217817,2.1047479197258934,-0.6363191385217817,2.1047479197258934,-6.216348507097406,2.1047479197258934
20260805,0.6543723973825104,09:45,10:00,TIME_WINDOW_TP1_PARTIAL+TIME_WINDOW_AFTER_TP1_STOP,192009.0,1.841511771935621,15.0,1277,8290.0,3.3172496984318456,-0.9047044632086853,3.739445114595899,-0.9047044632086853,3.739445114595899,-1.2062726176115801,3.739445114595899
20260805,0.6543723973825104,11:00,11:12,TIME_WINDOW_STOP_LOSS,-129845.0,-1.2441514962491964,12.0,993,10380.0,0.3371868978805395,-1.0597302504816954,0.3371868978805395,-2.2157996146435455,0.5298651252408477,-2.2639691714836223,3.0828516377649327
20260805,0.6543723973825104,13:45,14:33,TIME_WINDOW_STOP_LOSS,-130846.0,-1.4639948084496957,48.0,840,10485.0,0.28612303290414876,-0.8106819265617549,0.3814973772055317,-0.8106819265617549,2.0505484024797327,-1.239866475917978,2.0505484024797327
20260806,2.046204620462046,09:06,09:53,TIME_WINDOW_TP1_PARTIAL+TIME_WINDOW_TP2_FULL,854241.0,8.18795349327608,47.666666666666664,1156,9765.0,1.3312852022529442,-0.5632360471070148,1.7921146953405016,-1.1264720942140296,2.1505376344086025,-1.1264720942140296,4.301075268817205
20260806,2.046204620462046,12:09,13:33,TIME_WINDOW_BREAKEVEN_STOP,15200.0,0.1457725947521866,84.0,1064,9815.0,2.39429444727458,-0.05094243504839531,2.39429444727458,-0.05094243504839531,2.39429444727458,-0.6622516556291391,3.769740193581253
20260806,2.046204620462046,13:48,14:03,TIME_WINDOW_STOP_LOSS,-148155.0,-1.6572147651006712,15.0,894,9835.0,0.762582613116421,-0.864260294865277,0.864260294865277,-0.864260294865277,2.236908998474835,-0.864260294865277,3.558718861209965
20260807,1.119664100769769,09:06,09:12,TIME_WINDOW_STOP_LOSS,-224601.0,-2.1533719391766217,6.0,1210,8435.0,0.4149377593360996,-5.038529934795495,0.4149377593360996,-8.120924718435091,0.4149377593360996,-8.120924718435091,0.4149377593360996
20260807,1.119664100769769,09:24,10:00,TIME_WINDOW_TP1_PARTIAL+TIME_WINDOW_TRAILING_STOP,103378.0,1.0318638288697888,36.0,989,10235.0,4.49438202247191,-0.48851978505129456,7.816316560820713,-0.48851978505129456,9.03761602344895,-0.48851978505129456,9.330727894479725
20260807,1.119664100769769,10:15,10:57,TIME_WINDOW_TP1_PARTIAL+OPPOSITE_SIGNAL,89141.0,2.9901899121637374,42.0,279,11005.0,0.2726033621081327,-1.635620172648796,0.2726033621081327,-2.635165833711949,0.2726033621081327,-2.635165833711949,1.6810540663334848
20260810,0.0687757909215956,10:54,11:03,TIME_WINDOW_STOP_LOSS,-190593.0,-1.8277673567556991,9.0,1356,7550.0,1.5231788079470199,-0.5298013245033113,1.5231788079470199,-1.0596026490066226,1.7218543046357615,-1.6556291390728477,1.7218543046357615
20260810,0.0687757909215956,11:09,11:39,EARLY_TAKE_PROFIT,83327.0,0.8318433885885705,30.0,934,10815.0,0.09246417013407304,-2.12667591308368,0.09246417013407304,-2.12667591308368,0.36985668053629217,-2.12667591308368,5.177993527508091
20260810,0.0687757909215956,12:30,13:51,H50_MAX_HOLD_EXIT,301707.0,3.224357494613727,81.0,864,11180.0,1.744186046511628,-2.0572450805008944,1.744186046511628,-2.638640429338104,1.744186046511628,-2.638640429338104,1.744186046511628
20260811,1.7130620985010707,09:06,09:54,OPPOSITE_SIGNAL,118186.0,1.1325298318492274,48.0,915,11535.0,2.297355873428695,-0.7368877329865626,2.297355873428695,-4.59471174685739,2.297355873428695,-4.811443433029909,2.297355873428695
20260811,1.7130620985010707,09:54,10:03,TIME_WINDOW_STOP_LOSS,-200416.0,-1.9220961067234426,9.0,1479,6915.0,4.916847433116414,-0.7953723788864787,7.37527114967462,-0.7953723788864787,7.37527114967462,-0.7953723788864787,11.569052783803325
20260811,1.7130620985010707,11:51,13:24,H50_MAX_HOLD_EXIT,187668.0,2.098631239935588,93.0,1215,7515.0,2.5282767797737855,-0.1330671989354624,2.661343978709248,-0.1330671989354624,2.661343978709248,-1.4637391882900865,2.661343978709248
20260812,0.411240575736806,09:48,10:21,TIME_WINDOW_STOP_LOSS,-128805.0,-1.2348111186206698,33.0,985,10460.0,1.147227533460803,-1.147227533460803,1.147227533460803,-3.4894837476099427,1.147227533460803,-4.875717017208412,1.147227533460803
20260813,0.0,12:00,13:15,EARLY_TAKE_PROFIT,47736.0,0.5722567674973117,75.0,879,9545.0,0.26191723415400736,-1.9381875327396543,0.26191723415400736,-2.357255107386066,0.26191723415400736,-2.357255107386066,0.26191723415400736
20260813,0.0,14:24,15:00,FORCED_LIQUIDATION,294910.0,2.827820437093916,36.0,1232,8705.0,1.4359563469270535,-1.8380241240666284,1.4359563469270535,-1.8380241240666284,1.4359563469270535,-1.8954623779437105,1.4359563469270535
20260814,1.1564211807668898,09:51,10:15,TIME_WINDOW_TP1_PARTIAL+TIME_WINDOW_TP2_FULL,431565.0,4.137838791453654,24.0,1351,8060.0,0.6823821339950372,-1.8610421836228286,2.6054590570719602,-1.8610421836228286,2.729528535980149,-1.8610421836228286,2.729528535980149
20260814,1.1564211807668898,13:06,13:18,TIME_WINDOW_STOP_LOSS,-236996.0,-2.2715801358945433,12.0,1277,7985.0,0.5635566687539135,-1.0644959298685035,0.5635566687539135,-1.0644959298685035,2.817783343769568,-1.0644959298685035,2.817783343769568
20260814,1.1564211807668898,14:00,14:21,TIME_WINDOW_BREAKEVEN_STOP,16014.0,0.17916769924351042,21.0,1111,8060.0,1.3027295285359801,-0.620347394540943,1.3027295285359801,-1.054590570719603,1.3027295285359801,-1.054590570719603,1.3027295285359801
20260818,2.9885057471264367,09:06,09:57,TIME_WINDOW_TP1_PARTIAL+OPPOSITE_SIGNAL,260612.0,2.4973001461322855,51.0,950,11260.0,0.13321492007104796,-1.9982238010657194,0.7548845470692718,-1.9982238010657194,0.9325044404973356,-5.239786856127886,0.9325044404973356
20260818,2.9885057471264367,09:57,10:47,TIME_WINDOW_TP1_PARTIAL+TIME_WINDOW_TP2_FULL,422500.0,4.051057709594295,50.333333333333336,1517,7170.0,2.580195258019526,0.20920502092050208,4.532775453277545,0.0,9.414225941422593,0.0,13.249651324965134
20260819,1.5081967213114755,09:09,09:30,OPPOSITE_SIGNAL,77987.0,0.7474046121593292,21.0,1125,9345.0,0.26752273943285176,-1.4981273408239701,0.26752273943285176,-2.086677367576244,0.26752273943285176,-4.440877474585339,2.675227394328518
20260819,1.5081967213114755,09:30,10:06,TIME_WINDOW_TP1_PARTIAL+TIME_WINDOW_TP2_FULL,440645.0,4.224622258015033,36.333333333333336,1272,8565.0,1.8096906012842966,-0.642148277875073,1.8096906012842966,-1.98482194979568,1.8096906012842966,-2.0431990659661414,1.8096906012842966
20260819,1.5081967213114755,11:09,12:54,H50_MAX_HOLD_EXIT,86737.0,0.9704236548108062,105.0,971,9295.0,0.8606777837547067,-0.10758472296933834,0.9682625067240451,-0.16137708445400753,1.2910166756320602,-0.16137708445400753,3.2275416890801503
20260820,0.3556609365737996,10:42,11:15,OPPOSITE_SIGNAL,35499.0,0.34027253242744804,33.0,1036,10105.0,0.29688273132112813,-2.0781791192478973,0.29688273132112813,-2.0781791192478973,0.29688273132112813,-2.276100940128649,3.4636318654131615
20260820,0.3556609365737996,12:21,13:39,H50_MAX_HOLD_EXIT,133395.0,1.2785234513376118,78.0,1032,10240.0,1.025390625,-0.09765625,1.025390625,-2.490234375,1.025390625,-2.783203125,1.025390625
20260820,0.3556609365737996,14:39,14:45,OPPOSITE_SIGNAL,-80479.0,-0.8996696065405719,6.0,887,9995.0,0.0,-1.7008504252126064,3.0515257628814405,-1.7008504252126064,3.0515257628814405,-1.7008504252126064,3.0515257628814405
20260821,0.28328611898017,09:09,10:09,TIME_WINDOW_TP1_PARTIAL+C1_PEAK_PROTECTION_EXIT,457700.0,4.386385242885182,60.0,1019,10690.0,3.5079513564078577,-0.420954162768943,3.5079513564078577,-0.420954162768943,3.5079513564078577,-0.7483629560336763,3.5079513564078577
20260821,0.28328611898017,10:21,10:33,TIME_WINDOW_STOP_LOSS,-214052.0,-2.050801534470006,12.0,948,10785.0,1.6689847009735743,-0.927213722763097,1.6689847009735743,-1.6226240148354196,1.6689847009735743,-1.6226240148354196,2.364394993045897
20260821,0.28328611898017,10:33,10:45,TIME_WINDOW_STOP_LOSS,-28229.0,-1.139299767934618,11.666666666666666,374,6550.0,3.1297709923664123,-0.45801526717557256,3.1297709923664123,-0.45801526717557256,3.1297709923664123,-0.9160305343511451,4.122137404580153
20260824,0.9122006841505133,09:57,10:36,TIME_WINDOW_STOP_LOSS,-153874.0,-1.4744418045656011,39.0,957,10745.0,0.46533271288971617,-1.4890646812470918,0.46533271288971617,-4.653327128897161,0.46533271288971617,-5.444392740809679,0.46533271288971617
20260824,0.9122006841505133,10:39,11:33,TIME_WINDOW_TP1_PARTIAL+OPPOSITE_SIGNAL,288869.0,2.308559409028483,54.0,1869,6850.0,1.3868613138686132,-0.7299270072992701,2.9197080291970803,-0.7299270072992701,5.328467153284672,-0.7299270072992701,5.401459854014599
20260825,1.3215859030837005,09:06,09:33,OPPOSITE_SIGNAL,51800.0,0.49680672204431175,27.0,1314,7975.0,1.128526645768025,-1.5673981191222568,1.128526645768025,-1.5673981191222568,1.6300940438871474,-1.5673981191222568,1.6300940438871474
20260825,1.3215859030837005,12:15,13:05,TIME_WINDOW_AFTERNOON_TP,357044.0,4.279861239304663,50.0,929,9365.0,1.014415376401495,-0.4805125467164976,2.616123865456487,-0.4805125467164976,3.203416978109984,-0.4805125467164976,6.193272824345969
20260826,0.5357142857142857,10:21,10:27,TIME_WINDOW_STOP_LOSS,-170208.0,-1.6320354850355039,6.0,1027,9990.0,0.7507507507507507,-1.1511511511511512,0.7507507507507507,-1.4014014014014013,2.902902902902903,-1.4014014014014013,6.306306306306306
20260826,0.5357142857142857,10:30,11:12,OPPOSITE_SIGNAL,-123617.0,-0.9876386378852738,42.0,1753,7070.0,0.49504950495049505,-2.1216407355021216,0.49504950495049505,-4.101838755304102,0.49504950495049505,-5.657708628005658,0.49504950495049505
20260827,0.2302820955670697,09:36,10:00,TIME_WINDOW_TP1_PARTIAL+TIME_WINDOW_TP2_FULL,414221.0,3.971194480875574,24.666666666666668,1584,6860.0,0.7288629737609329,-2.1137026239067054,0.7288629737609329,-3.3527696793002915,0.7288629737609329,-4.154518950437318,0.7288629737609329
20260827,0.2302820955670697,10:30,10:45,TIME_WINDOW_STOP_LOSS,-171903.0,-1.6481006905795288,15.0,978,10490.0,2.7645376549094376,0.0,2.7645376549094376,0.0,2.8598665395614873,0.0,3.8608198284080073
20260827,0.2302820955670697,10:54,12:33,H50_MAX_HOLD_EXIT,19539.0,0.7874691686414856,99.0,232,10780.0,0.1855287569573284,-0.974025974025974,0.1855287569573284,-1.2987012987012987,0.1855287569573284,-1.6697588126159555,0.1855287569573284
20260828,0.4681100058513751,09:09,09:24,TIME_WINDOW_STOP_LOSS,-170952.0,-1.6395757006118963,15.0,1480,6930.0,0.1443001443001443,-1.7316017316017316,0.1443001443001443,-2.1645021645021645,0.21645021645021645,-2.1645021645021645,4.617604617604617
20260828,0.4681100058513751,10:15,11:39,H50_MAX_HOLD_EXIT,62261.0,0.4973846980369757,84.0,1805,6970.0,0.860832137733142,0.0,0.860832137733142,0.0,2.080344332855093,0.0,4.017216642754662
20260828,0.4681100058513751,14:42,15:00,FORCED_LIQUIDATION,-33817.0,-0.49370477864530105,18.0,952,7160.0,0.9078212290502794,-0.27932960893854747,1.2569832402234637,-0.27932960893854747,1.7458100558659218,-0.27932960893854747,1.2569832402234637
20260831,0.6297229219143577,09:06,09:10,B3_SL,-111679.0,-1.0710610485328884,4.0,1305,7905.0,0.06325110689437065,-3.6685641998734972,0.06325110689437065,-4.933586337760911,0.06325110689437065,-4.933586337760911,0.06325110689437065
20260831,0.6297229219143577,09:18,09:42,TIME_WINDOW_TP1_PARTIAL+TIME_WINDOW_AFTER_TP1_STOP,242262.0,2.322439260077305,24.0,1152,9245.0,0.7571660356949702,-2.055164954029205,0.7571660356949702,-3.839913466738778,0.7571660356949702,-4.056246619794483,5.462412114656571
20260831,0.6297229219143577,10:06,10:33,TIME_WINDOW_STOP_LOSS,-41129.0,-1.6580095742000502,27.0,315,7745.0,0.7101355713363461,-0.5810200129115558,0.7101355713363461,-1.8076178179470628,0.7101355713363461,-1.8721755971594578,0.7101355713363461
20260903,0.7371007371007371,09:18,10:33,TIME_WINDOW_STOP_LOSS,-132425.0,-1.2696974490994424,75.0,1386,7430.0,0.6729475100942126,-0.8075370121130552,1.6823687752355316,-0.8075370121130552,1.6823687752355316,-0.8075370121130552,1.6823687752355316
20260903,0.7371007371007371,11:00,11:10,B3_SL,-116897.0,-0.9337839149396081,10.666666666666666,1657,7485.0,0.6012024048096193,-0.26720106880427524,0.6012024048096193,-0.26720106880427524,0.6012024048096193,-0.26720106880427524,0.6012024048096193
20260904,0.0609756097560975,10:03,10:07,B3_SL,-99316.0,-0.9519154091522511,4.666666666666667,1408,7340.0,0.6811989100817438,-0.2724795640326975,1.1580381471389645,-0.2724795640326975,2.452316076294278,-0.2724795640326975,2.452316076294278
20260904,0.0609756097560975,11:18,11:37,B3_SL,-100476.0,-0.9631684595784821,19.666666666666668,1108,9325.0,0.7506702412868633,-0.37533512064343166,1.394101876675603,-0.37533512064343166,1.6621983914209115,-0.37533512064343166,5.951742627345844
20260904,0.0609756097560975,11:42,11:57,OPPOSITE_SIGNAL,-53876.0,-0.6779388022946937,15.0,1066,7405.0,0.0675219446320054,-0.9453072248480756,0.0675219446320054,-1.1478730587440917,0.0675219446320054,-1.1478730587440917,0.0675219446320054
20260907,0.4595060310166571,09:21,09:41,B3_MAXHOLD,19019.0,0.7672911825458301,20.0,384,6505.0,0.5380476556495004,-0.9223674096848578,0.5380476556495004,-0.9223674096848578,0.5380476556495004,-1.6910069177555727,0.6149116064565718
20260907,0.4595060310166571,11:33,13:42,H50_MAX_HOLD_EXIT,290100.0,2.7795849498074605,129.0,986,10880.0,1.0569852941176472,-0.13786764705882354,1.0569852941176472,-1.0110294117647058,1.0569852941176472,-1.0110294117647058,1.6084558823529411
20260908,0.864397622906537,09:15,10:12,P3_PARTIAL_EXIT+TIME_WINDOW_TP1_PARTIAL+OPPOSITE_SIGNAL,255802.0,2.451246168161072,57.0,913,11750.0,0.8085106382978723,-0.6382978723404255,1.1063829787234043,-0.6382978723404255,1.872340425531915,-0.6382978723404255,4.9361702127659575
20260908,0.864397622906537,10:12,10:32,B3_MAXHOLD,-46258.0,-0.44356864775712945,20.0,1820,5705.0,0.43821209465381245,-1.3146362839614372,0.43821209465381245,-1.8404907975460123,0.43821209465381245,-2.0157756354075373,6.573181419807186
20260908,0.864397622906537,12:18,12:31,B3_TP,99516.0,1.1130174139647246,13.333333333333334,742,12185.0,0.3282724661469019,-0.45137464095199015,1.1899876897825195,-0.45137464095199015,1.1899876897825195,-0.45137464095199015,1.1899876897825195
20260909,1.1278195488721805,09:15,11:39,P3_PARTIAL_EXIT+TIME_WINDOW_TP1_PARTIAL+H50_MAX_HOLD_EXIT,470964.0,4.514769024591555,144.0,902,12185.0,0.6975789905621665,-0.9027492819039803,0.6975789905621665,-1.887566680344686,0.6975789905621665,-2.1748050882232253,0.6975789905621665
20260910,0.0,14:27,14:35,B3_TP,116821.0,1.1200237770517893,8.666666666666666,871,12110.0,0.041288191577208914,-1.2799339388934765,0.041288191577208914,-2.023121387283237,0.041288191577208914,-2.023121387283237,0.041288191577208914
20260911,0.449438202247191,09:18,11:45,P3_PARTIAL_EXIT+WHIPSAW_WATCH_DETERIORATION_EXIT,115396.0,1.106342997392238,147.0,960,10985.0,0.6827492034592627,-0.04551661356395084,0.6827492034592627,-0.6372325898953117,0.6827492034592627,-1.0923987255348202,5.097860719162494
20260911,0.449438202247191,14:48,15:00,P3_PARTIAL_EXIT+FORCED_LIQUIDATION,122261.0,1.1722754239827409,12.0,925,11410.0,0.9202453987730062,-0.6134969325153374,0.9202453987730062,-0.7011393514461,0.9202453987730062,-0.7011393514461,0.9202453987730062
20260914,0.0,09:30,10:09,TIME_WINDOW_STOP_LOSS,-40439.0,-1.6296323161983977,39.0,244,10005.0,0.6496751624187905,-0.9995002498750625,2.1989005497251375,-0.9995002498750625,4.597701149425287,-0.9995002498750625,4.697651174412794
20260915,0.5269320843091335,09:27,09:30,B3_SL,-98131.0,-0.9409096901779829,3.0,1025,10080.0,1.6865079365079365,-0.4464285714285714,1.6865079365079365,-1.0416666666666665,1.6865079365079365,-1.1904761904761905,2.1825396825396823
20260915,0.5269320843091335,10:27,10:40,B3_SL,-98321.0,-0.9422846912879805,13.0,1027,10065.0,0.39741679085941384,-0.5961251862891207,0.7451564828614009,-0.5961251862891207,1.987083954297069,-0.5961251862891207,2.334823646299056
20260915,0.5269320843091335,11:30,13:00,TIME_WINDOW_STOP_LOSS,-127956.0,-1.4308862356205192,90.0,878,10040.0,0.24900398406374502,-0.7470119521912351,0.24900398406374502,-1.8924302788844622,0.24900398406374502,-2.4402390438247012,0.24900398406374502
20260916,0.8134805345729227,09:06,11:03,H50_MAX_HOLD_EXIT,98037.0,0.9393756467747498,117.0,1040,10130.0,0.3948667324777887,-0.4935834155972359,0.6910167818361304,-0.4935834155972359,1.5301085883514314,-0.4935834155972359,5.380059230009872
20260916,0.8134805345729227,12:51,13:11,B3_MAXHOLD,109896.0,1.0529210280485761,20.0,1006,10485.0,0.619933237958989,-0.28612303290414876,0.619933237958989,-0.7153075822603719,0.619933237958989,-1.4783023366714354,1.8121125417262758
20260917,0.6853226727584237,09:12,09:31,B3_TP,116557.0,1.118082787835069,19.0,1676,6290.0,0.3179650238473768,-1.3513513513513513,0.3179650238473768,-1.7488076311605723,0.3179650238473768,-2.8616852146263914,0.3179650238473768
20260917,0.6853226727584237,10:00,10:08,B3_TP,122611.0,1.175825245465064,8.666666666666666,987,10690.0,0.2806361085126286,-0.608044901777362,0.2806361085126286,-1.262862488306829,0.2806361085126286,-2.1515434985968196,1.3096351730589337
20260918,0.0548245614035087,09:06,09:14,B3_SL,-26039.0,-1.0488769657128127,8.0,431,5700.0,0.3508771929824561,-0.7894736842105263,0.5263157894736842,-0.8771929824561403,0.5263157894736842,-0.8771929824561403,0.7017543859649122
20260921,0.1066098081023454,09:57,10:09,B3_TP,121596.0,1.1652081919896968,12.666666666666666,874,12080.0,0.49668874172185434,-0.24834437086092717,0.49668874172185434,-0.49668874172185434,0.49668874172185434,-1.1589403973509933,0.49668874172185434
20260921,0.1066098081023454,10:51,11:11,B3_MAXHOLD,28386.0,0.2723087969862421,20.0,1943,5380.0,0.37174721189591076,-0.37174721189591076,0.5576208178438662,-0.37174721189591076,0.5576208178438662,-0.8364312267657992,1.0223048327137547
20260921,0.1066098081023454,12:57,13:17,B3_MAXHOLD,-650.0,-0.007271344191873993,20.0,740,12080.0,0.24834437086092717,-0.16556291390728478,0.24834437086092717,-0.24834437086092717,0.24834437086092717,-1.1589403973509933,0.24834437086092717
20260922,0.4151530877010898,09:06,09:26,B3_MAXHOLD,-74557.0,-0.7142432893299868,20.0,820,12640.0,1.4240506329113924,-0.03955696202531646,1.4240506329113924,-0.03955696202531646,1.4240506329113924,-0.5537974683544303,1.4240506329113924
20260922,0.4151530877010898,11:18,11:38,B3_MAXHOLD,-71806.0,-0.6888493435852667,20.0,2030,5100.0,0.19607843137254902,-0.19607843137254902,0.19607843137254902,-0.29411764705882354,0.49019607843137253,-0.29411764705882354,10.0
20260922,0.4151530877010898,12:15,13:33,TIME_WINDOW_AFTERNOON_TP,366206.0,4.098141150784391,78.0,1747,5325.0,1.6901408450704223,-0.09389671361502347,2.0657276995305165,-0.09389671361502347,5.352112676056338,-0.09389671361502347,5.352112676056338
20260923,0.2172732210755024,10:18,10:34,B3_SL,-100806.0,-0.9659772031449887,16.0,870,11880.0,0.0,-1.0101010101010102,0.0,-2.1043771043771047,0.0,-2.7356902356902357,0.0
20260923,0.2172732210755024,10:42,10:53,B3_TP,123582.0,1.1853422023144398,11.0,1913,5515.0,0.45330915684496825,-0.45330915684496825,0.9066183136899365,-0.45330915684496825,1.1786038077969174,-0.45330915684496825,1.1786038077969174
20260923,0.2172732210755024,13:00,13:09,B3_SL,-89307.0,-0.9991228992654281,9.0,1612,5490.0,0.273224043715847,-0.32786885245901637,0.36429872495446264,-0.546448087431694,0.7285974499089253,-0.546448087431694,1.0018214936247722
20260928,0.2199010445299615,09:09,09:29,B3_MAXHOLD,-19119.0,-0.18333448402835315,20.0,1836,5670.0,1.4109347442680775,-0.26455026455026454,2.2927689594356258,-0.26455026455026454,5.114638447971781,-0.26455026455026454,5.291005291005291
20260928,0.2199010445299615,09:45,10:04,B3_TP,117211.0,1.1240916163773984,19.0,1815,5810.0,1.7211703958691909,0.0,2.5817555938037864,0.0,2.5817555938037864,0.0,2.753872633390706
20260928,0.2199010445299615,10:36,10:43,B3_SL,-22879.0,-0.9242415979413718,7.333333333333333,227,10805.0,0.5552984729291994,-0.46274872744099954,0.5552984729291994,-0.46274872744099954,0.5552984729291994,-1.018047200370199,1.3882461823229986
20260929,0.4527447651386531,09:54,10:14,B3_MAXHOLD,7936.0,0.07612247315546164,20.0,1739,6000.0,0.6666666666666667,-0.5833333333333334,0.6666666666666667,-1.5833333333333335,0.6666666666666667,-1.8333333333333333,3.166666666666667
20260929,0.4527447651386531,10:36,10:51,B3_TP,116476.0,1.1167963871623452,15.0,977,10795.0,0.2315886984715146,-0.9263547938860583,0.2315886984715146,-1.1579434923575729,0.2315886984715146,-1.3432144511347845,0.2315886984715146
20260929,0.4527447651386531,12:15,12:35,B3_MAXHOLD,-22940.0,-0.25664864308497487,20.0,1486,6000.0,0.33333333333333337,-0.5833333333333334,1.5833333333333335,-0.5833333333333334,1.8333333333333333,-0.5833333333333334,3.166666666666667
20260930,0.7739082365948038,09:06,09:51,P3_PARTIAL_EXIT+OPPOSITE_SIGNAL,49393.0,0.47351192887111315,45.0,947,11050.0,1.7647058823529411,-0.27149321266968324,2.0361990950226243,-0.27149321266968324,2.0361990950226243,-0.27149321266968324,2.0361990950226243
20260930,0.7739082365948038,09:51,09:59,B3_SL,-109354.0,-1.0488988643339472,8.666666666666666,1810,5700.0,0.0,-0.8771929824561403,0.17543859649122806,-0.9649122807017544,1.7543859649122806,-0.9649122807017544,4.385964912280701
20261001,0.5621135469364812,09:18,09:24,B3_SL,-24539.0,-0.9894438889068096,6.0,232,10585.0,0.9447331128956069,-1.36986301369863,2.267359470949457,-1.36986301369863,3.259329239489844,-1.36986301369863,8.12470477090222
20261001,0.5621135469364812,10:30,10:33,B3_SL,-105996.0,-1.016501510904308,3.6666666666666665,1754,5885.0,1.6142735768903995,-0.2548853016142736,1.6142735768903995,-0.2548853016142736,1.6142735768903995,-1.954120645709431,1.6142735768903995
20261001,0.5621135469364812,11:12,11:23,B3_TP,87858.0,1.1053343725172342,11.666666666666666,737,10905.0,1.4213663457129757,0.04585052728106373,1.4213663457129757,0.04585052728106373,2.5859697386519946,0.04585052728106373,4.951856946354883
