day,pair,at,mins,dir,regime,rs,krw,net,hold,q,px_in,branch,tp1_ratio,nflag,last_dur
20260527,1.109139307897072,09:09,549,UP 레버,WARMUP,TIME_WINDOW_STOP_LOSS,-131793.0,-1.265089732070864,9.0,364,28620.0,미도달,,1,48.0
20260527,1.109139307897072,11:21,681,UP 레버,WARMUP,OPPOSITE_SIGNAL,267460.0,2.1402433120397286,36.0,426,29335.0,미도달,,3,36.0
20260527,1.109139307897072,13:57,837,UP 레버,WARMUP,TIME_WINDOW_STOP_LOSS,-98355.0,-1.4353092945233368,6.0,233,29410.0,미도달,,5,12.0
20260528,1.4575971731448762,09:27,567,UP 레버,WARMUP,TIME_WINDOW_TP1_PARTIAL+TIME_WINDOW_TP2_FULL,417316.0,4.006528480496165,20.333333333333332,374,27850.0,비추세(0.2),0.20053475935828877,1,63.0
20260528,1.4575971731448762,11:06,666,UP 레버,WARMUP,TIME_WINDOW_STOP_LOSS,-136848.0,-1.6405269423175823,12.0,293,28470.0,미도달,,3,12.0
20260529,0.0,09:42,582,DN 인버,WARMUP,TIME_WINDOW_TP1_PARTIAL+TIME_WINDOW_TP2_FULL,409142.0,3.923635535416742,104.33333333333333,713,14625.0,비추세(0.2),0.2005610098176718,1,144.0
20260529,0.0,13:12,792,DN 인버,WARMUP,OPPOSITE_SIGNAL,-117546.0,-1.12603117263062,24.0,687,15195.0,미도달,,3,24.0
20260601,1.4297729184188397,09:21,561,DN 인버,WARMUP,TIME_WINDOW_STOP_LOSS,-161259.0,-1.5446774821581748,18.0,683,15285.0,미도달,,1,21.0
20260601,1.4297729184188397,09:42,582,UP 레버,WARMUP,TIME_WINDOW_TP1_PARTIAL+C1_PEAK_PROTECTION_EXIT,450236.0,4.506115847558941,102.0,333,30005.0,추세(0.0),0.003003003003003003,2,105.0
20260602,1.2136974425661031,09:39,579,UP 레버,WARMUP,TIME_WINDOW_STOP_LOSS,-119404.0,-1.1467497600213592,6.0,339,30715.0,미도달,,2,15.0
20260602,1.2136974425661031,09:54,594,DN 인버,TREND,OPPOSITE_SIGNAL,-83309.0,-0.6653712098703904,27.0,824,15195.0,미도달,,3,27.0
20260602,1.2136974425661031,10:51,651,DN 인버,TREND,OPPOSITE_SIGNAL,-21336.0,-0.7164732430689877,33.0,192,15510.0,미도달,,5,33.0
20260604,0.7877461706783371,09:39,579,UP 레버,TREND,TIME_WINDOW_STOP_LOSS,-231309.0,-2.2234066686147553,12.0,352,29555.0,미도달,,1,18.0
20260604,0.7877461706783371,09:57,597,DN 인버,TREND,TIME_WINDOW_STOP_LOSS,-272562.0,-2.1769553997378663,39.0,799,15670.0,미도달,,2,39.0
20260604,0.7877461706783371,10:57,657,DN 인버,TREND,TIME_WINDOW_STOP_LOSS,-36315.0,-1.221678356966241,69.0,190,15645.0,미도달,,4,33.0
20260605,0.0,09:45,585,UP 레버,TREND,TIME_WINDOW_STOP_LOSS,-138033.0,-1.324368161165856,9.0,429,24295.0,미도달,,1,123.0
20260608,0.05175983436853,10:48,648,UP 레버,TREND,TIME_WINDOW_TP1_PARTIAL+TIME_WINDOW_TP2_FULL,326002.0,3.9108288507032247,16.666666666666668,392,21265.0,비추세(0.2),0.1989795918367347,2,75.0
20260608,0.05175983436853,14:42,882,DN 인버,TREND,FORCED_LIQUIDATION,144872.0,1.3914446592150602,18.0,511,20375.0,미도달,,5,41.0
20260609,0.825242718446602,10:39,639,UP 레버,TREND,OPPOSITE_SIGNAL,75799.0,0.727499059421525,36.0,464,22455.0,미도달,,1,36.0
20260609,0.825242718446602,12:12,732,UP 레버,TREND,TIME_WINDOW_AFTERNOON_TP,428391.0,4.111514209207912,25.333333333333332,459,22700.0,미도달,,3,102.0
20260609,0.825242718446602,14:39,879,UP 레버,TREND,FORCED_LIQUIDATION,16749.0,0.18760206721819367,21.0,348,25655.0,미도달,,5,24.0
20260610,0.8890968647636874,10:15,615,UP 레버,TREND,TIME_WINDOW_STOP_LOSS,-156243.0,-1.4988200759755959,39.0,438,23800.0,미도달,,1,42.0
20260610,0.8890968647636874,10:57,657,DN 인버,TREND,OPPOSITE_SIGNAL,211001.0,1.6857793996336843,51.0,883,14175.0,미도달,,2,51.0
20260610,0.8890968647636874,12:39,759,DN 인버,TREND,TIME_WINDOW_AFTERNOON_TP,282691.0,4.126225354250717,45.666666666666664,472,14515.0,미도달,,4,78.0
20260611,3.101145038167939,09:09,549,DN 인버,TREND,TIME_WINDOW_STOP_LOSS,-476701.0,-4.572460932254438,9.0,652,15990.0,미도달,,1,12.0
20260611,3.101145038167939,09:21,561,UP 레버,TREND,TIME_WINDOW_STOP_LOSS,-270680.0,-2.164148436213268,15.0,574,21790.0,미도달,,2,30.0
20260611,3.101145038167939,12:18,738,DN 인버,TREND,TIME_WINDOW_STOP_LOSS,-87135.0,-1.2713607871975348,12.0,456,15030.0,미도달,,7,12.0
20260612,0.0,09:48,588,DN 인버,TREND,TIME_WINDOW_TP1_PARTIAL+TIME_WINDOW_AFTER_TP1_STOP,209553.0,2.0095224395857305,45.0,880,11850.0,비추세(0.2),0.2,1,129.0
20260615,1.6919739696312366,09:06,546,UP 레버,TREND,OPPOSITE_SIGNAL,216759.0,2.0825240969498413,51.0,385,27035.0,미도달,,1,51.0
20260615,1.6919739696312366,09:57,597,DN 인버,TREND,TIME_WINDOW_TP1_PARTIAL+TIME_WINDOW_TP2_FULL,415095.0,3.979195964580799,59.666666666666664,902,11565.0,비추세(0.2),0.19955654101995565,2,93.0
20260615,1.6919739696312366,13:15,795,UP 레버,TREND,TIME_WINDOW_STOP_LOSS,-148518.0,-1.6665881164787073,81.0,325,27420.0,미도달,,5,27.0
20260616,1.0702054794520548,09:45,585,DN 인버,TREND,TIME_WINDOW_TP1_PARTIAL+TIME_WINDOW_TP2_FULL,414475.0,3.9731668049450457,21.333333333333332,931,11205.0,비추세(0.2),0.19978517722878625,1,51.0
20260616,1.0702054794520548,10:36,636,UP 레버,TREND,TIME_WINDOW_TP1_PARTIAL+H50_MAX_HOLD_EXIT,396942.0,3.807012832562868,129.0,370,28180.0,추세(0.0),0.002702702702702703,2,69.0
20260616,1.0702054794520548,14:12,852,UP 레버,TREND,TIME_WINDOW_STOP_LOSS,-103156.0,-1.15488561531727,24.0,306,29190.0,미도달,,6,24.0
20260617,0.3745318352059925,10:18,618,UP 레버,TREND,H50_MAX_HOLD_EXIT,85234.0,0.8184425643138147,90.0,351,29670.0,미도달,,2,30.0
20260617,0.3745318352059925,12:51,771,UP 레버,TREND,TIME_WINDOW_AFTERNOON_TP,427771.0,4.107177919205623,38.333333333333336,347,30015.0,미도달,,6,87.0
20260618,1.6544824932666409,09:06,546,UP 레버,TREND,OPPOSITE_SIGNAL,200233.0,1.9193194344596214,45.0,300,34775.0,미도달,,1,45.0
20260618,1.6544824932666409,09:51,591,DN 인버,TREND,TIME_WINDOW_TP1_PARTIAL+TIME_WINDOW_TRAILING_STOP,172245.0,1.6517548906789414,24.0,1185,8800.0,비추세(0.2),0.2,2,81.0
20260618,1.6544824932666409,11:12,672,UP 레버,TREND,H50_MAX_HOLD_EXIT,302939.0,3.3968435511451243,81.0,253,35250.0,미도달,,3,21.0
20260619,0.3122831367106176,09:06,546,UP 레버,TREND,TIME_WINDOW_STOP_LOSS,-160772.0,-1.545504183585579,6.0,252,41280.0,미도달,,1,36.0
20260619,0.3122831367106176,10:24,624,UP 레버,CHOP,OPPOSITE_SIGNAL,-56768.0,-0.4543791866670189,15.0,294,42495.0,미도달,,3,15.0
20260619,0.3122831367106176,11:48,708,UP 레버,TREND,TIME_WINDOW_STOP_LOSS,-79550.0,-1.1624075498772202,21.0,163,41985.0,미도달,,5,18.0
20260622,1.0638297872340423,09:15,555,DN 인버,TREND,TIME_WINDOW_STOP_LOSS,-305959.0,-2.933389707983149,12.0,1327,7860.0,미도달,,1,15.0
20260622,1.0638297872340423,09:30,570,UP 레버,TREND,TIME_WINDOW_TP1_PARTIAL+TIME_WINDOW_TP2_FULL,1017179.0,8.145023161586598,52.333333333333336,310,40285.0,추세(0.0),0.0032258064516129032,2,69.0
20260622,1.0638297872340423,12:21,741,UP 레버,TREND,TIME_WINDOW_STOP_LOSS,-198311.0,-2.89674897038191,54.0,157,43605.0,미도달,,4,36.0
20260623,0.6650332516625832,10:33,633,DN 인버,TREND,TIME_WINDOW_TP1_PARTIAL+OPPOSITE_SIGNAL,458740.0,4.399012298324263,45.0,1414,7375.0,추세(0.0),0.0007072135785007072,4,45.0
20260623,0.6650332516625832,12:30,750,DN 인버,TREND,TIME_WINDOW_BREAKEVEN_STOP,5805.0,0.05564723582780895,15.0,1313,7945.0,미도달,,6,24.0
20260623,0.6650332516625832,13:27,807,DN 인버,TREND,TIME_WINDOW_AFTERNOON_TP,368276.0,4.1201511230744625,33.0,1118,7995.0,미도달,,8,116.0
20260624,0.3762227238525207,10:00,600,DN 인버,TREND,TIME_WINDOW_TP1_PARTIAL+TIME_WINDOW_TP2_FULL,419175.0,4.017914911360009,5.666666666666667,1329,7850.0,비추세(0.2),0.200150489089541,1,39.0
20260624,0.3762227238525207,10:39,639,UP 레버,TREND,TIME_WINDOW_STOP_LOSS,-179831.0,-1.7269390624279766,9.0,296,35180.0,미도달,,2,27.0
20260624,0.3762227238525207,13:18,798,DN 인버,TREND,TIME_WINDOW_STOP_LOSS,-185704.0,-2.076919291558741,21.0,974,9180.0,미도달,,5,21.0
20260625,1.220788280432508,09:06,546,UP 레버,TREND,OPPOSITE_SIGNAL,222102.0,2.1290697362316284,45.0,782,13340.0,미도달,,1,45.0
20260625,1.220788280432508,09:51,591,DN 인버,TREND,TIME_WINDOW_STOP_LOSS,-30484.0,-1.228264920674893,27.0,209,11875.0,미도달,,2,228.0
20260626,0.0,09:06,546,DN 인버,TREND,TIME_WINDOW_TP1_PARTIAL+TIME_WINDOW_TP2_FULL,848881.0,8.141220587036479,76.66666666666667,846,12325.0,추세(0.0),0.001182033096926714,1,171.0
20260629,0.0,09:36,576,UP 레버,TREND,TIME_WINDOW_STOP_LOSS,-30579.0,-1.2346920234994851,27.0,190,13035.0,미도달,,1,246.0
20260630,0.0,09:27,567,UP 레버,TREND,TIME_WINDOW_TP1_PARTIAL+TIME_WINDOW_TP2_FULL,846130.0,8.11273628549376,127.33333333333333,774,13475.0,추세(0.0),0.0012919896640826874,1,150.0
20260701,0.0,09:21,561,DN 인버,TREND,TIME_WINDOW_TP1_PARTIAL+TIME_WINDOW_TP2_FULL,742614.0,7.118069933287324,118.66666666666667,840,12420.0,비추세(0.2),0.2,1,156.0
20260702,0.0,09:45,585,UP 레버,TREND,TIME_WINDOW_STOP_LOSS,-35699.0,-1.44021914536535,12.0,192,12910.0,미도달,,1,234.0
20260703,0.0,09:12,552,UP 레버,TREND,TIME_WINDOW_TP1_PARTIAL+TIME_WINDOW_TP2_FULL,409426.0,3.9248516291317848,30.666666666666668,771,13530.0,비추세(0.2),0.19974059662775617,1,165.0
20260706,0.0,09:21,561,DN 인버,TREND,TIME_WINDOW_TP1_PARTIAL+TIME_WINDOW_TP2_FULL,408891.0,3.9206738836524724,52.666666666666664,836,12475.0,비추세(0.2),0.19976076555023922,1,159.0
20260708,0.0,09:42,582,UP 레버,TREND,TIME_WINDOW_STOP_LOSS,-31199.0,-1.2610344047080126,54.0,188,13160.0,미도달,,1,237.0
20260709,0.1797752808988764,09:06,546,UP 레버,TREND,TIME_WINDOW_STOP_LOSS,-32904.0,-1.3259775376890497,15.0,187,13270.0,미도달,,1,48.0
20260709,0.1797752808988764,09:54,594,DN 인버,TREND,TIME_WINDOW_TP1_PARTIAL+C1_PEAK_PROTECTION_EXIT,794941.0,6.347635070931104,126.0,983,12740.0,추세(0.0),0.001017293997965412,2,126.0
20260710,0.2616659398168338,09:06,546,UP 레버,TREND,TIME_WINDOW_STOP_LOSS,-134545.0,-1.290259164249239,18.0,787,13250.0,미도달,,1,39.0
20260710,0.2616659398168338,09:45,585,DN 인버,TREND,TIME_WINDOW_TP1_PARTIAL+C1_PEAK_PROTECTION_EXIT,684683.0,5.466967422548707,138.0,992,12625.0,비추세(0.2),0.19959677419354838,2,135.0
20260714,0.0,09:21,561,UP 레버,TREND,TIME_WINDOW_TP1_PARTIAL+TIME_WINDOW_TP2_FULL,407315.0,3.9017219917111814,57.333333333333336,773,13505.0,비추세(0.2),0.20051746442432083,1,159.0
20260715,0.0,09:45,585,DN 인버,TREND,TIME_WINDOW_STOP_LOSS,-79417.0,-3.203486777352889,6.0,283,8760.0,미도달,,1,93.0
20260715,0.0,11:18,678,UP 레버,TREND,TIME_WINDOW_STOP_LOSS,-188820.0,-1.507735107502583,9.0,637,19660.0,미도달,,2,12.0
20260715,0.0,12:33,753,UP 레버,TREND,TIME_WINDOW_PROFIT_LOCK_STOP,74254.0,0.6225787289094475,54.0,601,19845.0,미도달,,4,45.0
20260716,1.7344173441734418,09:06,546,DN 인버,TREND,TIME_WINDOW_TP1_PARTIAL+OPPOSITE_SIGNAL,540752.0,5.182873529727491,48.0,976,10690.0,추세(0.0),0.0010245901639344263,1,48.0
20260720,0.9081196581196582,09:18,558,UP 레버,TREND,TIME_WINDOW_STOP_LOSS,-254790.0,-2.4429602015808913,12.0,696,14985.0,미도달,,1,36.0
20260720,0.9081196581196582,09:54,594,DN 인버,TREND,TIME_WINDOW_TP1_PARTIAL+TIME_WINDOW_TP2_FULL,1186371.0,9.471891610296861,60.0,1105,11335.0,추세(0.0),0.0009049773755656109,2,36.0
20260720,0.9081196581196582,13:18,798,DN 인버,TREND,TIME_WINDOW_STOP_LOSS,-111096.0,-1.6194834813297154,6.0,553,12405.0,미도달,,10,18.0
20260721,1.477024070021882,09:21,561,UP 레버,TREND,TIME_WINDOW_TP1_PARTIAL+TIME_WINDOW_AFTER_TP1_STOP,214043.0,2.0523650673261042,36.0,778,13405.0,비추세(0.2),0.20051413881748073,1,96.0
20260721,1.477024070021882,11:48,708,UP 레버,TREND,TIME_WINDOW_AFTERNOON_TP,430515.0,4.128565078734891,50.0,731,14265.0,미도달,,3,87.0
20260722,0.0,13:39,819,DN 인버,TREND,TIME_WINDOW_PROFIT_LOCK_STOP,140445.0,1.3467266042870485,21.0,1046,9970.0,미도달,,3,78.0
20260723,0.0,10:27,627,DN 인버,TREND,TIME_WINDOW_TP1_PARTIAL+C1_PEAK_PROTECTION_EXIT,474933.0,4.554292426821375,78.0,1010,10325.0,비추세(0.2),0.2,1,81.0
20260723,0.0,13:24,804,UP 레버,TREND,TIME_WINDOW_STOP_LOSS,-94135.0,-0.902955432072831,30.0,667,15630.0,미도달,,4,30.0
20260723,0.0,14:33,873,UP 레버,TREND,TIME_WINDOW_STOP_LOSS,-137927.0,-1.5417590721299161,6.0,572,15640.0,미도달,,6,15.0
20260727,0.330760749724366,09:06,546,UP 레버,TREND,OPPOSITE_SIGNAL,12840.0,0.5192347353479965,78.0,186,13295.0,미도달,,1,78.0
20260727,0.330760749724366,10:24,624,DN 인버,TREND,TIME_WINDOW_TP1_PARTIAL+TIME_WINDOW_TP2_FULL,845406.0,8.10629585468604,152.33333333333334,851,12255.0,추세(0.0),0.0011750881316098707,2,195.0
20260728,2.1686746987951806,09:06,546,DN 인버,TREND,TIME_WINDOW_TP1_PARTIAL+OPPOSITE_SIGNAL,417947.0,4.008334172504903,54.0,846,12325.0,추세(0.0),0.001182033096926714,1,54.0
20260730,0.0,09:36,576,UP 레버,TREND,TIME_WINDOW_STOP_LOSS,-35514.0,-1.429186570137349,18.0,191,13010.0,미도달,,1,243.0
20260731,0.1769911504424778,09:06,546,UP 레버,TREND,TIME_WINDOW_STOP_LOSS,-142415.0,-1.365215686631642,24.0,787,13255.0,미도달,,1,42.0
20260731,0.1769911504424778,09:48,588,DN 인버,TREND,TIME_WINDOW_TP1_PARTIAL+TIME_WINDOW_TP2_FULL,489537.0,3.9105068856065484,56.0,983,12735.0,비추세(0.2),0.20040691759918616,2,138.0
20260803,0.9457755359394704,09:45,585,UP 레버,TREND,TIME_WINDOW_TP1_PARTIAL+TIME_WINDOW_TP2_FULL,100291.0,4.039895025810519,21.0,259,9585.0,비추세(0.2),0.20077220077220076,1,51.0
20260803,0.9457755359394704,10:36,636,DN 인버,TREND,TIME_WINDOW_STOP_LOSS,-193078.0,-1.8502913989978922,6.0,1099,9495.0,미도달,,2,12.0
20260803,0.9457755359394704,13:06,786,DN 인버,TREND,TIME_WINDOW_STOP_LOSS,-159568.0,-1.6063752463904675,15.0,1059,9380.0,미도달,,10,6.0
20260804,5.036447978793903,09:06,546,UP 레버,TREND,TIME_WINDOW_STOP_LOSS,-243751.0,-2.33760093599555,9.0,1080,9655.0,미도달,,1,21.0
20260804,5.036447978793903,13:00,780,DN 인버,TREND,TIME_WINDOW_BREAKEVEN_STOP,-912.0,-0.007283696380074778,27.0,1233,10155.0,미도달,,6,30.0
20260804,5.036447978793903,13:45,825,DN 인버,TREND,TIME_WINDOW_STOP_LOSS,-80055.0,-1.16832710532019,12.0,663,10335.0,미도달,,8,12.0
20260805,0.6543723973825104,09:45,585,DN 인버,TREND,TIME_WINDOW_TP1_PARTIAL+TIME_WINDOW_AFTER_TP1_STOP,192009.0,1.841511771935621,15.0,1277,8165.0,비추세(0.2),0.19968676585747847,1,75.0
20260805,0.6543723973825104,11:00,660,UP 레버,TREND,TIME_WINDOW_STOP_LOSS,-129845.0,-1.2441514962491964,12.0,993,10510.0,미도달,,2,12.0
20260805,0.6543723973825104,13:45,825,UP 레버,TREND,TIME_WINDOW_STOP_LOSS,-130846.0,-1.4639948084496957,48.0,840,10640.0,미도달,,6,39.0
20260806,2.046204620462046,09:06,546,DN 인버,TREND,TIME_WINDOW_TP1_PARTIAL+TIME_WINDOW_TP2_FULL,854241.0,8.18795349327608,47.666666666666664,1156,9025.0,추세(0.0),0.0008650519031141869,1,60.0
20260806,2.046204620462046,12:09,729,DN 인버,TREND,TIME_WINDOW_BREAKEVEN_STOP,15200.0,0.1457725947521866,84.0,1064,9800.0,미도달,,3,78.0
20260806,2.046204620462046,13:48,828,DN 인버,TREND,TIME_WINDOW_STOP_LOSS,-148155.0,-1.6572147651006712,15.0,894,10000.0,미도달,,5,15.0
20260807,1.119664100769769,09:06,546,UP 레버,TREND,TIME_WINDOW_STOP_LOSS,-224601.0,-2.1533719391766217,6.0,1210,8620.0,미도달,,1,18.0
20260807,1.119664100769769,09:24,564,DN 인버,TREND,TIME_WINDOW_TP1_PARTIAL+TIME_WINDOW_TRAILING_STOP,103378.0,1.0318638288697888,36.0,989,10130.0,추세(0.0),0.0010111223458038423,2,39.0
20260807,1.119664100769769,10:15,615,DN 인버,TREND,TIME_WINDOW_TP1_PARTIAL+OPPOSITE_SIGNAL,89141.0,2.9901899121637374,42.0,279,10685.0,추세(0.0),0.0035842293906810036,4,42.0
20260810,0.0687757909215956,10:54,654,UP 레버,TREND,TIME_WINDOW_STOP_LOSS,-190593.0,-1.8277673567556991,9.0,1356,7690.0,미도달,,2,15.0
20260810,0.0687757909215956,11:09,669,DN 인버,TREND,EARLY_TAKE_PROFIT,83327.0,0.8318433885885705,30.0,934,10725.0,미도달,,3,42.0
20260810,0.0687757909215956,12:30,750,DN 인버,TREND,H50_MAX_HOLD_EXIT,301707.0,3.224357494613727,81.0,864,10830.0,미도달,,5,21.0
20260811,1.7130620985010707,09:06,546,DN 인버,TREND,OPPOSITE_SIGNAL,118186.0,1.1325298318492274,48.0,915,11405.0,미도달,,1,48.0
20260811,1.7130620985010707,09:54,594,UP 레버,TREND,TIME_WINDOW_STOP_LOSS,-200416.0,-1.9220961067234426,9.0,1479,7050.0,미도달,,2,87.0
20260811,1.7130620985010707,11:51,711,UP 레버,TREND,H50_MAX_HOLD_EXIT,187668.0,2.098631239935588,93.0,1215,7360.0,미도달,,4,33.0
20260812,0.411240575736806,09:48,588,DN 인버,TREND,TIME_WINDOW_STOP_LOSS,-128805.0,-1.2348111186206698,33.0,985,10590.0,미도달,,1,36.0
20260813,0.0,12:00,720,UP 레버,TREND,EARLY_TAKE_PROFIT,47736.0,0.5722567674973117,75.0,879,9490.0,미도달,,2,36.0
20260813,0.0,14:24,864,DN 인버,TREND,FORCED_LIQUIDATION,294910.0,2.827820437093916,36.0,1232,8465.0,미도달,,7,54.0
20260814,1.1564211807668898,09:51,591,DN 인버,TREND,TIME_WINDOW_TP1_PARTIAL+TIME_WINDOW_TP2_FULL,431565.0,4.137838791453654,24.0,1351,7720.0,비추세(0.2),0.1998519615099926,1,78.0
20260814,1.1564211807668898,13:06,786,DN 인버,TREND,TIME_WINDOW_STOP_LOSS,-236996.0,-2.2715801358945433,12.0,1277,8170.0,미도달,,5,12.0
20260814,1.1564211807668898,14:00,840,DN 인버,TREND,TIME_WINDOW_BREAKEVEN_STOP,16014.0,0.17916769924351042,21.0,1111,8045.0,미도달,,7,39.0
20260818,2.9885057471264367,09:06,546,UP 레버,TREND,TIME_WINDOW_TP1_PARTIAL+OPPOSITE_SIGNAL,260612.0,2.4973001461322855,51.0,950,10985.0,추세(0.0),0.0010526315789473684,1,51.0
20260818,2.9885057471264367,09:57,597,DN 인버,TREND,TIME_WINDOW_TP1_PARTIAL+TIME_WINDOW_TP2_FULL,422500.0,4.051057709594295,50.333333333333336,1517,6875.0,비추세(0.2),0.1997363216875412,2,129.0
20260819,1.5081967213114755,09:09,549,DN 인버,TREND,OPPOSITE_SIGNAL,77987.0,0.7474046121593292,21.0,1125,9275.0,미도달,,1,21.0
20260819,1.5081967213114755,09:30,570,UP 레버,TREND,TIME_WINDOW_TP1_PARTIAL+TIME_WINDOW_TP2_FULL,440645.0,4.224622258015033,36.333333333333336,1272,8200.0,비추세(0.2),0.19968553459119498,2,99.0
20260819,1.5081967213114755,11:09,669,DN 인버,TREND,H50_MAX_HOLD_EXIT,86737.0,0.9704236548108062,105.0,971,9205.0,미도달,,3,45.0
20260820,0.3556609365737996,10:42,642,UP 레버,TREND,OPPOSITE_SIGNAL,35499.0,0.34027253242744804,33.0,1036,10070.0,미도달,,3,21.0
20260820,0.3556609365737996,12:21,741,UP 레버,TREND,H50_MAX_HOLD_EXIT,133395.0,1.2785234513376118,78.0,1032,10110.0,미도달,,7,18.0
20260820,0.3556609365737996,14:39,879,UP 레버,TREND,OPPOSITE_SIGNAL,-80479.0,-0.8996696065405719,6.0,887,10085.0,미도달,,11,6.0
20260821,0.28328611898017,09:09,549,UP 레버,TREND,TIME_WINDOW_TP1_PARTIAL+C1_PEAK_PROTECTION_EXIT,457700.0,4.386385242885182,60.0,1019,10240.0,추세(0.0),0.0009813542688910696,1,63.0
20260821,0.28328611898017,10:21,621,UP 레버,TREND,TIME_WINDOW_STOP_LOSS,-214052.0,-2.050801534470006,12.0,948,11010.0,미도달,,3,12.0
20260821,0.28328611898017,10:33,633,DN 인버,TREND,TIME_WINDOW_STOP_LOSS,-28229.0,-1.139299767934618,11.666666666666666,374,6625.0,미도달,,4,66.0
20260824,0.9122006841505133,09:57,597,UP 레버,TREND,TIME_WINDOW_STOP_LOSS,-153874.0,-1.4744418045656011,39.0,957,10905.0,미도달,,1,42.0
20260824,0.9122006841505133,10:39,639,DN 인버,TREND,TIME_WINDOW_TP1_PARTIAL+OPPOSITE_SIGNAL,288869.0,2.308559409028483,54.0,1869,6695.0,추세(0.0),0.0005350454788657035,2,54.0
20260825,1.3215859030837005,09:06,546,DN 인버,TREND,OPPOSITE_SIGNAL,51800.0,0.49680672204431175,27.0,1314,7935.0,미도달,,1,27.0
20260825,1.3215859030837005,12:15,735,UP 레버,TREND,TIME_WINDOW_AFTERNOON_TP,357044.0,4.279861239304663,50.0,929,8980.0,미도달,,8,45.0
20260826,0.5357142857142857,10:21,621,UP 레버,TREND,TIME_WINDOW_STOP_LOSS,-170208.0,-1.6320354850355039,6.0,1027,10155.0,미도달,,1,9.0
20260826,0.5357142857142857,10:30,630,DN 인버,TREND,OPPOSITE_SIGNAL,-123617.0,-0.9876386378852738,42.0,1753,7140.0,미도달,,2,42.0
20260827,0.2302820955670697,09:36,576,DN 인버,TREND,TIME_WINDOW_TP1_PARTIAL+TIME_WINDOW_TP2_FULL,414221.0,3.971194480875574,24.666666666666668,1584,6585.0,비추세(0.2),0.20012626262626262,1,54.0
20260827,0.2302820955670697,10:30,630,UP 레버,TREND,TIME_WINDOW_STOP_LOSS,-171903.0,-1.6481006905795288,15.0,978,10665.0,미도달,,2,21.0
20260827,0.2302820955670697,10:54,654,UP 레버,TREND,H50_MAX_HOLD_EXIT,19539.0,0.7874691686414856,99.0,232,10695.0,미도달,,4,39.0
20260828,0.4681100058513751,09:09,549,DN 인버,TREND,TIME_WINDOW_STOP_LOSS,-170952.0,-1.6395757006118963,15.0,1480,7045.0,미도달,,1,18.0
20260828,0.4681100058513751,10:15,615,DN 인버,TREND,H50_MAX_HOLD_EXIT,62261.0,0.4973846980369757,84.0,1805,6935.0,미도달,,3,24.0
20260828,0.4681100058513751,14:42,882,DN 인버,TREND,FORCED_LIQUIDATION,-33817.0,-0.49370477864530105,18.0,952,7195.0,미도달,,17,18.0
20260831,0.6297229219143577,09:06,546,DN 인버,CHOP,B3_SL,-111679.0,-1.0710610485328884,4.0,1305,7990.0,미도달,,1,12.0
20260831,0.6297229219143577,09:18,558,UP 레버,TREND,TIME_WINDOW_TP1_PARTIAL+TIME_WINDOW_AFTER_TP1_STOP,242262.0,2.322439260077305,24.0,1152,9055.0,비추세(0.2),0.1996527777777778,2,48.0
20260831,0.6297229219143577,10:06,606,DN 인버,TREND,TIME_WINDOW_STOP_LOSS,-41129.0,-1.6580095742000502,27.0,315,7875.0,미도달,,3,27.0
20260903,0.7371007371007371,09:18,558,DN 인버,TREND,TIME_WINDOW_STOP_LOSS,-132425.0,-1.2696974490994424,75.0,1386,7525.0,미도달,,1,27.0
20260903,0.7371007371007371,11:00,660,DN 인버,CHOP,B3_SL,-116897.0,-0.9337839149396081,10.666666666666666,1657,7555.0,미도달,,3,18.0
20260904,0.0609756097560975,10:03,603,DN 인버,CHOP,B3_SL,-99316.0,-0.9519154091522511,4.666666666666667,1408,7410.0,미도달,,1,75.0
20260904,0.0609756097560975,11:18,678,UP 레버,CHOP,B3_SL,-100476.0,-0.9631684595784821,19.666666666666668,1108,9415.0,미도달,,2,24.0
20260904,0.0609756097560975,11:42,702,DN 인버,CHOP,OPPOSITE_SIGNAL,-53876.0,-0.6779388022946937,15.0,1066,7455.0,미도달,,3,15.0
20260907,0.4595060310166571,09:21,561,DN 인버,CHOP,B3_MAXHOLD,19019.0,0.7672911825458301,20.0,384,6455.0,미도달,,2,132.0
20260907,0.4595060310166571,11:33,693,UP 레버,CHOP,H50_MAX_HOLD_EXIT,290100.0,2.7795849498074605,129.0,986,10585.0,미도달,,3,69.0
20260908,0.864397622906537,09:15,555,UP 레버,CHOP,P3_PARTIAL_EXIT+TIME_WINDOW_TP1_PARTIAL+OPPOSITE_SIGNAL,255802.0,2.451246168161072,57.0,913,11430.0,비추세(0.2),0.2004381161007667,2,57.0
20260908,0.864397622906537,10:12,612,DN 인버,CHOP,B3_MAXHOLD,-46258.0,-0.44356864775712945,20.0,1820,5730.0,미도달,,3,126.0
20260908,0.864397622906537,12:18,738,UP 레버,CHOP,B3_TP,99516.0,1.1130174139647246,13.333333333333334,742,12050.0,미도달,,4,57.0
20260909,1.1278195488721805,09:15,555,UP 레버,CHOP,P3_PARTIAL_EXIT+TIME_WINDOW_TP1_PARTIAL+H50_MAX_HOLD_EXIT,470964.0,4.514769024591555,144.0,902,11565.0,비추세(0.2),0.19955654101995565,1,84.0
20260910,0.0,14:27,867,UP 레버,CHOP,B3_TP,116821.0,1.1200237770517893,8.666666666666666,871,11975.0,미도달,,5,27.0
20260911,0.449438202247191,09:18,558,UP 레버,CHOP,P3_PARTIAL_EXIT+WHIPSAW_WATCH_DETERIORATION_EXIT,115396.0,1.106342997392238,147.0,960,10865.0,미도달,,2,75.0
20260911,0.449438202247191,14:48,888,UP 레버,CHOP,P3_PARTIAL_EXIT+FORCED_LIQUIDATION,122261.0,1.1722754239827409,12.0,925,11275.0,미도달,,10,35.0
20260914,0.0,09:30,570,UP 레버,CHOP,TIME_WINDOW_STOP_LOSS,-40439.0,-1.6296323161983977,39.0,244,10170.0,미도달,,1,132.0
20260915,0.5269320843091335,09:27,567,UP 레버,CHOP,B3_SL,-98131.0,-0.9409096901779829,3.0,1025,10175.0,미도달,,2,27.0
20260915,0.5269320843091335,10:27,627,UP 레버,CHOP,B3_SL,-98321.0,-0.9422846912879805,13.0,1027,10160.0,미도달,,4,18.0
20260915,0.5269320843091335,11:30,690,UP 레버,TREND,TIME_WINDOW_STOP_LOSS,-127956.0,-1.4308862356205192,90.0,878,10185.0,미도달,,6,39.0
20260916,0.8134805345729227,09:06,546,UP 레버,TREND,H50_MAX_HOLD_EXIT,98037.0,0.9393756467747498,117.0,1040,10035.0,미도달,,1,57.0
20260916,0.8134805345729227,12:51,771,UP 레버,CHOP,B3_MAXHOLD,109896.0,1.0529210280485761,20.0,1006,10375.0,미도달,,7,42.0
20260917,0.6853226727584237,09:12,552,DN 인버,CHOP,B3_TP,116557.0,1.118082787835069,19.0,1676,6220.0,미도달,,1,48.0
20260917,0.6853226727584237,10:00,600,UP 레버,CHOP,B3_TP,122611.0,1.175825245465064,8.666666666666666,987,10565.0,미도달,,2,48.0
20260918,0.0548245614035087,09:06,546,DN 인버,CHOP,B3_SL,-26039.0,-1.0488769657128127,8.0,431,5760.0,미도달,,1,12.0
20260921,0.1066098081023454,09:57,597,UP 레버,CHOP,B3_TP,121596.0,1.1652081919896968,12.666666666666666,874,11940.0,미도달,,1,45.0
20260921,0.1066098081023454,10:51,651,DN 인버,CHOP,B3_MAXHOLD,28386.0,0.2723087969862421,20.0,1943,5365.0,미도달,,4,66.0
20260921,0.1066098081023454,12:57,777,UP 레버,CHOP,B3_MAXHOLD,-650.0,-0.007271344191873993,20.0,740,12080.0,미도달,,7,24.0
20260922,0.4151530877010898,09:06,546,UP 레버,CHOP,B3_MAXHOLD,-74557.0,-0.7142432893299868,20.0,820,12730.0,미도달,,1,27.0
20260922,0.4151530877010898,11:18,678,DN 인버,CHOP,B3_MAXHOLD,-71806.0,-0.6888493435852667,20.0,2030,5135.0,미도달,,4,12.0
20260922,0.4151530877010898,12:15,735,DN 인버,CHOP,TIME_WINDOW_AFTERNOON_TP,366206.0,4.098141150784391,78.0,1747,5115.0,미도달,,8,114.0
20260923,0.2172732210755024,10:18,618,UP 레버,CHOP,B3_SL,-100806.0,-0.9659772031449887,16.0,870,11995.0,미도달,,1,24.0
20260923,0.2172732210755024,10:42,642,DN 인버,CHOP,B3_TP,123582.0,1.1853422023144398,11.0,1913,5450.0,미도달,,2,48.0
20260923,0.2172732210755024,13:00,780,DN 인버,CHOP,B3_SL,-89307.0,-0.9991228992654281,9.0,1612,5545.0,미도달,,6,15.0
20260928,0.2199010445299615,09:09,549,DN 인버,CHOP,B3_MAXHOLD,-19119.0,-0.18333448402835315,20.0,1836,5680.0,미도달,,1,21.0
20260928,0.2199010445299615,09:45,585,DN 인버,CHOP,B3_TP,117211.0,1.1240916163773984,19.0,1815,5745.0,미도달,,3,51.0
20260928,0.2199010445299615,10:36,636,UP 레버,CHOP,B3_SL,-22879.0,-0.9242415979413718,7.333333333333333,227,10905.0,미도달,,4,129.0
20260929,0.4527447651386531,09:54,594,DN 인버,CHOP,B3_MAXHOLD,7936.0,0.07612247315546164,20.0,1739,5995.0,미도달,,2,42.0
20260929,0.4527447651386531,10:36,636,UP 레버,CHOP,B3_TP,116476.0,1.1167963871623452,15.0,977,10675.0,미도달,,3,36.0
20260929,0.4527447651386531,12:15,735,DN 인버,CHOP,B3_MAXHOLD,-22940.0,-0.25664864308497487,20.0,1486,6015.0,미도달,,10,33.0
20260930,0.7739082365948038,09:06,546,UP 레버,CHOP,P3_PARTIAL_EXIT+OPPOSITE_SIGNAL,49393.0,0.47351192887111315,45.0,947,11015.0,미도달,,1,21.0
20260930,0.7739082365948038,09:51,591,DN 인버,CHOP,B3_SL,-109354.0,-1.0488988643339472,8.666666666666666,1810,5760.0,미도달,,4,126.0
20261001,0.5621135469364812,09:18,558,UP 레버,CHOP,B3_SL,-24539.0,-0.9894438889068096,6.0,232,10690.0,미도달,,1,9.0
20261001,0.5621135469364812,10:30,630,DN 인버,CHOP,B3_SL,-105996.0,-1.016501510904308,3.6666666666666665,1754,5945.0,미도달,,6,42.0
20261001,0.5621135469364812,11:12,672,UP 레버,CHOP,B3_TP,87858.0,1.1053343725172342,11.666666666666666,737,10785.0,미도달,,7,75.0
