day,pair,at,dir,dist,fired,delay,expired,a_krw,e_krw,a_px,e_px,d
20260527,1.109139307897072,13:57,UP_RED,0.1729,False,,True,-98355.0,0.0,29410.0,,98355.0
20260528,1.4575971731448762,09:27,UP_RED,0.4014,True,11.666666666666666,False,417316.0,417697.0,27850.0,28155.0,381.0
20260601,1.4297729184188397,09:21,DOWN_BLUE,0.3472,False,,True,-161259.0,0.0,15285.0,,161259.0
20260602,1.2136974425661031,09:39,UP_RED,0.6351,False,,True,-119404.0,0.0,30715.0,,119404.0
20260604,0.7877461706783371,09:39,UP_RED,0.345,False,,True,-231309.0,0.0,29555.0,,231309.0
20260604,0.7877461706783371,10:57,DOWN_BLUE,0.0438,True,1.6666666666666667,False,-36315.0,-156711.0,15645.0,15680.0,-120396.0
20260604,0.7877461706783371,14:45,UP_RED,0.1302,False,,True,,0.0,,,
20260605,0.0,09:45,UP_RED,0.6629,False,,True,-138033.0,0.0,24295.0,,138033.0
20260608,0.05175983436853,10:48,UP_RED,0.7568,True,8.0,False,326002.0,43667.0,21265.0,21625.0,-282335.0
20260609,0.825242718446602,10:39,UP_RED,0.2431,True,1.0,False,75799.0,8461.0,22455.0,22600.0,-67338.0
20260610,0.8890968647636874,10:57,DOWN_BLUE,0.2832,True,2.3333333333333335,False,211001.0,135173.0,14175.0,14260.0,-75828.0
20260610,0.8890968647636874,12:39,DOWN_BLUE,0.2868,True,2.0,False,282691.0,283236.0,14515.0,14600.0,545.0
20260611,3.101145038167939,09:09,DOWN_BLUE,1.557,False,,False,-476701.0,,15990.0,,
20260611,3.101145038167939,09:21,UP_RED,0.4388,True,2.6666666666666665,False,-270680.0,-211681.0,21790.0,21985.0,58999.0
20260611,3.101145038167939,12:18,DOWN_BLUE,0.4382,False,,True,-87135.0,0.0,15030.0,,87135.0
20260611,3.101145038167939,14:48,UP_RED,0.3338,False,,True,,0.0,,,
20260615,1.6919739696312366,09:57,DOWN_BLUE,0.4327,False,,True,415095.0,0.0,11565.0,,-415095.0
20260618,1.6544824932666409,09:06,UP_RED,0.3462,True,0.6666666666666666,False,200233.0,119523.0,34775.0,35040.0,-80710.0
20260618,1.6544824932666409,11:12,UP_RED,0.1908,True,3.6666666666666665,False,302939.0,267721.0,35250.0,35385.0,-35218.0
20260619,0.3122831367106176,09:06,UP_RED,0.3875,False,,True,-160772.0,0.0,41280.0,,160772.0
20260619,0.3122831367106176,11:48,UP_RED,0.1222,True,7.666666666666667,False,-79550.0,-144011.0,41985.0,42080.0,-64461.0
20260622,1.0638297872340423,09:15,DOWN_BLUE,0.5441,False,,True,-305959.0,0.0,7860.0,,305959.0
20260623,0.6650332516625832,13:27,DOWN_BLUE,0.3704,True,5.0,False,368276.0,366626.0,7995.0,8030.0,-1650.0
20260624,0.3762227238525207,10:00,DOWN_BLUE,0.5247,True,0.6666666666666666,False,419175.0,530051.0,7850.0,7955.0,110876.0
20260624,0.3762227238525207,10:39,UP_RED,0.3762,False,,True,-179831.0,0.0,35180.0,,179831.0
20260625,1.220788280432508,09:51,DOWN_BLUE,0.2068,False,,True,-30484.0,0.0,11875.0,,30484.0
20260629,0.0,09:36,UP_RED,0.2297,False,,True,-30579.0,0.0,13035.0,,30579.0
20260702,0.0,09:45,UP_RED,,False,,True,-35699.0,0.0,12910.0,,35699.0
20260708,0.0,09:42,UP_RED,,False,,True,-31199.0,0.0,13160.0,,31199.0
20260709,0.1797752808988764,09:06,UP_RED,0.2698,False,,True,-32904.0,0.0,13270.0,,32904.0
20260710,0.2616659398168338,09:06,UP_RED,0.3054,False,,True,-134545.0,0.0,13250.0,,134545.0
20260715,0.0,09:45,DOWN_BLUE,0.3303,False,,True,-79417.0,0.0,8760.0,,79417.0
20260715,0.0,12:33,UP_RED,0.0233,True,1.0,False,74254.0,17957.0,19845.0,19920.0,-56297.0
20260716,1.7344173441734418,09:06,DOWN_BLUE,,True,10.0,False,540752.0,226752.0,10690.0,11005.0,-314000.0
20260720,0.9081196581196582,09:18,UP_RED,0.7467,False,,True,-254790.0,0.0,14985.0,,254790.0
20260721,1.477024070021882,09:21,UP_RED,0.0563,True,3.0,False,214043.0,544016.0,13405.0,13505.0,329973.0
20260723,0.0,10:27,DOWN_BLUE,0.2088,True,1.0,False,474933.0,453785.0,10325.0,10345.0,-21148.0
20260723,0.0,14:33,UP_RED,0.5198,False,,True,-137927.0,0.0,15640.0,,137927.0
20260730,0.0,09:36,UP_RED,,False,,True,-35514.0,0.0,13010.0,,35514.0
20260731,0.1769911504424778,09:06,UP_RED,0.2361,False,,True,-142415.0,0.0,13255.0,,142415.0
20260803,0.9457755359394704,09:45,UP_RED,0.3131,True,4.666666666666667,False,100291.0,-156484.0,9585.0,9710.0,-256775.0
20260803,0.9457755359394704,13:06,DOWN_BLUE,0.3471,False,,True,-159568.0,0.0,9380.0,,159568.0
20260804,5.036447978793903,09:06,UP_RED,1.2422,False,,True,-243751.0,0.0,9655.0,,243751.0
20260804,5.036447978793903,13:45,DOWN_BLUE,0.1995,False,,True,-80055.0,0.0,10335.0,,80055.0
20260804,5.036447978793903,14:18,DOWN_BLUE,0.6653,False,,True,,0.0,,,
20260806,2.046204620462046,09:06,DOWN_BLUE,1.8738,True,12.666666666666666,False,854241.0,589450.0,9025.0,9360.0,-264791.0
20260806,2.046204620462046,13:48,DOWN_BLUE,0.3331,False,,True,-148155.0,0.0,10000.0,,148155.0
20260807,1.119664100769769,09:06,UP_RED,0.5871,False,,True,-224601.0,0.0,8620.0,,224601.0
20260807,1.119664100769769,09:24,DOWN_BLUE,0.6711,True,8.0,False,103378.0,105601.0,10130.0,10300.0,2223.0
20260810,0.0687757909215956,11:09,DOWN_BLUE,0.2085,True,8.0,False,83327.0,-121235.0,10725.0,10805.0,-204562.0
20260811,1.7130620985010707,09:06,DOWN_BLUE,1.6452,False,,True,118186.0,0.0,11405.0,,-118186.0
20260814,1.1564211807668898,13:06,DOWN_BLUE,0.4268,False,,True,-236996.0,0.0,8170.0,,236996.0
20260819,1.5081967213114755,09:09,DOWN_BLUE,0.5253,True,3.6666666666666665,False,77987.0,-6340.0,9275.0,9350.0,-84327.0
20260820,0.3556609365737996,14:39,UP_RED,0.4147,False,,True,-80479.0,0.0,10085.0,,80479.0
20260821,0.28328611898017,09:09,UP_RED,0.2349,True,2.0,False,457700.0,427491.0,10240.0,10350.0,-30209.0
20260824,0.9122006841505133,09:57,UP_RED,,True,2.0,False,-153874.0,-176688.0,10905.0,10965.0,-22814.0
20260824,0.9122006841505133,10:39,DOWN_BLUE,,True,7.0,False,288869.0,231836.0,6695.0,6725.0,-57033.0
20260826,0.5357142857142857,10:21,UP_RED,,False,,False,-170208.0,,10155.0,,
20260826,0.5357142857142857,10:30,DOWN_BLUE,,True,0.6666666666666666,False,-123617.0,-167734.0,7140.0,7185.0,-44117.0
20260828,0.4681100058513751,09:09,DOWN_BLUE,0.2955,False,,True,-170952.0,0.0,7045.0,,170952.0
20260910,0.0,14:27,UP_RED,,True,2.0,False,116821.0,33999.0,11975.0,12005.0,-82822.0
20260911,0.449438202247191,09:18,UP_RED,0.3382,True,5.333333333333333,False,115396.0,34404.0,10865.0,10970.0,-80992.0
20260914,0.0,09:30,UP_RED,,False,,True,-40439.0,0.0,10170.0,,40439.0
20260918,0.0548245614035087,09:06,DOWN_BLUE,,False,,True,-26039.0,0.0,5760.0,,26039.0
20260921,0.1066098081023454,09:57,UP_RED,0.2682,True,2.6666666666666665,False,121596.0,151505.0,11940.0,11980.0,29909.0
20260922,0.4151530877010898,11:18,DOWN_BLUE,0.1568,False,,True,-71806.0,0.0,5135.0,,71806.0
20260928,0.2199010445299615,10:36,UP_RED,0.2798,False,,True,-22879.0,0.0,10905.0,,22879.0
20260929,0.4527447651386531,10:36,UP_RED,0.2826,True,2.0,False,116476.0,-25009.0,10675.0,10755.0,-141485.0
20260930,0.7739082365948038,09:06,UP_RED,0.5565,True,4.0,False,49393.0,-113196.0,11015.0,11135.0,-162589.0
20261001,0.5621135469364812,09:18,UP_RED,0.5082,False,,True,-24539.0,0.0,10690.0,,24539.0
