day,at,dir,regime,rs,krw,t1,mae1,post,trail,opp_min
20260527,09:09,UP 레버,WARMUP,TIME_WINDOW_STOP_LOSS,-131793.0,2.0,0.8186932215234102,4.7718029350104825,0.0,45
20260527,11:21,UP 레버,WARMUP,OPPOSITE_SIGNAL,267460.0,2.0,0.08408897221748765,3.665697971706153,0.8419379580705644,33
20260602,09:54,DN 인버,TREND,OPPOSITE_SIGNAL,-83309.0,3.0,0.08290556103981572,2.6153504442250743,1.6153504442250743,24
20260602,10:51,DN 인버,TREND,OPPOSITE_SIGNAL,-21336.0,8.0,0.6302707930367506,2.6256931012250164,0.2394906511927788,30
20260604,10:57,DN 인버,TREND,TIME_WINDOW_STOP_LOSS,-36315.0,13.0,0.30567273889421537,1.5159955257270694,0.5159955257270694,30
20260608,14:42,DN 인버,TREND,FORCED_LIQUIDATION,144872.0,4.0,0.8598159509202454,2.96840490797546,1.6248466257668714,38
20260609,10:39,UP 레버,TREND,OPPOSITE_SIGNAL,75799.0,1.0,0.0945335114673792,1.9094745045646848,0.39733912268982396,33
20260609,12:12,UP 레버,TREND,TIME_WINDOW_AFTERNOON_TP,428391.0,4.0,0.09405286343612335,10.87511013215859,0.712114537444934,99
20260610,10:15,UP 레버,TREND,TIME_WINDOW_STOP_LOSS,-156243.0,1.0,0.6172268907563025,2.2609243697478996,0.0,39
20260610,10:57,DN 인버,TREND,OPPOSITE_SIGNAL,211001.0,3.0,0.1910934744268078,3.8300705467372134,1.6660493827160496,48
20260610,12:39,DN 인버,TREND,TIME_WINDOW_AFTERNOON_TP,282691.0,10.0,0.18778849466069586,6.632741991043748,0.5345676885980022,75
20260611,09:09,DN 인버,TREND,TIME_WINDOW_STOP_LOSS,-476701.0,0.0,0.14380863039399625,1.3571294559099436,0.0,9
20260615,09:57,DN 인버,TREND,TIME_WINDOW_TP1_PARTIAL+TIME_WINDOW_TP2_FULL,415095.0,16.0,0.39587116299178554,5.181301340250757,0.98199308257674,90
20260616,09:45,DN 인버,TREND,TIME_WINDOW_TP1_PARTIAL+TIME_WINDOW_TP2_FULL,414475.0,4.0,0.7193440428380188,6.152588130298974,1.80586791610888,48
20260616,10:36,UP 레버,TREND,TIME_WINDOW_TP1_PARTIAL+H50_MAX_HOLD_EXIT,396942.0,4.0,0.3871185237757275,2.0259403832505325,0.49364797728885734,66
20260617,10:18,UP 레버,TREND,H50_MAX_HOLD_EXIT,85234.0,4.0,0.47130097741826765,1.9722446916076846,0.9722446916076846,27
20260617,12:51,UP 레버,TREND,TIME_WINDOW_AFTERNOON_TP,427771.0,18.0,0.333191737464601,6.56335998667333,3.31448442445444,84
20260618,09:06,UP 레버,TREND,OPPOSITE_SIGNAL,200233.0,0.0,0.12189072609633358,3.0125449317038107,0.0,42
20260618,09:51,DN 인버,TREND,TIME_WINDOW_TP1_PARTIAL+TIME_WINDOW_TRAILING_STOP,172245.0,0.0,0.10681818181818181,4.211363636363636,0.0,78
20260622,09:30,UP 레버,TREND,TIME_WINDOW_TP1_PARTIAL+TIME_WINDOW_TP2_FULL,1017179.0,2.0,0.21135037855281125,9.990958173017251,1.5936638947499073,66
20260623,10:33,DN 인버,TREND,TIME_WINDOW_TP1_PARTIAL+OPPOSITE_SIGNAL,458740.0,1.0,0.18559322033898307,5.373728813559322,0.8483050847457625,42
20260623,12:30,DN 인버,TREND,TIME_WINDOW_BREAKEVEN_STOP,5805.0,3.0,0.23879798615481435,2.593171806167401,1.5931718061674012,21
20260623,13:27,DN 인버,TREND,TIME_WINDOW_AFTERNOON_TP,368276.0,14.0,0.7379299562226392,9.518480300187617,3.077579737335835,113
20260624,10:00,DN 인버,TREND,TIME_WINDOW_TP1_PARTIAL+TIME_WINDOW_TP2_FULL,419175.0,0.0,0.7506369426751593,6.828980891719746,0.0,36
20260624,13:18,DN 인버,TREND,TIME_WINDOW_STOP_LOSS,-185704.0,2.0,0.15893246187363835,1.202723311546841,0.03932461873638338,18
20260625,09:06,UP 레버,TREND,OPPOSITE_SIGNAL,222102.0,15.0,0.1999250374812594,1.9365067466266865,1.8990254872563717,42
20260626,09:06,DN 인버,TREND,TIME_WINDOW_TP1_PARTIAL+TIME_WINDOW_TP2_FULL,848881.0,9.0,0.13113590263691682,17.597058823529412,16.785699797160245,168
20260630,09:27,UP 레버,TREND,TIME_WINDOW_TP1_PARTIAL+TIME_WINDOW_TP2_FULL,846130.0,13.0,0.16131725417439705,9.30064935064935,8.818274582560296,147
20260701,09:21,DN 인버,TREND,TIME_WINDOW_TP1_PARTIAL+TIME_WINDOW_TP2_FULL,742614.0,15.0,0.2110305958132045,10.376731078904992,9.853381642512076,153
20260703,09:12,UP 레버,TREND,TIME_WINDOW_TP1_PARTIAL+TIME_WINDOW_TP2_FULL,409426.0,6.0,0.12390983000739099,21.75339985218034,20.82952697708795,162
20260706,09:21,DN 인버,TREND,TIME_WINDOW_TP1_PARTIAL+TIME_WINDOW_TP2_FULL,408891.0,14.0,0.2103206412825651,11.332765531062122,10.332765531062122,156
20260709,09:54,DN 인버,TREND,TIME_WINDOW_TP1_PARTIAL+C1_PEAK_PROTECTION_EXIT,794941.0,8.0,0.08924646781789639,8.074018838304552,7.074018838304552,123
20260710,09:45,DN 인버,TREND,TIME_WINDOW_TP1_PARTIAL+C1_PEAK_PROTECTION_EXIT,684683.0,17.0,0.1292079207920792,7.553960396039604,6.841089108910892,132
20260714,09:21,UP 레버,TREND,TIME_WINDOW_TP1_PARTIAL+TIME_WINDOW_TP2_FULL,407315.0,16.0,0.2351166234727879,10.649740836727137,9.649740836727137,156
20260715,12:33,UP 레버,TREND,TIME_WINDOW_PROFIT_LOCK_STOP,74254.0,15.0,0.2515621063240111,2.167183169564122,1.167183169564122,42
20260716,09:06,DN 인버,TREND,TIME_WINDOW_TP1_PARTIAL+OPPOSITE_SIGNAL,540752.0,1.0,0.09677268475210477,6.030449017773621,2.7853601496725915,45
20260720,09:18,UP 레버,TREND,TIME_WINDOW_STOP_LOSS,-254790.0,5.0,0.08336670003336671,1.4181348014681348,0.41813480146813475,33
20260720,09:54,DN 인버,TREND,TIME_WINDOW_TP1_PARTIAL+TIME_WINDOW_TP2_FULL,1186371.0,3.0,0.8881120423467137,2.2878914865460964,1.1555580061755624,33
20260721,09:21,UP 레버,TREND,TIME_WINDOW_TP1_PARTIAL+TIME_WINDOW_AFTER_TP1_STOP,214043.0,18.0,0.9451883625512868,7.5964005967922414,2.232357329354718,93
20260721,11:48,UP 레버,TREND,TIME_WINDOW_AFTERNOON_TP,430515.0,23.0,0.9963722397476341,6.1189449702068,1.5788117770767616,84
20260722,13:39,DN 인버,TREND,TIME_WINDOW_PROFIT_LOCK_STOP,140445.0,12.0,0.3509027081243731,10.882798395185556,1.0563189568706122,75
20260723,10:27,DN 인버,TREND,TIME_WINDOW_TP1_PARTIAL+C1_PEAK_PROTECTION_EXIT,474933.0,3.0,0.09842615012106537,7.891888619854722,1.4197336561743343,78
20260727,10:24,DN 인버,TREND,TIME_WINDOW_TP1_PARTIAL+TIME_WINDOW_TP2_FULL,845406.0,97.0,0.7027947776417789,12.026703386372908,11.026703386372908,192
20260728,09:06,DN 인버,TREND,TIME_WINDOW_TP1_PARTIAL+OPPOSITE_SIGNAL,417947.0,12.0,0.21227180527383366,3.8445233265720082,3.8445233265720082,51
20260731,09:48,DN 인버,TREND,TIME_WINDOW_TP1_PARTIAL+TIME_WINDOW_TP2_FULL,489537.0,14.0,0.12852375343541422,9.098017275225756,8.098017275225756,135
20260803,09:45,UP 레버,TREND,TIME_WINDOW_TP1_PARTIAL+TIME_WINDOW_TP2_FULL,100291.0,4.0,0.6759780907668232,4.592670839853938,0.8279342723004695,48
20260804,13:00,DN 인버,TREND,TIME_WINDOW_BREAKEVEN_STOP,-912.0,5.0,0.4438946331856229,2.2641309699655343,0.279394387001477,27
20260805,09:45,DN 인버,TREND,TIME_WINDOW_TP1_PARTIAL+TIME_WINDOW_AFTER_TP1_STOP,192009.0,4.0,0.8460808328230253,5.277617881200245,0.8728413962033068,72
20260806,09:06,DN 인버,TREND,TIME_WINDOW_TP1_PARTIAL+TIME_WINDOW_TP2_FULL,854241.0,3.0,0.2162049861495845,9.146675900277009,4.656371191135734,57
20260806,12:09,DN 인버,TREND,TIME_WINDOW_BREAKEVEN_STOP,15200.0,47.0,0.40714285714285714,1.9397959183673468,0.9397959183673468,75
20260807,09:24,DN 인버,TREND,TIME_WINDOW_TP1_PARTIAL+TIME_WINDOW_TRAILING_STOP,103378.0,0.0,0.1487166831194472,4.8858341559723595,0.0,36
20260807,10:15,DN 인버,TREND,TIME_WINDOW_TP1_PARTIAL+OPPOSITE_SIGNAL,89141.0,3.0,0.1903837154890033,4.395484323818437,2.2256200280767433,39
20260811,09:06,DN 인버,TREND,OPPOSITE_SIGNAL,118186.0,1.0,0.9268084173608067,2.9749890398947834,0.0898509425690488,45
20260811,11:51,UP 레버,TREND,H50_MAX_HOLD_EXIT,187668.0,13.0,0.6614130434782609,1.7842391304347827,0.7842391304347827,30
20260813,14:24,DN 인버,TREND,FORCED_LIQUIDATION,294910.0,13.0,0.581600708800945,4.261872415829888,1.2536030714707622,51
20260814,09:51,DN 인버,TREND,TIME_WINDOW_TP1_PARTIAL+TIME_WINDOW_TP2_FULL,431565.0,1.0,0.11476683937823835,7.203886010362694,0.8930051813471502,75
20260814,14:00,DN 인버,TREND,TIME_WINDOW_BREAKEVEN_STOP,16014.0,2.0,0.23645121193287755,2.0009633312616533,0.0,36
20260818,09:57,DN 인버,TREND,TIME_WINDOW_TP1_PARTIAL+TIME_WINDOW_TP2_FULL,422500.0,2.0,0.3409090909090909,14.349999999999998,1.35,126
20260819,09:09,DN 인버,TREND,OPPOSITE_SIGNAL,77987.0,2.0,0.1578167115902965,1.944609164420485,0.13598382749326143,18
20260819,09:30,UP 레버,TREND,TIME_WINDOW_TP1_PARTIAL+TIME_WINDOW_TP2_FULL,440645.0,6.0,0.5378048780487805,6.291463414634147,1.145121951219512,96
20260820,10:42,UP 레버,TREND,OPPOSITE_SIGNAL,35499.0,5.0,0.19895729890764646,1.2409632571996028,0.24096325719960277,18
20260821,09:09,UP 레버,TREND,TIME_WINDOW_TP1_PARTIAL+C1_PEAK_PROTECTION_EXIT,457700.0,1.0,0.73359375,8.104296875,0.0,60
20260821,10:33,DN 인버,TREND,TIME_WINDOW_STOP_LOSS,-28229.0,3.6666666666666665,0.05,1.9122641509433962,0.08207547169811313,63
20260824,09:57,UP 레버,TREND,TIME_WINDOW_STOP_LOSS,-153874.0,2.0,0.1875515818431912,1.4630674002751032,0.4630674002751032,39
20260824,10:39,DN 인버,TREND,TIME_WINDOW_TP1_PARTIAL+OPPOSITE_SIGNAL,288869.0,8.0,0.8715085884988798,4.804368932038835,0.07023898431665421,51
20260825,09:06,DN 인버,TREND,OPPOSITE_SIGNAL,51800.0,3.0,0.4280718336483932,3.1636105860113424,0.3362633900441083,24
20260825,12:15,UP 레버,TREND,TIME_WINDOW_AFTERNOON_TP,357044.0,5.0,0.2170378619153675,3.4577951002227176,0.39766146993318485,42
20260826,10:30,DN 인버,TREND,OPPOSITE_SIGNAL,-123617.0,16.0,0.9603641456582634,1.2105042016806722,0.2105042016806722,39
20260827,09:36,DN 인버,TREND,TIME_WINDOW_TP1_PARTIAL+TIME_WINDOW_TP2_FULL,414221.0,2.0,0.5815110098709187,4.8854593773728165,3.8854593773728165,51
20260831,09:18,UP 레버,TREND,TIME_WINDOW_TP1_PARTIAL+TIME_WINDOW_AFTER_TP1_STOP,242262.0,4.0,0.8230535615681944,3.7048315847598015,1.213942573163998,45
20260903,09:18,DN 인버,TREND,TIME_WINDOW_STOP_LOSS,-132425.0,10.0,0.24933554817275744,1.2789036544850498,0.27890365448504983,24
20260907,09:21,DN 인버,CHOP,B3_MAXHOLD,19019.0,17.0,0.5922153369481022,1.34426800929512,0.1893493415956624,129
20260908,09:15,UP 레버,CHOP,P3_PARTIAL_EXIT+TIME_WINDOW_TP1_PARTIAL+OPPOSITE_SIGNAL,255802.0,1.0,0.35621172353455816,4.674409448818897,2.1870953630796155,54
20260908,12:18,UP 레버,CHOP,B3_TP,99516.0,12.0,0.13298755186721992,2.273651452282158,1.273651452282158,54
20260909,09:15,UP 레버,CHOP,P3_PARTIAL_EXIT+TIME_WINDOW_TP1_PARTIAL+H50_MAX_HOLD_EXIT,470964.0,4.0,0.698508430609598,4.143687851275399,0.549654128837008,81
20260910,14:27,UP 레버,CHOP,B3_TP,116821.0,7.0,0.17526096033402921,1.2026096033402922,0.2026096033402922,24
20260911,09:18,UP 레버,CHOP,P3_PARTIAL_EXIT+WHIPSAW_WATCH_DETERIORATION_EXIT,115396.0,5.0,0.5101932811780948,2.61912103083295,1.6191210308329498,72
20260911,14:48,UP 레버,CHOP,P3_PARTIAL_EXIT+FORCED_LIQUIDATION,122261.0,5.0,0.3604212860310421,2.3446784922394683,1.3446784922394683,32
20260914,09:30,UP 레버,CHOP,TIME_WINDOW_STOP_LOSS,-40439.0,3.0,0.14832841691248771,2.9490167158308753,0.12994100294985245,129
20260915,11:30,UP 레버,TREND,TIME_WINDOW_STOP_LOSS,-127956.0,24.0,0.34455081001472754,1.0791114383897888,0.07911143838978885,36
20260916,12:51,UP 레버,CHOP,B3_MAXHOLD,109896.0,19.0,0.19457831325301206,1.6367469879518073,0.6367469879518073,39
20260917,09:12,DN 인버,CHOP,B3_TP,116557.0,18.0,0.7734726688102894,1.3969453376205787,0.3969453376205787,45
20260917,10:00,UP 레버,CHOP,B3_TP,122611.0,7.0,0.4759346900141978,1.4171083767155703,0.41710837671557033,45
20260921,09:57,UP 레버,CHOP,B3_TP,121596.0,6.0,0.17562814070351757,1.625041876046901,0.625041876046901,42
20260922,12:15,DN 인버,CHOP,TIME_WINDOW_AFTERNOON_TP,366206.0,39.0,0.3432551319648094,6.2061094819159335,5.2061094819159335,111
20260923,10:42,DN 인버,CHOP,B3_TP,123582.0,10.0,0.32522935779816514,2.0600917431192665,1.3261467889908258,45
20260928,09:45,DN 인버,CHOP,B3_TP,117211.0,15.0,0.5721932114882508,3.692384682332463,2.692384682332463,48
20260929,10:36,UP 레버,CHOP,B3_TP,116476.0,8.0,0.19051522248243558,1.308313817330211,0.3083138173302109,33
20260930,09:06,UP 레버,CHOP,P3_PARTIAL_EXIT+OPPOSITE_SIGNAL,49393.0,3.0,0.5039264639128461,1.4933499773036767,0.4933499773036767,18
20261001,11:12,UP 레버,CHOP,B3_TP,87858.0,11.0,0.32816411682892904,3.6773991655076492,2.685280482151136,72
