day,at,dir,regime,rs,krw,net,t1,mfe,post_mfe
20260527,09:09,UP 레버,WARMUP,TIME_WINDOW_STOP_LOSS,-131793.0,-1.265089732070864,2.0,6.256778476589798,4.7718029350104825
20260527,11:21,UP 레버,WARMUP,OPPOSITE_SIGNAL,267460.0,2.1402433120397286,2.0,3.665697971706153,3.665697971706153
20260602,09:54,DN 인버,TREND,OPPOSITE_SIGNAL,-83309.0,-0.6653712098703904,3.0,4.754211911813097,2.6153504442250743
20260602,10:51,DN 인버,TREND,OPPOSITE_SIGNAL,-21336.0,-0.7164732430689877,8.0,2.6256931012250164,2.6256931012250164
20260604,10:57,DN 인버,TREND,TIME_WINDOW_STOP_LOSS,-36315.0,-1.221678356966241,13.0,1.5159955257270694,1.5159955257270694
20260608,14:42,DN 인버,TREND,FORCED_LIQUIDATION,144872.0,1.3914446592150602,4.0,2.96840490797546,2.96840490797546
20260609,10:39,UP 레버,TREND,OPPOSITE_SIGNAL,75799.0,0.727499059421525,1.0,15.469928746381653,1.9094745045646848
20260609,12:12,UP 레버,TREND,TIME_WINDOW_AFTERNOON_TP,428391.0,4.111514209207912,4.0,14.223127753303965,10.87511013215859
20260610,10:15,UP 레버,TREND,TIME_WINDOW_STOP_LOSS,-156243.0,-1.4988200759755959,1.0,2.2609243697478996,2.2609243697478996
20260610,10:57,DN 인버,TREND,OPPOSITE_SIGNAL,211001.0,1.6857793996336843,3.0,10.35564373897707,3.8300705467372134
20260610,12:39,DN 인버,TREND,TIME_WINDOW_AFTERNOON_TP,282691.0,4.126225354250717,10.0,7.769497071994489,6.632741991043748
20260611,09:09,DN 인버,TREND,TIME_WINDOW_STOP_LOSS,-476701.0,-4.572460932254438,0.0,1.3571294559099436,1.3571294559099436
20260615,09:57,DN 인버,TREND,TIME_WINDOW_TP1_PARTIAL+TIME_WINDOW_TP2_FULL,415095.0,3.979195964580799,16.0,5.181301340250757,5.181301340250757
20260616,09:45,DN 인버,TREND,TIME_WINDOW_TP1_PARTIAL+TIME_WINDOW_TP2_FULL,414475.0,3.9731668049450457,4.0,6.152588130298974,6.152588130298974
20260616,10:36,UP 레버,TREND,TIME_WINDOW_TP1_PARTIAL+H50_MAX_HOLD_EXIT,396942.0,3.807012832562868,4.0,3.995422285308729,2.0259403832505325
20260617,10:18,UP 레버,TREND,H50_MAX_HOLD_EXIT,85234.0,0.8184425643138147,4.0,10.415116279069768,1.9722446916076846
20260617,12:51,UP 레버,TREND,TIME_WINDOW_AFTERNOON_TP,427771.0,4.107177919205623,18.0,9.145402298850573,6.56335998667333
20260618,09:06,UP 레버,TREND,OPPOSITE_SIGNAL,200233.0,1.9193194344596214,0.0,10.4460460100647,3.0125449317038107
20260618,09:51,DN 인버,TREND,TIME_WINDOW_TP1_PARTIAL+TIME_WINDOW_TRAILING_STOP,172245.0,1.6517548906789414,0.0,4.211363636363636,4.211363636363636
20260618,11:12,UP 레버,TREND,H50_MAX_HOLD_EXIT,302939.0,3.3968435511451243,34.0,8.95709219858156,1.0
20260622,09:30,UP 레버,TREND,TIME_WINDOW_TP1_PARTIAL+TIME_WINDOW_TP2_FULL,1017179.0,8.145023161586598,2.0,9.990958173017251,9.990958173017251
20260623,10:33,DN 인버,TREND,TIME_WINDOW_TP1_PARTIAL+OPPOSITE_SIGNAL,458740.0,4.399012298324263,1.0,18.72966101694915,5.373728813559322
20260623,12:30,DN 인버,TREND,TIME_WINDOW_BREAKEVEN_STOP,5805.0,0.05564723582780895,3.0,10.208023914411578,2.593171806167401
20260623,13:27,DN 인버,TREND,TIME_WINDOW_AFTERNOON_TP,368276.0,4.1201511230744625,14.0,9.518480300187617,9.518480300187617
20260624,10:00,DN 인버,TREND,TIME_WINDOW_TP1_PARTIAL+TIME_WINDOW_TP2_FULL,419175.0,4.017914911360009,0.0,18.612420382165602,6.828980891719746
20260624,13:18,DN 인버,TREND,TIME_WINDOW_STOP_LOSS,-185704.0,-2.076919291558741,2.0,1.202723311546841,1.202723311546841
20260625,09:06,UP 레버,TREND,OPPOSITE_SIGNAL,222102.0,2.1290697362316284,15.0,8.683133433283357,1.9365067466266865
20260626,09:06,DN 인버,TREND,TIME_WINDOW_TP1_PARTIAL+TIME_WINDOW_TP2_FULL,848881.0,8.141220587036479,9.0,17.597058823529412,17.597058823529412
20260630,09:27,UP 레버,TREND,TIME_WINDOW_TP1_PARTIAL+TIME_WINDOW_TP2_FULL,846130.0,8.11273628549376,13.0,9.30064935064935,9.30064935064935
20260701,09:21,DN 인버,TREND,TIME_WINDOW_TP1_PARTIAL+TIME_WINDOW_TP2_FULL,742614.0,7.118069933287324,15.0,10.376731078904992,10.376731078904992
20260703,09:12,UP 레버,TREND,TIME_WINDOW_TP1_PARTIAL+TIME_WINDOW_TP2_FULL,409426.0,3.9248516291317848,6.0,21.75339985218034,21.75339985218034
20260706,09:21,DN 인버,TREND,TIME_WINDOW_TP1_PARTIAL+TIME_WINDOW_TP2_FULL,408891.0,3.9206738836524724,14.0,11.332765531062122,11.332765531062122
20260709,09:54,DN 인버,TREND,TIME_WINDOW_TP1_PARTIAL+C1_PEAK_PROTECTION_EXIT,794941.0,6.347635070931104,8.0,8.074018838304552,8.074018838304552
20260710,09:45,DN 인버,TREND,TIME_WINDOW_TP1_PARTIAL+C1_PEAK_PROTECTION_EXIT,684683.0,5.466967422548707,17.0,7.553960396039604,7.553960396039604
20260714,09:21,UP 레버,TREND,TIME_WINDOW_TP1_PARTIAL+TIME_WINDOW_TP2_FULL,407315.0,3.9017219917111814,16.0,10.649740836727137,10.649740836727137
20260715,12:33,UP 레버,TREND,TIME_WINDOW_PROFIT_LOCK_STOP,74254.0,0.6225787289094475,15.0,2.167183169564122,2.167183169564122
20260716,09:06,DN 인버,TREND,TIME_WINDOW_TP1_PARTIAL+OPPOSITE_SIGNAL,540752.0,5.182873529727491,1.0,7.714265668849392,6.030449017773621
20260720,09:18,UP 레버,TREND,TIME_WINDOW_STOP_LOSS,-254790.0,-2.4429602015808913,5.0,1.4181348014681348,1.4181348014681348
20260720,09:54,DN 인버,TREND,TIME_WINDOW_TP1_PARTIAL+TIME_WINDOW_TP2_FULL,1186371.0,9.471891610296861,3.0,10.007344508160564,2.2878914865460964
20260721,09:21,UP 레버,TREND,TIME_WINDOW_TP1_PARTIAL+TIME_WINDOW_AFTER_TP1_STOP,214043.0,2.0523650673261042,18.0,12.93023125699366,7.5964005967922414
20260721,11:48,UP 레버,TREND,TIME_WINDOW_AFTERNOON_TP,430515.0,4.128565078734891,23.0,6.1189449702068,6.1189449702068
20260722,13:39,DN 인버,TREND,TIME_WINDOW_PROFIT_LOCK_STOP,140445.0,1.3467266042870485,12.0,13.891825476429286,10.882798395185556
20260723,10:27,DN 인버,TREND,TIME_WINDOW_TP1_PARTIAL+C1_PEAK_PROTECTION_EXIT,474933.0,4.554292426821375,3.0,7.891888619854722,7.891888619854722
20260727,10:24,DN 인버,TREND,TIME_WINDOW_TP1_PARTIAL+TIME_WINDOW_TP2_FULL,845406.0,8.10629585468604,97.0,12.026703386372908,12.026703386372908
20260728,09:06,DN 인버,TREND,TIME_WINDOW_TP1_PARTIAL+OPPOSITE_SIGNAL,417947.0,4.008334172504903,12.0,12.566632860040569,3.8445233265720082
20260731,09:48,DN 인버,TREND,TIME_WINDOW_TP1_PARTIAL+TIME_WINDOW_TP2_FULL,489537.0,3.9105068856065484,14.0,9.098017275225756,9.098017275225756
20260803,09:45,UP 레버,TREND,TIME_WINDOW_TP1_PARTIAL+TIME_WINDOW_TP2_FULL,100291.0,4.039895025810519,4.0,4.592670839853938,4.592670839853938
20260804,13:00,DN 인버,TREND,TIME_WINDOW_BREAKEVEN_STOP,-912.0,-0.007283696380074778,5.0,2.6580256031511573,2.2641309699655343
20260805,09:45,DN 인버,TREND,TIME_WINDOW_TP1_PARTIAL+TIME_WINDOW_AFTER_TP1_STOP,192009.0,1.841511771935621,4.0,5.277617881200245,5.277617881200245
20260806,09:06,DN 인버,TREND,TIME_WINDOW_TP1_PARTIAL+TIME_WINDOW_TP2_FULL,854241.0,8.18795349327608,3.0,12.803185595567866,9.146675900277009
20260806,12:09,DN 인버,TREND,TIME_WINDOW_BREAKEVEN_STOP,15200.0,0.1457725947521866,47.0,3.8785714285714286,1.9397959183673468
20260807,09:24,DN 인버,TREND,TIME_WINDOW_TP1_PARTIAL+TIME_WINDOW_TRAILING_STOP,103378.0,1.0318638288697888,0.0,10.4139684106614,4.8858341559723595
20260807,10:15,DN 인버,TREND,TIME_WINDOW_TP1_PARTIAL+OPPOSITE_SIGNAL,89141.0,2.9901899121637374,3.0,4.676251754796444,4.395484323818437
20260811,09:06,DN 인버,TREND,OPPOSITE_SIGNAL,118186.0,1.1325298318492274,1.0,3.4133932485751863,2.9749890398947834
20260811,11:51,UP 레버,TREND,H50_MAX_HOLD_EXIT,187668.0,2.098631239935588,13.0,4.773369565217392,1.7842391304347827
20260813,14:24,DN 인버,TREND,FORCED_LIQUIDATION,294910.0,2.827820437093916,13.0,4.261872415829888,4.261872415829888
20260814,09:51,DN 인버,TREND,TIME_WINDOW_TP1_PARTIAL+TIME_WINDOW_TP2_FULL,431565.0,4.137838791453654,1.0,7.203886010362694,7.203886010362694
20260814,14:00,DN 인버,TREND,TIME_WINDOW_BREAKEVEN_STOP,16014.0,0.17916769924351042,2.0,2.0009633312616533,2.0009633312616533
20260818,09:57,DN 인버,TREND,TIME_WINDOW_TP1_PARTIAL+TIME_WINDOW_TP2_FULL,422500.0,4.051057709594295,2.0,18.05909090909091,14.349999999999998
20260819,09:09,DN 인버,TREND,OPPOSITE_SIGNAL,77987.0,0.7474046121593292,2.0,3.4001347708894882,1.944609164420485
20260819,09:30,UP 레버,TREND,TIME_WINDOW_TP1_PARTIAL+TIME_WINDOW_TP2_FULL,440645.0,4.224622258015033,6.0,6.291463414634147,6.291463414634147
20260819,11:09,DN 인버,TREND,H50_MAX_HOLD_EXIT,86737.0,0.9704236548108062,76.0,4.186827810972297,1.0
20260820,10:42,UP 레버,TREND,OPPOSITE_SIGNAL,35499.0,0.34027253242744804,5.0,3.7732373386295928,1.2409632571996028
20260821,09:09,UP 레버,TREND,TIME_WINDOW_TP1_PARTIAL+C1_PEAK_PROTECTION_EXIT,457700.0,4.386385242885182,1.0,8.104296875,8.104296875
20260821,10:33,DN 인버,TREND,TIME_WINDOW_STOP_LOSS,-28229.0,-1.139299767934618,3.6666666666666665,2.8933962264150943,1.9122641509433962
20260824,09:57,UP 레버,TREND,TIME_WINDOW_STOP_LOSS,-153874.0,-1.4744418045656011,2.0,1.4630674002751032,1.4630674002751032
20260824,10:39,DN 인버,TREND,TIME_WINDOW_TP1_PARTIAL+OPPOSITE_SIGNAL,288869.0,2.308559409028483,8.0,7.79167289021658,4.804368932038835
20260825,09:06,DN 인버,TREND,OPPOSITE_SIGNAL,51800.0,0.49680672204431175,3.0,3.1636105860113424,3.1636105860113424
20260825,12:15,UP 레버,TREND,TIME_WINDOW_AFTERNOON_TP,357044.0,4.279861239304663,5.0,10.696102449888642,3.4577951002227176
20260826,10:30,DN 인버,TREND,OPPOSITE_SIGNAL,-123617.0,-0.9876386378852738,16.0,1.2105042016806722,1.2105042016806722
20260827,09:36,DN 인버,TREND,TIME_WINDOW_TP1_PARTIAL+TIME_WINDOW_TP2_FULL,414221.0,3.971194480875574,2.0,4.8854593773728165,4.8854593773728165
20260827,10:54,UP 레버,TREND,H50_MAX_HOLD_EXIT,19539.0,0.7874691686414856,58.0,1.8200327255726974,1.0
20260831,09:18,UP 레버,TREND,TIME_WINDOW_TP1_PARTIAL+TIME_WINDOW_AFTER_TP1_STOP,242262.0,2.322439260077305,4.0,7.625317504141359,3.7048315847598015
20260903,09:18,DN 인버,TREND,TIME_WINDOW_STOP_LOSS,-132425.0,-1.2696974490994424,10.0,1.2789036544850498,1.2789036544850498
20260907,09:21,DN 인버,CHOP,B3_MAXHOLD,19019.0,0.7672911825458301,17.0,1.34426800929512,1.34426800929512
20260907,11:33,UP 레버,CHOP,H50_MAX_HOLD_EXIT,290100.0,2.7795849498074605,88.0,4.3902456306093525,1.0
20260908,09:15,UP 레버,CHOP,P3_PARTIAL_EXIT+TIME_WINDOW_TP1_PARTIAL+OPPOSITE_SIGNAL,255802.0,2.451246168161072,1.0,7.8240157480314965,4.674409448818897
20260908,12:18,UP 레버,CHOP,B3_TP,99516.0,1.1130174139647246,12.0,2.273651452282158,2.273651452282158
20260909,09:15,UP 레버,CHOP,P3_PARTIAL_EXIT+TIME_WINDOW_TP1_PARTIAL+H50_MAX_HOLD_EXIT,470964.0,4.514769024591555,4.0,6.04597924773022,4.143687851275399
20260910,14:27,UP 레버,CHOP,B3_TP,116821.0,1.1200237770517893,7.0,1.2026096033402922,1.2026096033402922
20260911,09:18,UP 레버,CHOP,P3_PARTIAL_EXIT+WHIPSAW_WATCH_DETERIORATION_EXIT,115396.0,1.106342997392238,5.0,6.208628624022089,2.61912103083295
20260911,14:48,UP 레버,CHOP,P3_PARTIAL_EXIT+FORCED_LIQUIDATION,122261.0,1.1722754239827409,5.0,2.3446784922394683,2.3446784922394683
20260914,09:30,UP 레버,CHOP,TIME_WINDOW_STOP_LOSS,-40439.0,-1.6296323161983977,3.0,2.9490167158308753,2.9490167158308753
20260915,11:30,UP 레버,TREND,TIME_WINDOW_STOP_LOSS,-127956.0,-1.4308862356205192,24.0,1.0791114383897888,1.0791114383897888
20260916,12:51,UP 레버,CHOP,B3_MAXHOLD,109896.0,1.0529210280485761,19.0,2.841566265060241,1.6367469879518073
20260917,09:12,DN 인버,CHOP,B3_TP,116557.0,1.118082787835069,18.0,1.3969453376205787,1.3969453376205787
20260917,10:00,UP 레버,CHOP,B3_TP,122611.0,1.175825245465064,7.0,2.458282063416943,1.4171083767155703
20260921,09:57,UP 레버,CHOP,B3_TP,121596.0,1.1652081919896968,6.0,1.625041876046901,1.625041876046901
20260921,10:51,DN 인버,CHOP,B3_MAXHOLD,28386.0,0.2723087969862421,254.0,1.2547530288909599,1.0
20260922,12:15,DN 인버,CHOP,TIME_WINDOW_AFTERNOON_TP,366206.0,4.098141150784391,39.0,9.62741935483871,6.2061094819159335
20260923,10:42,DN 인버,CHOP,B3_TP,123582.0,1.1853422023144398,10.0,2.3353211009174313,2.0600917431192665
20260928,09:09,DN 인버,CHOP,B3_MAXHOLD,-19119.0,-0.18333448402835315,31.0,5.055633802816902,1.0
20260928,09:45,DN 인버,CHOP,B3_TP,117211.0,1.1240916163773984,15.0,3.86644908616188,3.692384682332463
20260929,10:36,UP 레버,CHOP,B3_TP,116476.0,1.1167963871623452,8.0,1.308313817330211,1.308313817330211
20260929,12:15,DN 인버,CHOP,B3_MAXHOLD,-22940.0,-0.25664864308497487,48.0,2.8593931837073985,1.0
20260930,09:06,UP 레버,CHOP,P3_PARTIAL_EXIT+OPPOSITE_SIGNAL,49393.0,0.47351192887111315,3.0,2.991307308216069,1.4933499773036767
20261001,11:12,UP 레버,CHOP,B3_TP,87858.0,1.1053343725172342,11.0,6.06961057023644,3.6773991655076492
