day,at,dir,rs,krw,notional,pre,Y3,ETF,CLEAN,HIGH,NET,p_Y3,p_ETF,p_CLEAN,p_HIGH,p_NET
20260619,10:24,UP 레버,OPPOSITE_SIGNAL,-56768.0,12493530.0,B3_SL,-1.0,-1.0,-1.0,-1.0,-1.0,,,,,
20260831,09:06,DN 인버,B3_SL,-111679.0,10426950.0,B3_SL,-1.0,-1.0,-1.0,-1.0,-1.0,,,,,
20260903,11:00,DN 인버,B3_SL,-116897.0,12518635.0,B3_SL,-1.0,-1.0,-1.0,-1.0,-1.0,,,,,
20260904,10:03,DN 인버,B3_SL,-99316.0,10433280.0,B3_SL,-1.0,-1.0,-1.0,-1.0,-1.0,,,,,
20260904,11:18,UP 레버,B3_SL,-100476.0,10431820.0,B3_SL,-1.0,-1.0,-1.0,-1.0,-1.0,,,,,
20260907,09:21,DN 인버,B3_MAXHOLD,19019.0,2478720.0,OK,0.1049186676994578,0.1049186676994578,0.8020526723470178,0.8020526723470178,0.1049186676994578,True,True,False,False,True
20260907,11:33,UP 레버,H50_MAX_HOLD_EXIT,290100.0,10436810.0,OK,0.4696032120925839,0.4696032120925839,0.4696032120925839,0.4696032120925839,0.4696032120925839,True,True,True,True,True
20260908,09:15,UP 레버,P3_PARTIAL_EXIT+TIME_WINDOW_TP1_PARTIAL+OPPOSITE_SIGNAL,255802.0,10435590.0,OK,2.180971128608924,3.8000000000000003,3.8000000000000003,2.180971128608924,3.8000000000000003,False,True,True,False,True
20260908,10:12,DN 인버,B3_MAXHOLD,-46258.0,10428600.0,B3_SL,-1.0,-1.0,-1.0,-1.0,-1.0,,,,,
20260908,12:18,UP 레버,B3_TP,99516.0,8941100.0,OK,1.1948132780082987,1.8587136929460581,1.8587136929460581,1.8587136929460581,1.8587136929460581,False,True,True,True,True
20260909,09:15,UP 레버,P3_PARTIAL_EXIT+TIME_WINDOW_TP1_PARTIAL+H50_MAX_HOLD_EXIT,470964.0,10431630.0,B3_SL,-1.0,-1.0,-1.0,-1.0,-1.0,,,,,
20260910,14:27,UP 레버,B3_TP,116821.0,10430225.0,OK,0.8685803757828809,-0.21701461377870562,-0.21701461377870562,0.8685803757828809,-0.21701461377870562,False,True,True,False,True
20260911,09:18,UP 레버,P3_PARTIAL_EXIT+WHIPSAW_WATCH_DETERIORATION_EXIT,115396.0,10430400.0,OK,1.882811780947998,-0.00398067188219052,1.882811780947998,1.882811780947998,-0.00398067188219052,False,True,False,False,True
20260911,14:48,UP 레버,P3_PARTIAL_EXIT+FORCED_LIQUIDATION,122261.0,10429375.0,OK,1.5907982261640796,0.7482261640798226,0.7482261640798226,1.5907982261640796,0.7482261640798226,False,True,True,False,True
20260914,09:30,UP 레버,TIME_WINDOW_STOP_LOSS,-40439.0,2481480.0,OK,-1.7,-1.7,0.1466568338249754,0.1466568338249754,-1.7,True,True,False,False,True
20260915,09:27,UP 레버,B3_SL,-98131.0,10429375.0,B3_SL,-1.0,-1.0,-1.0,-1.0,-1.0,,,,,
20260915,10:27,UP 레버,B3_SL,-98321.0,10434320.0,B3_SL,-1.0,-1.0,-1.0,-1.0,-1.0,,,,,
20260916,12:51,UP 레버,B3_MAXHOLD,109896.0,10437250.0,OK,1.0102409638554215,0.6246987951807228,0.6246987951807228,0.6246987951807228,0.6246987951807228,False,True,True,True,True
20260917,09:12,DN 인버,B3_TP,116557.0,10424720.0,OK,-0.3715434083601286,-0.3715434083601286,0.995016077170418,0.995016077170418,-0.3715434083601286,True,True,False,False,True
20260917,10:00,UP 레버,B3_TP,122611.0,10427655.0,OK,1.0384997633696167,0.3759346900141978,0.3759346900141978,0.3759346900141978,0.3759346900141978,False,True,True,True,True
20260918,09:06,DN 인버,B3_SL,-26039.0,2482560.0,B3_SL,-1.0,-1.0,-1.0,-1.0,-1.0,,,,,
20260921,09:57,UP 레버,B3_TP,121596.0,10435560.0,OK,1.2649078726968175,1.2649078726968175,1.2649078726968175,1.2649078726968175,0.9969011725293133,False,False,False,False,True
20260921,10:51,DN 인버,B3_MAXHOLD,28386.0,10424195.0,OK,0.3227865796831314,0.3227865796831314,0.3227865796831314,0.3227865796831314,0.3227865796831314,False,True,True,True,True
20260921,12:57,UP 레버,B3_MAXHOLD,-650.0,8939200.0,OK,-0.05,-0.05,-0.05,-0.05,-0.05,False,False,False,False,False
20260922,09:06,UP 레버,B3_MAXHOLD,-74557.0,10438600.0,OK,-0.7177140612725845,-0.7177140612725845,-0.7177140612725845,-0.7177140612725845,-0.7177140612725845,False,False,False,False,False
20260922,12:15,DN 인버,TIME_WINDOW_AFTERNOON_TP,366206.0,8935905.0,OK,3.8000000000000003,3.8000000000000003,3.8000000000000003,3.8000000000000003,3.8000000000000003,True,True,True,True,True
20260923,10:18,UP 레버,B3_SL,-100806.0,10435650.0,B3_SL,-1.0,-1.0,-1.0,-1.0,-1.0,,,,,
20260923,10:42,DN 인버,B3_TP,123582.0,10425850.0,OK,1.2344036697247707,1.3261467889908258,1.3261467889908258,1.3261467889908258,1.3261467889908258,False,True,True,True,True
20260923,13:00,DN 인버,B3_SL,-89307.0,8938540.0,B3_SL,-1.0,-1.0,-1.0,-1.0,-1.0,,,,,
20260928,09:45,DN 인버,B3_TP,117211.0,10427175.0,OK,1.9525152306353353,1.9525152306353353,1.1684508268059182,1.9525152306353353,1.9525152306353353,True,True,False,True,True
20260928,10:36,UP 레버,B3_SL,-22879.0,2475435.0,B3_SL,-1.0,-1.0,-1.0,-1.0,-1.0,,,,,
20260929,09:54,DN 인버,B3_MAXHOLD,7936.0,10425305.0,B3_SL,-1.0,-1.0,-1.0,-1.0,-1.0,,,,,
20260929,10:36,UP 레버,B3_TP,116476.0,10429475.0,OK,0.5120608899297423,0.5120608899297423,0.5120608899297423,0.5120608899297423,-0.0031615925058548072,False,False,False,False,True
20260929,12:15,DN 인버,B3_MAXHOLD,-22940.0,8938290.0,OK,-0.29937655860349127,-0.29937655860349127,-0.29937655860349127,-0.29937655860349127,-0.29937655860349127,False,False,False,False,False
20260930,09:51,DN 인버,B3_SL,-109354.0,10425600.0,B3_SL,-1.0,-1.0,-1.0,-1.0,-1.0,,,,,
20261001,09:18,UP 레버,B3_SL,-24539.0,2480080.0,B3_SL,-1.0,-1.0,-1.0,-1.0,-1.0,,,,,
20261001,10:30,DN 인버,B3_SL,-105996.0,10427530.0,B3_SL,-1.0,-1.0,-1.0,-1.0,-1.0,,,,,
20261001,11:12,UP 레버,B3_TP,87858.0,7948545.0,OK,2.748224385720909,2.748224385720909,2.748224385720909,2.748224385720909,2.748224385720909,True,True,True,True,True
