day,at,dir,p3,n1,mfe,krw,rs
20260527,09:09,UP 레버,WARMUP,TREND,4.7718029350104825,-131793.0,TIME_WINDOW_STOP_LOSS
20260527,11:21,UP 레버,WARMUP,TREND,3.665697971706153,267460.0,OPPOSITE_SIGNAL
20260527,13:57,UP 레버,WARMUP,TREND,0.22201632097925877,-98355.0,TIME_WINDOW_STOP_LOSS
20260528,09:27,UP 레버,WARMUP,OFF,5.6412028725314185,417316.0,TIME_WINDOW_TP1_PARTIAL+TIME_WINDOW_TP2_FULL
20260528,11:06,UP 레버,WARMUP,OFF,0.17831050228310502,-136848.0,TIME_WINDOW_STOP_LOSS
20260529,09:42,DN 인버,WARMUP,OFF,5.932905982905983,409142.0,TIME_WINDOW_TP1_PARTIAL+TIME_WINDOW_TP2_FULL
20260529,13:12,DN 인버,WARMUP,TREND,0.31196117143797303,-117546.0,OPPOSITE_SIGNAL
20260601,09:21,DN 인버,WARMUP,OFF,0.048135426889106964,-161259.0,TIME_WINDOW_STOP_LOSS
20260601,09:42,UP 레버,WARMUP,TREND,6.065647392101317,450236.0,TIME_WINDOW_TP1_PARTIAL+C1_PEAK_PROTECTION_EXIT
20260602,09:39,UP 레버,WARMUP,OFF,0.1290656031255087,-119404.0,TIME_WINDOW_STOP_LOSS
20260602,09:54,DN 인버,TREND,TREND,2.6153504442250743,-83309.0,OPPOSITE_SIGNAL
20260602,10:51,DN 인버,TREND,TREND,2.6256931012250164,-21336.0,OPPOSITE_SIGNAL
20260604,09:39,UP 레버,TREND,OFF,0.6436220605650481,-231309.0,TIME_WINDOW_STOP_LOSS
20260604,09:57,DN 인버,TREND,TREND,0.39671346522016593,-272562.0,TIME_WINDOW_STOP_LOSS
20260604,10:57,DN 인버,TREND,TREND,1.5159955257270694,-36315.0,TIME_WINDOW_STOP_LOSS
20260605,09:45,UP 레버,TREND,OFF,8.161566165877751,-138033.0,TIME_WINDOW_STOP_LOSS
20260608,10:48,UP 레버,TREND,OFF,9.308100164589701,326002.0,TIME_WINDOW_TP1_PARTIAL+TIME_WINDOW_TP2_FULL
20260608,14:42,DN 인버,TREND,TREND,2.96840490797546,144872.0,FORCED_LIQUIDATION
20260609,10:39,UP 레버,TREND,TREND,1.9094745045646848,75799.0,OPPOSITE_SIGNAL
20260609,12:12,UP 레버,TREND,TREND,10.87511013215859,428391.0,TIME_WINDOW_AFTERNOON_TP
20260609,14:39,UP 레버,TREND,TREND,1.0608945624634574,16749.0,FORCED_LIQUIDATION
20260610,10:15,UP 레버,TREND,OFF,2.2609243697478996,-156243.0,TIME_WINDOW_STOP_LOSS
20260610,10:57,DN 인버,TREND,TREND,3.8300705467372134,211001.0,OPPOSITE_SIGNAL
20260610,12:39,DN 인버,TREND,TREND,6.632741991043748,282691.0,TIME_WINDOW_AFTERNOON_TP
20260611,09:09,DN 인버,TREND,TREND,1.3571294559099436,-476701.0,TIME_WINDOW_STOP_LOSS
20260611,09:21,UP 레버,TREND,OFF,1.4415098669114272,-270680.0,TIME_WINDOW_STOP_LOSS
20260611,12:18,DN 인버,TREND,TREND,0.5155355954757153,-87135.0,TIME_WINDOW_STOP_LOSS
20260612,09:48,DN 인버,TREND,OFF,4.549156118143459,209553.0,TIME_WINDOW_TP1_PARTIAL+TIME_WINDOW_AFTER_TP1_STOP
20260615,09:06,UP 레버,TREND,OFF,2.8351488810800816,216759.0,OPPOSITE_SIGNAL
20260615,09:57,DN 인버,TREND,OFF,5.181301340250757,415095.0,TIME_WINDOW_TP1_PARTIAL+TIME_WINDOW_TP2_FULL
20260615,13:15,UP 레버,TREND,TREND,0.5699854121079504,-148518.0,TIME_WINDOW_STOP_LOSS
20260616,09:45,DN 인버,TREND,OFF,6.152588130298974,414475.0,TIME_WINDOW_TP1_PARTIAL+TIME_WINDOW_TP2_FULL
20260616,10:36,UP 레버,TREND,TREND,2.0259403832505325,396942.0,TIME_WINDOW_TP1_PARTIAL+H50_MAX_HOLD_EXIT
20260616,14:12,UP 레버,TREND,TREND,0.3953579993148339,-103156.0,TIME_WINDOW_STOP_LOSS
20260617,10:18,UP 레버,TREND,TREND,1.9722446916076846,85234.0,H50_MAX_HOLD_EXIT
20260617,12:51,UP 레버,TREND,TREND,6.56335998667333,427771.0,TIME_WINDOW_AFTERNOON_TP
20260618,09:06,UP 레버,TREND,TREND,3.0125449317038107,200233.0,OPPOSITE_SIGNAL
20260618,09:51,DN 인버,TREND,OFF,4.211363636363636,172245.0,TIME_WINDOW_TP1_PARTIAL+TIME_WINDOW_TRAILING_STOP
20260618,11:12,UP 레버,TREND,TREND,0.6450354609929078,302939.0,H50_MAX_HOLD_EXIT
20260619,09:06,UP 레버,TREND,TREND,-0.025775193798449614,-160772.0,TIME_WINDOW_STOP_LOSS
20260619,10:24,UP 레버,CHOP,TREND,0.3735792446170138,-56768.0,OPPOSITE_SIGNAL
20260619,11:48,UP 레버,TREND,TREND,0.3191794688579254,-79550.0,TIME_WINDOW_STOP_LOSS
20260622,09:15,DN 인버,TREND,OFF,-0.11361323155216285,-305959.0,TIME_WINDOW_STOP_LOSS
20260622,09:30,UP 레버,TREND,TREND,9.990958173017251,1017179.0,TIME_WINDOW_TP1_PARTIAL+TIME_WINDOW_TP2_FULL
20260622,12:21,UP 레버,TREND,TREND,0.9819917440660475,-198311.0,TIME_WINDOW_STOP_LOSS
20260623,10:33,DN 인버,TREND,TREND,5.373728813559322,458740.0,TIME_WINDOW_TP1_PARTIAL+OPPOSITE_SIGNAL
20260623,12:30,DN 인버,TREND,TREND,2.593171806167401,5805.0,TIME_WINDOW_BREAKEVEN_STOP
20260623,13:27,DN 인버,TREND,TREND,9.518480300187617,368276.0,TIME_WINDOW_AFTERNOON_TP
20260624,10:00,DN 인버,TREND,OFF,6.828980891719746,419175.0,TIME_WINDOW_TP1_PARTIAL+TIME_WINDOW_TP2_FULL
20260624,10:39,UP 레버,TREND,TREND,0.4474417282546902,-179831.0,TIME_WINDOW_STOP_LOSS
20260624,13:18,DN 인버,TREND,TREND,1.202723311546841,-185704.0,TIME_WINDOW_STOP_LOSS
20260625,09:06,UP 레버,TREND,TREND,1.9365067466266865,222102.0,OPPOSITE_SIGNAL
20260625,09:51,DN 인버,TREND,OFF,11.192105263157893,-30484.0,TIME_WINDOW_STOP_LOSS
20260626,09:06,DN 인버,TREND,OFF,17.597058823529412,848881.0,TIME_WINDOW_TP1_PARTIAL+TIME_WINDOW_TP2_FULL
20260629,09:36,UP 레버,TREND,OFF,6.2023973916378985,-30579.0,TIME_WINDOW_STOP_LOSS
20260630,09:27,UP 레버,TREND,OFF,9.30064935064935,846130.0,TIME_WINDOW_TP1_PARTIAL+TIME_WINDOW_TP2_FULL
20260701,09:21,DN 인버,TREND,OFF,10.376731078904992,742614.0,TIME_WINDOW_TP1_PARTIAL+TIME_WINDOW_TP2_FULL
20260702,09:45,UP 레버,TREND,OFF,11.917467079783114,-35699.0,TIME_WINDOW_STOP_LOSS
20260703,09:12,UP 레버,TREND,OFF,21.75339985218034,409426.0,TIME_WINDOW_TP1_PARTIAL+TIME_WINDOW_TP2_FULL
20260706,09:21,DN 인버,TREND,OFF,11.332765531062122,408891.0,TIME_WINDOW_TP1_PARTIAL+TIME_WINDOW_TP2_FULL
20260708,09:42,UP 레버,TREND,OFF,21.340577507598784,-31199.0,TIME_WINDOW_STOP_LOSS
20260709,09:06,UP 레버,TREND,OFF,-0.05,-32904.0,TIME_WINDOW_STOP_LOSS
20260709,09:54,DN 인버,TREND,TREND,8.074018838304552,794941.0,TIME_WINDOW_TP1_PARTIAL+C1_PEAK_PROTECTION_EXIT
20260710,09:06,UP 레버,TREND,TREND,-0.05,-134545.0,TIME_WINDOW_STOP_LOSS
20260710,09:45,DN 인버,TREND,OFF,7.553960396039604,684683.0,TIME_WINDOW_TP1_PARTIAL+C1_PEAK_PROTECTION_EXIT
20260714,09:21,UP 레버,TREND,OFF,10.649740836727137,407315.0,TIME_WINDOW_TP1_PARTIAL+TIME_WINDOW_TP2_FULL
20260715,09:45,DN 인버,TREND,OFF,6.856392694063928,-79417.0,TIME_WINDOW_STOP_LOSS
20260715,11:18,UP 레버,TREND,TREND,-0.07543234994913531,-188820.0,TIME_WINDOW_STOP_LOSS
20260715,12:33,UP 레버,TREND,TREND,2.167183169564122,74254.0,TIME_WINDOW_PROFIT_LOCK_STOP
20260716,09:06,DN 인버,TREND,TREND,6.030449017773621,540752.0,TIME_WINDOW_TP1_PARTIAL+OPPOSITE_SIGNAL
20260720,09:18,UP 레버,TREND,OFF,1.4181348014681348,-254790.0,TIME_WINDOW_STOP_LOSS
20260720,09:54,DN 인버,TREND,OFF,2.2878914865460964,1186371.0,TIME_WINDOW_TP1_PARTIAL+TIME_WINDOW_TP2_FULL
20260720,13:18,DN 인버,TREND,TREND,-0.09030632809351069,-111096.0,TIME_WINDOW_STOP_LOSS
20260721,09:21,UP 레버,TREND,OFF,7.5964005967922414,214043.0,TIME_WINDOW_TP1_PARTIAL+TIME_WINDOW_AFTER_TP1_STOP
20260721,11:48,UP 레버,TREND,TREND,6.1189449702068,430515.0,TIME_WINDOW_AFTERNOON_TP
20260722,13:39,DN 인버,TREND,TREND,10.882798395185556,140445.0,TIME_WINDOW_PROFIT_LOCK_STOP
20260723,10:27,DN 인버,TREND,OFF,7.891888619854722,474933.0,TIME_WINDOW_TP1_PARTIAL+C1_PEAK_PROTECTION_EXIT
20260723,13:24,UP 레버,TREND,TREND,0.5578055022392834,-94135.0,TIME_WINDOW_STOP_LOSS
20260723,14:33,UP 레버,TREND,TREND,-0.08196930946291561,-137927.0,TIME_WINDOW_STOP_LOSS
20260727,09:06,UP 레버,TREND,OFF,0.6645543437382474,12840.0,OPPOSITE_SIGNAL
20260727,10:24,DN 인버,TREND,OFF,12.026703386372908,845406.0,TIME_WINDOW_TP1_PARTIAL+TIME_WINDOW_TP2_FULL
20260728,09:06,DN 인버,TREND,OFF,3.8445233265720082,417947.0,TIME_WINDOW_TP1_PARTIAL+OPPOSITE_SIGNAL
20260730,09:36,UP 레버,TREND,OFF,17.20595695618755,-35514.0,TIME_WINDOW_STOP_LOSS
20260731,09:06,UP 레버,TREND,TREND,0.02544322897019992,-142415.0,TIME_WINDOW_STOP_LOSS
20260731,09:48,DN 인버,TREND,OFF,9.098017275225756,489537.0,TIME_WINDOW_TP1_PARTIAL+TIME_WINDOW_TP2_FULL
20260803,09:45,UP 레버,TREND,OFF,4.592670839853938,100291.0,TIME_WINDOW_TP1_PARTIAL+TIME_WINDOW_TP2_FULL
20260803,10:36,DN 인버,TREND,TREND,0.3186150605581885,-193078.0,TIME_WINDOW_STOP_LOSS
20260803,13:06,DN 인버,TREND,TREND,0.32313432835820893,-159568.0,TIME_WINDOW_STOP_LOSS
20260804,09:06,UP 레버,TREND,OFF,0.4678663904712585,-243751.0,TIME_WINDOW_STOP_LOSS
20260804,13:00,DN 인버,TREND,TREND,2.2641309699655343,-912.0,TIME_WINDOW_BREAKEVEN_STOP
20260804,13:45,DN 인버,TREND,TREND,0.09513788098693758,-80055.0,TIME_WINDOW_STOP_LOSS
20260805,09:45,DN 인버,TREND,OFF,5.277617881200245,192009.0,TIME_WINDOW_TP1_PARTIAL+TIME_WINDOW_AFTER_TP1_STOP
20260805,11:00,UP 레버,TREND,TREND,0.9966222645099905,-129845.0,TIME_WINDOW_STOP_LOSS
20260805,13:45,UP 레버,TREND,TREND,0.37293233082706767,-130846.0,TIME_WINDOW_STOP_LOSS
20260806,09:06,DN 인버,TREND,TREND,9.146675900277009,854241.0,TIME_WINDOW_TP1_PARTIAL+TIME_WINDOW_TP2_FULL
20260806,12:09,DN 인버,TREND,TREND,1.9397959183673468,15200.0,TIME_WINDOW_BREAKEVEN_STOP
20260806,13:48,DN 인버,TREND,TREND,0.15000000000000002,-148155.0,TIME_WINDOW_STOP_LOSS
20260807,09:06,UP 레버,TREND,OFF,-0.1080046403712297,-224601.0,TIME_WINDOW_STOP_LOSS
20260807,09:24,DN 인버,TREND,TREND,4.8858341559723595,103378.0,TIME_WINDOW_TP1_PARTIAL+TIME_WINDOW_TRAILING_STOP
20260807,10:15,DN 인버,TREND,TREND,4.395484323818437,89141.0,TIME_WINDOW_TP1_PARTIAL+OPPOSITE_SIGNAL
20260810,10:54,UP 레버,TREND,TREND,0.5351755526657997,-190593.0,TIME_WINDOW_STOP_LOSS
20260810,11:09,DN 인버,TREND,OFF,2.0012820512820513,83327.0,EARLY_TAKE_PROFIT
20260810,12:30,DN 인버,TREND,TREND,0.1808402585410896,301707.0,H50_MAX_HOLD_EXIT
20260811,09:06,DN 인버,TREND,TREND,2.9749890398947834,118186.0,OPPOSITE_SIGNAL
20260811,09:54,UP 레버,TREND,OFF,5.269148936170213,-200416.0,TIME_WINDOW_STOP_LOSS
20260811,11:51,UP 레버,TREND,TREND,1.7842391304347827,187668.0,H50_MAX_HOLD_EXIT
20260812,09:48,DN 인버,TREND,OFF,1.5080736543909348,-128805.0,TIME_WINDOW_STOP_LOSS
20260813,12:00,UP 레버,TREND,TREND,0.21343519494204427,47736.0,EARLY_TAKE_PROFIT
20260813,14:24,DN 인버,TREND,OFF,4.261872415829888,294910.0,FORCED_LIQUIDATION
20260814,09:51,DN 인버,TREND,OFF,7.203886010362694,431565.0,TIME_WINDOW_TP1_PARTIAL+TIME_WINDOW_TP2_FULL
20260814,13:06,DN 인버,TREND,TREND,0.07239902080783352,-236996.0,TIME_WINDOW_STOP_LOSS
20260814,14:00,DN 인버,TREND,OFF,2.0009633312616533,16014.0,TIME_WINDOW_BREAKEVEN_STOP
20260818,09:06,UP 레버,TREND,TREND,4.956827492034593,260612.0,TIME_WINDOW_TP1_PARTIAL+OPPOSITE_SIGNAL
20260818,09:57,DN 인버,TREND,OFF,14.349999999999998,422500.0,TIME_WINDOW_TP1_PARTIAL+TIME_WINDOW_TP2_FULL
20260819,09:09,DN 인버,TREND,TREND,1.944609164420485,77987.0,OPPOSITE_SIGNAL
20260819,09:30,UP 레버,TREND,OFF,6.291463414634147,440645.0,TIME_WINDOW_TP1_PARTIAL+TIME_WINDOW_TP2_FULL
20260819,11:09,DN 인버,TREND,TREND,0.7104562737642585,86737.0,H50_MAX_HOLD_EXIT
20260820,10:42,UP 레버,TREND,TREND,1.2409632571996028,35499.0,OPPOSITE_SIGNAL
20260820,12:21,UP 레버,TREND,TREND,0.0983679525222552,133395.0,H50_MAX_HOLD_EXIT
20260820,14:39,UP 레버,TREND,OFF,-0.0004214179474467117,-80479.0,OPPOSITE_SIGNAL
20260821,09:09,UP 레버,TREND,TREND,8.104296875,457700.0,TIME_WINDOW_TP1_PARTIAL+C1_PEAK_PROTECTION_EXIT
20260821,10:21,UP 레버,TREND,TREND,0.44954586739327884,-214052.0,TIME_WINDOW_STOP_LOSS
20260821,10:33,DN 인버,TREND,OFF,1.9122641509433962,-28229.0,TIME_WINDOW_STOP_LOSS
20260824,09:57,UP 레버,TREND,OFF,1.4630674002751032,-153874.0,TIME_WINDOW_STOP_LOSS
20260824,10:39,DN 인버,TREND,TREND,4.804368932038835,288869.0,TIME_WINDOW_TP1_PARTIAL+OPPOSITE_SIGNAL
20260825,09:06,DN 인버,TREND,TREND,3.1636105860113424,51800.0,OPPOSITE_SIGNAL
20260825,12:15,UP 레버,TREND,OFF,3.4577951002227176,357044.0,TIME_WINDOW_AFTERNOON_TP
20260826,10:21,UP 레버,TREND,TREND,-0.05,-170208.0,TIME_WINDOW_STOP_LOSS
20260826,10:30,DN 인버,TREND,OFF,1.2105042016806722,-123617.0,OPPOSITE_SIGNAL
20260827,09:36,DN 인버,TREND,OFF,4.8854593773728165,414221.0,TIME_WINDOW_TP1_PARTIAL+TIME_WINDOW_TP2_FULL
20260827,10:30,UP 레버,TREND,TREND,0.27817627754336616,-171903.0,TIME_WINDOW_STOP_LOSS
20260827,10:54,UP 레버,TREND,TREND,0.7915147265077138,19539.0,H50_MAX_HOLD_EXIT
20260828,09:09,DN 인버,TREND,TREND,0.37583392476933997,-170952.0,TIME_WINDOW_STOP_LOSS
20260828,10:15,DN 인버,TREND,TREND,0.3825883201153569,62261.0,H50_MAX_HOLD_EXIT
20260828,14:42,DN 인버,TREND,TREND,0.08898540653231411,-33817.0,FORCED_LIQUIDATION
20260831,09:06,DN 인버,CHOP,TREND,0.13773466833541925,-111679.0,B3_SL
20260831,09:18,UP 레버,TREND,OFF,3.7048315847598015,242262.0,TIME_WINDOW_TP1_PARTIAL+TIME_WINDOW_AFTER_TP1_STOP
20260831,10:06,DN 인버,TREND,TREND,0.26746031746031745,-41129.0,TIME_WINDOW_STOP_LOSS
20260903,09:18,DN 인버,TREND,TREND,1.2789036544850498,-132425.0,TIME_WINDOW_STOP_LOSS
20260903,11:00,DN 인버,CHOP,TREND,-0.11618133686300464,-116897.0,B3_SL
20260904,10:03,DN 인버,CHOP,OFF,1.4344804318488529,-99316.0,B3_SL
20260904,11:18,UP 레버,CHOP,TREND,-0.10310674455655869,-100476.0,B3_SL
20260904,11:42,DN 인버,CHOP,OFF,0.285345405767941,-53876.0,OPPOSITE_SIGNAL
20260907,09:21,DN 인버,CHOP,OFF,1.34426800929512,19019.0,B3_MAXHOLD
20260907,11:33,UP 레버,CHOP,TREND,0.8474964572508267,290100.0,H50_MAX_HOLD_EXIT
20260908,09:15,UP 레버,CHOP,TREND,4.674409448818897,255802.0,P3_PARTIAL_EXIT+TIME_WINDOW_TP1_PARTIAL+OPPOSITE_SIGNAL
20260908,10:12,DN 인버,CHOP,OFF,0.3863001745200698,-46258.0,B3_MAXHOLD
20260908,12:18,UP 레버,CHOP,TREND,2.273651452282158,99516.0,B3_TP
20260909,09:15,UP 레버,CHOP,OFF,4.143687851275399,470964.0,P3_PARTIAL_EXIT+TIME_WINDOW_TP1_PARTIAL+H50_MAX_HOLD_EXIT
20260910,14:27,UP 레버,CHOP,TREND,1.2026096033402922,116821.0,B3_TP
20260911,09:18,UP 레버,CHOP,OFF,2.61912103083295,115396.0,P3_PARTIAL_EXIT+WHIPSAW_WATCH_DETERIORATION_EXIT
20260911,14:48,UP 레버,CHOP,TREND,2.3446784922394683,122261.0,P3_PARTIAL_EXIT+FORCED_LIQUIDATION
20260914,09:30,UP 레버,CHOP,OFF,2.9490167158308753,-40439.0,TIME_WINDOW_STOP_LOSS
20260915,09:27,UP 레버,CHOP,TREND,0.687100737100737,-98131.0,B3_SL
20260915,10:27,UP 레버,CHOP,TREND,0.19606299212598427,-98321.0,B3_SL
20260915,11:30,UP 레버,TREND,TREND,1.0791114383897888,-127956.0,TIME_WINDOW_STOP_LOSS
20260916,09:06,UP 레버,TREND,OFF,2.9893622321873443,98037.0,H50_MAX_HOLD_EXIT
20260916,12:51,UP 레버,CHOP,TREND,1.6367469879518073,109896.0,B3_MAXHOLD
20260917,09:12,DN 인버,CHOP,OFF,1.3969453376205787,116557.0,B3_TP
20260917,10:00,UP 레버,CHOP,OFF,1.4171083767155703,122611.0,B3_TP
20260918,09:06,DN 인버,CHOP,OFF,0.03680555555555555,-26039.0,B3_SL
20260921,09:57,UP 레버,CHOP,TREND,1.625041876046901,121596.0,B3_TP
20260921,10:51,DN 인버,CHOP,OFF,0.7887698042870456,28386.0,B3_MAXHOLD
20260921,12:57,UP 레버,CHOP,TREND,0.15695364238410597,-650.0,B3_MAXHOLD
20260922,09:06,UP 레버,CHOP,TREND,0.6177140612725844,-74557.0,B3_MAXHOLD
20260922,11:18,DN 인버,CHOP,OFF,-0.05,-71806.0,B3_MAXHOLD
20260922,12:15,DN 인버,CHOP,OFF,6.2061094819159335,366206.0,TIME_WINDOW_AFTERNOON_TP
20260923,10:18,UP 레버,CHOP,OFF,0.11673614005835765,-100806.0,B3_SL
20260923,10:42,DN 인버,CHOP,TREND,2.0600917431192665,123582.0,B3_TP
20260923,13:00,DN 인버,CHOP,TREND,-0.05,-89307.0,B3_SL
20260928,09:09,DN 인버,CHOP,TREND,0.8302816901408451,-19119.0,B3_MAXHOLD
20260928,09:45,DN 인버,CHOP,TREND,3.692384682332463,117211.0,B3_TP
20260928,10:36,UP 레버,CHOP,OFF,-0.05,-22879.0,B3_SL
20260929,09:54,DN 인버,CHOP,TREND,0.700625521267723,7936.0,B3_MAXHOLD
20260929,10:36,UP 레버,CHOP,OFF,1.308313817330211,116476.0,B3_TP
20260929,12:15,DN 인버,CHOP,TREND,0.03312551953449709,-22940.0,B3_MAXHOLD
20260930,09:06,UP 레버,CHOP,TREND,1.4933499773036767,49393.0,P3_PARTIAL_EXIT+OPPOSITE_SIGNAL
20260930,09:51,DN 인버,CHOP,OFF,3.075,-109354.0,B3_SL
20261001,09:18,UP 레버,CHOP,OFF,0.13709073900841906,-24539.0,B3_SL
20261001,10:30,DN 인버,CHOP,OFF,0.5387300252312868,-105996.0,B3_SL
20261001,11:12,UP 레버,CHOP,TREND,3.6773991655076492,87858.0,B3_TP
