day,k,at,mins,dir,dur,mfe,mae,prev_mfe,prev_dur
20260527,0,09:06,546,UP_RED,48.0,1.747311827956989,1.4336917562724014,,
20260527,1,09:54,594,DOWN_BLUE,84.0,1.109139307897072,1.9520851818988465,1.747311827956989,48.0
20260527,2,11:18,678,UP_RED,36.0,2.388189318280504,0.26052974381241856,1.109139307897072,84.0
20260527,3,11:54,714,DOWN_BLUE,120.0,3.0795551753635584,0.3421727972626176,2.388189318280504,36.0
20260527,4,13:54,834,UP_RED,12.0,0.04317789291882556,1.381692573402418,3.0795551753635584,120.0
20260527,5,14:06,846,DOWN_BLUE,24.0,0.8311461067366579,0.699912510936133,0.04317789291882556,12.0
20260527,6,14:30,870,UP_RED,18.0,0.21767522855899,1.30605137135394,0.8311461067366579,24.0
20260527,7,14:48,888,DOWN_BLUE,27.0,0.5330964015992893,1.4215904042647711,0.21767522855899,18.0
20260527,8,15:15,915,UP_RED,3.0,0.664599025254763,0.31014621178555607,0.5330964015992893,27.0
20260527,9,15:18,918,DOWN_BLUE,2.0,0.17809439002671415,0.26714158504007124,0.664599025254763,3.0
20260528,0,09:24,564,UP_RED,63.0,2.4444444444444446,1.0666666666666667,,
20260528,1,10:27,627,DOWN_BLUE,36.0,1.4575971731448762,0.6625441696113075,2.4444444444444446,63.0
20260528,2,11:03,663,UP_RED,12.0,0.3089143865842895,0.706090026478376,1.4575971731448762,36.0
20260528,3,11:15,675,DOWN_BLUE,18.0,0.3100088573959256,0.48715677590788303,0.3089143865842895,12.0
20260528,4,11:33,693,UP_RED,12.0,0.06618133686300463,0.6838738142510479,0.3100088573959256,18.0
20260528,5,11:45,705,DOWN_BLUE,105.0,4.569653948535936,0.39929015084294583,0.06618133686300463,12.0
20260528,6,13:30,810,UP_RED,110.0,5.137614678899083,0.41284403669724773,4.569653948535936,105.0
20260529,0,09:39,579,DOWN_BLUE,144.0,3.0476190476190474,0.31746031746031744,,
20260529,1,12:03,723,UP_RED,66.0,0.7785467128027681,0.3027681660899654,3.0476190476190474,144.0
20260529,2,13:09,789,DOWN_BLUE,24.0,0.17301038062283738,0.3027681660899654,0.7785467128027681,66.0
20260529,3,13:33,813,UP_RED,27.0,0.4747518342684506,0.2589555459646094,0.17301038062283738,24.0
20260529,4,14:00,840,DOWN_BLUE,63.0,0.6264852019874703,0.23763231799524737,0.4747518342684506,27.0
20260529,5,15:03,903,UP_RED,17.0,0.6055363321799307,0.21626297577854672,0.6264852019874703,63.0
20260601,0,09:18,558,DOWN_BLUE,21.0,0.26064291920069504,1.1728931364031276,,
20260601,1,09:39,579,UP_RED,105.0,2.9626449119793903,0.6011163589523401,0.26064291920069504,21.0
20260601,2,11:24,684,DOWN_BLUE,114.0,1.4297729184188395,0.42052144659377627,2.9626449119793903,105.0
20260601,3,13:18,798,UP_RED,54.0,0.8456659619450317,0.16913319238900634,1.4297729184188395,114.0
20260601,4,14:12,852,DOWN_BLUE,39.0,1.34850400337126,0.04214075010535188,0.8456659619450317,54.0
20260601,5,14:51,891,UP_RED,29.0,0.5492184199408534,0.2957329953527672,1.34850400337126,39.0
20260602,0,09:09,549,DOWN_BLUE,27.0,2.503236944324558,2.4600776866637895,,
20260602,1,09:36,576,UP_RED,15.0,0.1685630004214075,2.0648967551622417,2.503236944324558,27.0
20260602,2,09:51,591,DOWN_BLUE,27.0,1.6745384285100904,0.25762129669386,0.1685630004214075,15.0
20260602,3,10:18,618,UP_RED,30.0,1.079447322970639,0.7340241796200345,1.6745384285100904,27.0
20260602,4,10:48,648,DOWN_BLUE,33.0,1.694915254237288,0.3911342894393742,1.079447322970639,30.0
20260602,5,11:21,681,UP_RED,48.0,1.2136974425661033,0.5201560468140443,1.694915254237288,33.0
20260602,6,12:09,729,DOWN_BLUE,39.0,0.997398091934085,0.13009540329575023,1.2136974425661033,48.0
20260602,7,12:48,768,UP_RED,30.0,0.1736111111111111,0.7378472222222222,0.997398091934085,39.0
20260602,8,13:18,798,DOWN_BLUE,15.0,0.39249890972525076,0.2180549498473615,0.1736111111111111,30.0
20260602,9,13:33,813,UP_RED,6.0,0.13089005235602094,0.2617801047120419,0.39249890972525076,15.0
20260602,10,13:39,819,DOWN_BLUE,3.0,0.39215686274509803,0.08714596949891067,0.13089005235602094,6.0
20260602,11,13:42,822,UP_RED,81.0,3.4965034965034967,0.043706293706293704,0.39215686274509803,3.0
20260602,12,15:03,903,DOWN_BLUE,17.0,0.34173430158052115,0.25630072618539085,3.4965034965034967,81.0
20260604,0,09:36,576,UP_RED,18.0,0.12919896640826875,1.5073212747631353,,
20260604,1,09:54,594,DOWN_BLUE,39.0,0.782608695652174,0.21739130434782608,0.12919896640826875,18.0
20260604,2,10:33,633,UP_RED,21.0,0.39079461571862784,0.911854103343465,0.782608695652174,39.0
20260604,3,10:54,654,DOWN_BLUE,33.0,0.7877461706783371,0.2188183807439825,0.39079461571862784,21.0
20260604,4,11:27,687,UP_RED,78.0,1.3572679509632224,0.17513134851138354,0.7877461706783371,33.0
20260604,5,12:45,765,DOWN_BLUE,57.0,0.43535045711798,0.26121027427078797,1.3572679509632224,78.0
20260604,6,13:42,822,UP_RED,39.0,0.6089604175728578,0.2174858634188778,0.43535045711798,57.0
20260604,7,14:21,861,DOWN_BLUE,21.0,0.4776378636561007,0.17368649587494572,0.6089604175728578,39.0
20260604,8,14:42,882,UP_RED,6.0,0.04336513443191674,0.6071118820468344,0.4776378636561007,21.0
20260604,9,14:48,888,DOWN_BLUE,32.0,0.43668122270742354,0.26200873362445415,0.04336513443191674,6.0
20260605,0,09:42,582,UP_RED,123.0,2.916274694261524,2.257761053621825,,
20260605,1,11:45,705,DOWN_BLUE,114.0,2.9670839128419098,0.5099675475197033,2.916274694261524,123.0
20260605,2,13:39,819,UP_RED,69.0,0.7092198581560284,0.5673758865248227,2.9670839128419098,114.0
20260605,3,14:48,888,DOWN_BLUE,32.0,1.5158692562766463,0.23685457129322599,0.7092198581560284,69.0
20260608,0,10:30,630,DOWN_BLUE,15.0,0.051759834368530024,2.898550724637681,,
20260608,1,10:45,645,UP_RED,75.0,3.8114343029087263,1.053159478435306,0.051759834368530024,15.0
20260608,2,12:00,720,DOWN_BLUE,150.0,3.736479842674533,0.19665683382497542,3.8114343029087263,75.0
20260608,3,14:30,870,UP_RED,9.0,0.30318342597271347,1.1116725618999495,3.736479842674533,150.0
20260608,4,14:39,879,DOWN_BLUE,41.0,2.048131080389145,0.2560163850486431,0.30318342597271347,9.0
20260609,0,10:36,636,UP_RED,36.0,0.825242718446602,0.5825242718446602,,
20260609,1,11:12,672,DOWN_BLUE,57.0,1.1132623426911907,0.14520813165537272,0.825242718446602,36.0
20260609,2,12:09,729,UP_RED,102.0,5.90513068731849,0.14520813165537272,1.1132623426911907,57.0
20260609,3,13:51,831,DOWN_BLUE,45.0,0.32347504621072093,2.2181146025878005,5.90513068731849,102.0
20260609,4,14:36,876,UP_RED,24.0,0.8608971454463071,0.7702763932940644,0.32347504621072093,45.0
20260609,5,15:00,900,DOWN_BLUE,20.0,0.49909255898366606,0.7259528130671506,0.8608971454463071,24.0
20260610,0,10:12,612,UP_RED,42.0,0.8890968647636874,1.1230697239120262,,
20260610,1,10:54,654,DOWN_BLUE,51.0,2.055765595463138,0.23629489603024575,0.8890968647636874,42.0
20260610,2,11:45,705,UP_RED,51.0,0.9060562708631379,0.3814973772055317,2.055765595463138,51.0
20260610,3,12:36,756,DOWN_BLUE,78.0,4.160688665710186,0.09564801530368246,0.9060562708631379,51.0
20260610,4,13:54,834,UP_RED,86.0,0.6866110838646395,2.30505149583129,4.160688665710186,78.0
20260611,0,09:06,546,DOWN_BLUE,12.0,0.8044243338360985,2.513826043237808,,
20260611,1,09:18,558,UP_RED,30.0,1.9743336623889436,0.6416584402764067,0.8044243338360985,12.0
20260611,2,09:48,588,DOWN_BLUE,3.0,0.3940886699507389,0.8374384236453201,1.9743336623889436,30.0
20260611,3,09:51,591,UP_RED,42.0,5.770171149144254,0.293398533007335,0.3940886699507389,3.0
20260611,4,10:33,633,DOWN_BLUE,78.0,3.101145038167939,2.051526717557252,5.770171149144254,42.0
20260611,5,11:51,711,UP_RED,24.0,0.5805515239477503,1.0643444605708756,3.101145038167939,78.0
20260611,6,12:15,735,DOWN_BLUE,12.0,0.24354603019970775,0.8280565026790063,0.5805515239477503,24.0
20260611,7,12:27,747,UP_RED,51.0,2.616279069767442,0.1937984496124031,0.24354603019970775,12.0
20260611,8,13:18,798,DOWN_BLUE,27.0,0.19203072491598655,2.160345655304849,2.616279069767442,51.0
20260611,9,13:45,825,UP_RED,12.0,0.4247286455875413,0.8494572911750826,0.19203072491598655,27.0
20260611,10,13:57,837,DOWN_BLUE,48.0,1.6611295681063125,0.47460844803037494,0.4247286455875413,12.0
20260611,11,14:45,885,UP_RED,18.0,0.14278914802475012,0.9043312708234174,1.6611295681063125,48.0
20260611,12,15:03,903,DOWN_BLUE,12.0,0.4796163069544364,0.8633093525179856,0.14278914802475012,18.0
20260611,13,15:15,915,UP_RED,5.0,0.19038553069966682,0.19038553069966682,0.4796163069544364,12.0
20260612,0,09:45,585,DOWN_BLUE,129.0,2.225130890052356,0.08726003490401396,,
20260612,1,11:54,714,UP_RED,27.0,0.30823425803610743,0.30823425803610743,2.225130890052356,129.0
20260612,2,12:21,741,DOWN_BLUE,21.0,0.2643171806167401,0.3524229074889868,0.30823425803610743,27.0
20260612,3,12:42,762,UP_RED,24.0,0.21958717610891526,0.24154589371980675,0.2643171806167401,21.0
20260612,4,13:06,786,DOWN_BLUE,6.0,0.08787346221441124,0.26362038664323373,0.21958717610891526,24.0
20260612,5,13:12,792,UP_RED,3.0,0.08775778850372971,0.13163668275559456,0.08787346221441124,6.0
20260612,6,13:15,795,DOWN_BLUE,3.0,0.26292725679228746,0.0876424189307625,0.08775778850372971,3.0
20260612,7,13:18,798,UP_RED,45.0,0.7456140350877193,0.08771929824561403,0.26292725679228746,3.0
20260612,8,14:03,843,DOWN_BLUE,77.0,5.212439772229523,0.17520805957074026,0.7456140350877193,45.0
20260615,0,09:03,543,UP_RED,51.0,2.155741311042675,0.2639683238011439,,
20260615,1,09:54,594,DOWN_BLUE,93.0,1.6919739696312366,0.5206073752711496,2.155741311042675,51.0
20260615,2,11:27,687,UP_RED,72.0,0.700218818380744,0.087527352297593,1.6919739696312366,93.0
20260615,3,12:39,759,DOWN_BLUE,33.0,0.08741258741258741,0.743006993006993,0.700218818380744,72.0
20260615,4,13:12,792,UP_RED,27.0,0.3472222222222222,0.1736111111111111,0.08741258741258741,33.0
20260615,5,13:39,819,DOWN_BLUE,90.0,1.1708586296617518,0.17346053772766695,0.3472222222222222,27.0
20260615,6,15:09,909,UP_RED,11.0,0.13066202090592335,0.6097560975609756,1.1708586296617518,90.0
20260616,0,09:42,582,DOWN_BLUE,51.0,2.9711375212224107,0.36078098471986414,,
20260616,1,10:33,633,UP_RED,69.0,1.0702054794520548,0.12842465753424656,2.9711375212224107,51.0
20260616,2,11:42,702,DOWN_BLUE,45.0,0.6998939554612937,0.10604453870625664,1.0702054794520548,69.0
20260616,3,12:27,747,UP_RED,18.0,1.0173802458668928,0.0,0.6998939554612937,45.0
20260616,4,12:45,765,DOWN_BLUE,84.0,0.797649034424853,0.08396305625524769,1.0173802458668928,18.0
20260616,5,14:09,849,UP_RED,24.0,0.42105263157894735,0.042105263157894736,0.797649034424853,84.0
20260616,6,14:33,873,DOWN_BLUE,39.0,0.3799071338117349,0.33769523005487545,0.42105263157894735,24.0
20260616,7,15:12,912,UP_RED,8.0,0.0,0.33613445378151263,0.3799071338117349,39.0
20260617,0,09:39,579,DOWN_BLUE,36.0,0.251994960100798,0.9659806803863923,,
20260617,1,10:15,615,UP_RED,30.0,0.8735440931780365,0.2911813643926789,0.251994960100798,36.0
20260617,2,10:45,645,DOWN_BLUE,42.0,0.37453183520599254,0.5409904286308781,0.8735440931780365,30.0
20260617,3,11:27,687,UP_RED,6.0,0.0,0.24834437086092717,0.37453183520599254,42.0
20260617,4,11:33,693,DOWN_BLUE,75.0,0.29057700290577004,0.29057700290577004,0.0,6.0
20260617,5,12:48,768,UP_RED,87.0,3.399668325041459,0.08291873963515754,0.29057700290577004,75.0
20260617,6,14:15,855,DOWN_BLUE,9.0,0.2815768302493966,0.4827031375703942,3.399668325041459,87.0
20260617,7,14:24,864,UP_RED,6.0,0.2407704654895666,0.0,0.2815768302493966,9.0
20260617,8,14:30,870,DOWN_BLUE,9.0,0.24009603841536614,0.4801920768307323,0.2407704654895666,6.0
20260617,9,14:39,879,UP_RED,12.0,0.0397456279809221,0.43720190779014306,0.24009603841536614,9.0
20260617,10,14:51,891,DOWN_BLUE,29.0,0.2798880447820872,0.8796481407437026,0.0397456279809221,12.0
20260618,0,09:03,543,UP_RED,45.0,1.6544824932666409,0.5771450557906888,,
20260618,1,09:48,588,DOWN_BLUE,81.0,2.1615472127417523,0.07584376185058779,1.6544824932666409,45.0
20260618,2,11:09,669,UP_RED,21.0,0.26697177726926014,0.2288329519450801,2.1615472127417523,81.0
20260618,3,11:30,690,DOWN_BLUE,18.0,0.07633587786259542,0.6870229007633588,0.26697177726926014,21.0
20260618,4,11:48,708,UP_RED,30.0,0.8352315869400152,0.07593014426727411,0.07633587786259542,18.0
20260618,5,12:18,738,DOWN_BLUE,12.0,0.22735884804850323,0.7199696854869269,0.8352315869400152,30.0
20260618,6,12:30,750,UP_RED,3.0,0.3383458646616541,0.15037593984962408,0.22735884804850323,12.0
20260618,7,12:33,753,DOWN_BLUE,111.0,0.33783783783783783,1.3888888888888888,0.3383458646616541,3.0
20260618,8,14:24,864,UP_RED,51.0,1.7087667161961366,0.44576523031203563,0.33783783783783783,111.0
20260618,9,15:15,915,DOWN_BLUE,5.0,0.36954915003695493,0.40650406504065045,1.7087667161961366,51.0
20260619,0,09:03,543,UP_RED,36.0,0.31678986272439286,2.2175290390707496,,
20260619,1,09:39,579,DOWN_BLUE,42.0,0.24734982332155478,1.7314487632508833,0.31678986272439286,36.0
20260619,2,10:21,621,UP_RED,15.0,0.31228313671061764,0.5551700208188758,0.24734982332155478,42.0
20260619,3,10:36,636,DOWN_BLUE,69.0,1.87565126780132,0.19103855505383813,0.31228313671061764,15.0
20260619,4,11:45,705,UP_RED,18.0,0.20942408376963353,0.2792321116928447,1.87565126780132,69.0
20260619,5,12:03,723,DOWN_BLUE,69.0,6.046836770360014,0.10485844110450893,0.20942408376963353,18.0
20260619,6,13:12,792,UP_RED,33.0,1.0137581462708183,1.7740767559739319,6.046836770360014,69.0
20260619,7,13:45,825,DOWN_BLUE,18.0,0.29542097488921715,1.1447562776957163,1.0137581462708183,33.0
20260619,8,14:03,843,UP_RED,36.0,0.8443465491923642,1.2848751835535976,0.29542097488921715,18.0
20260619,9,14:39,879,DOWN_BLUE,6.0,0.4811250925240563,0.7401924500370096,0.8443465491923642,36.0
20260619,10,14:45,885,UP_RED,35.0,3.1914893617021276,0.18341892883345562,0.4811250925240563,6.0
20260622,0,09:12,552,DOWN_BLUE,15.0,0.3271537622682661,1.7084696474009449,,
20260622,1,09:27,567,UP_RED,69.0,5.216148624508754,0.3215434083601286,0.3271537622682661,15.0
20260622,2,10:36,636,DOWN_BLUE,102.0,1.0638297872340425,0.8236101578586137,5.216148624508754,69.0
20260622,3,12:18,738,UP_RED,36.0,0.6515775034293553,0.2743484224965706,1.0638297872340425,102.0
20260622,4,12:54,774,DOWN_BLUE,69.0,2.2953066118533743,0.1370332305584104,0.6515775034293553,36.0
20260622,5,14:03,843,UP_RED,54.0,1.1142061281337048,0.24373259052924792,2.2953066118533743,69.0
20260622,6,14:57,897,DOWN_BLUE,9.0,0.10413051023950018,0.9024644220756682,1.1142061281337048,54.0
20260622,7,15:06,906,UP_RED,14.0,0.5505849965588437,0.13764624913971094,0.10413051023950018,9.0
20260623,0,09:51,591,UP_RED,6.0,0.48763497039359105,0.522466039707419,,
20260623,1,09:57,597,DOWN_BLUE,3.0,0.38394415357766143,0.24432809773123912,0.48763497039359105,6.0
20260623,2,10:00,600,UP_RED,30.0,0.6650332516625832,0.7000350017500875,0.38394415357766143,3.0
20260623,3,10:30,630,DOWN_BLUE,45.0,3.140437544107269,0.17642907551164433,0.6650332516625832,30.0
20260623,4,11:15,675,UP_RED,72.0,0.0,2.053314121037464,3.140437544107269,45.0
20260623,5,12:27,747,DOWN_BLUE,24.0,1.9174041297935103,0.2949852507374631,0.0,72.0
20260623,6,12:51,771,UP_RED,33.0,1.322556943423953,1.1756061719324025,1.9174041297935103,24.0
20260623,7,13:24,804,DOWN_BLUE,116.0,6.14359733530718,0.24056254626202814,1.322556943423953,33.0
20260624,0,09:57,597,DOWN_BLUE,39.0,2.6325686348251223,0.5641218503196691,,
20260624,1,10:36,636,UP_RED,27.0,0.3762227238525207,1.1662904439428141,2.6325686348251223,39.0
20260624,2,11:03,663,DOWN_BLUE,84.0,7.012888551933283,0.265352539802881,0.3762227238525207,27.0
20260624,3,12:27,747,UP_RED,48.0,1.2759170653907497,1.5151515151515151,7.012888551933283,84.0
20260624,4,13:15,795,DOWN_BLUE,21.0,1.1258544431041415,0.08041817450743868,1.2759170653907497,48.0
20260624,5,13:36,816,UP_RED,69.0,6.372745490981964,0.561122244488978,1.1258544431041415,21.0
20260624,6,14:45,885,DOWN_BLUE,35.0,1.5267175572519083,0.45801526717557256,6.372745490981964,69.0
20260625,0,09:03,543,UP_RED,45.0,1.2207882804325079,0.17439832577607256,,
20260625,1,09:48,588,DOWN_BLUE,228.0,5.310344827586206,3.103448275862069,1.2207882804325079,45.0
20260625,2,13:36,816,UP_RED,104.0,5.6078147612156295,0.10853835021707671,5.310344827586206,228.0
20260626,0,09:03,543,DOWN_BLUE,171.0,8.713984539704848,0.07027406886858749,,
20260626,1,11:54,714,UP_RED,105.0,10.467791411042946,0.03834355828220859,8.713984539704848,171.0
20260626,2,13:39,819,DOWN_BLUE,101.0,6.442577030812324,0.1400560224089636,10.467791411042946,105.0
20260629,0,09:33,573,UP_RED,246.0,3.0233448143895907,3.788748564867968,,
20260629,1,13:39,819,DOWN_BLUE,101.0,2.0141738157403952,0.07459903021260723,3.0233448143895907,246.0
20260630,0,09:24,564,UP_RED,150.0,4.529881994670728,0.15226494099733537,,
20260630,1,11:54,714,DOWN_BLUE,105.0,7.236842105263158,0.07309941520467836,4.529881994670728,150.0
20260630,2,13:39,819,UP_RED,101.0,3.7588097102584186,0.15661707126076743,7.236842105263158,105.0
20260701,0,09:18,558,DOWN_BLUE,156.0,5.515678126180582,0.22667170381564036,,
20260701,1,11:54,714,UP_RED,105.0,8.732057416267942,0.11961722488038277,5.515678126180582,156.0
20260701,2,13:39,819,DOWN_BLUE,101.0,5.288461538461538,0.07396449704142012,8.732057416267942,105.0
20260702,0,09:42,582,UP_RED,234.0,6.233766233766234,5.454545454545454,,
20260702,1,13:36,816,DOWN_BLUE,104.0,9.810387469084914,0.08244023083264633,6.233766233766234,234.0
20260703,0,09:09,549,UP_RED,165.0,11.131221719457013,0.04524886877828054,,
20260703,1,11:54,714,DOWN_BLUE,102.0,16.42769356820975,0.24580090126997134,11.131221719457013,165.0
20260703,2,13:36,816,UP_RED,104.0,16.546416546416545,0.24050024050024052,16.42769356820975,102.0
20260706,0,09:18,558,DOWN_BLUE,159.0,5.836415947390053,0.2055076037813399,,
20260706,1,11:57,717,UP_RED,102.0,8.503253796095445,0.2603036876355748,5.836415947390053,159.0
20260706,2,13:39,819,DOWN_BLUE,101.0,5.486083098023396,0.12101653892698667,8.503253796095445,102.0
20260707,0,09:48,588,UP_RED,231.0,5.15695067264574,6.816143497757847,,
20260707,1,13:39,819,DOWN_BLUE,101.0,5.3717232488182205,0.21486892995272885,5.15695067264574,231.0
20260708,0,09:39,579,UP_RED,237.0,10.478899952584163,1.6121384542437174,,
20260708,1,13:36,816,DOWN_BLUE,104.0,10.060711188204683,0.21682567215958368,10.478899952584163,237.0
20260709,0,09:03,543,UP_RED,48.0,0.1797752808988764,1.7977528089887642,,
20260709,1,09:51,591,DOWN_BLUE,126.0,4.435299497027892,0.09144947416552354,0.1797752808988764,48.0
20260709,2,11:57,717,UP_RED,102.0,8.083689966714218,0.1902044698050404,4.435299497027892,126.0
20260709,3,13:39,819,DOWN_BLUE,101.0,3.361344537815126,0.08845643520566121,8.083689966714218,102.0
20260710,0,09:03,543,UP_RED,39.0,0.26166593981683384,1.3083296990841693,,
20260710,1,09:42,582,DOWN_BLUE,135.0,4.46113074204947,0.08833922261484099,0.26166593981683384,39.0
20260710,2,11:57,717,UP_RED,102.0,6.117755289788408,0.09199632014719411,4.46113074204947,135.0
20260710,3,13:39,819,DOWN_BLUE,101.0,4.8886948930597995,0.08729812309035355,6.117755289788408,102.0
20260713,0,09:57,597,UP_RED,219.0,6.033630069238378,9.149357072205737,,
20260713,1,13:36,816,DOWN_BLUE,104.0,12.665406427221171,0.1890359168241966,6.033630069238378,219.0
20260714,0,09:18,558,UP_RED,159.0,5.555555555555555,0.10893246187363835,,
20260714,1,11:57,717,DOWN_BLUE,99.0,12.760416666666666,0.15625,5.555555555555555,159.0
20260714,2,13:36,816,UP_RED,104.0,12.5956444967628,0.17657445556209533,12.760416666666666,99.0
20260715,0,09:42,582,DOWN_BLUE,93.0,2.3573785950023574,1.0843941537010844,,
20260715,1,11:15,675,UP_RED,12.0,0.0,0.6563525550867323,2.3573785950023574,93.0
20260715,2,11:27,687,DOWN_BLUE,63.0,0.28328611898017,1.1803588290840417,0.0,12.0
20260715,3,12:30,750,UP_RED,45.0,1.3781826676010278,0.116795141322121,0.28328611898017,63.0
20260715,4,13:15,795,DOWN_BLUE,99.0,3.4786641929499074,0.34786641929499074,1.3781826676010278,45.0
20260715,5,14:54,894,UP_RED,26.0,1.335240820219361,0.33381020505484027,3.4786641929499074,99.0
20260716,0,09:03,543,DOWN_BLUE,48.0,2.7440633245382586,0.9498680738786279,,
20260716,1,09:51,591,UP_RED,150.0,1.7344173441734418,1.1924119241192412,2.7440633245382586,48.0
20260716,2,12:21,741,DOWN_BLUE,42.0,0.967741935483871,0.0,1.7344173441734418,150.0
20260716,3,13:03,783,UP_RED,6.0,0.0,0.3779697624190065,0.967741935483871,42.0
20260716,4,13:09,789,DOWN_BLUE,6.0,0.0,0.596529284164859,0.0,6.0
20260716,5,13:15,795,UP_RED,6.0,0.0,0.6482982171799028,0.0,6.0
20260716,6,13:21,801,DOWN_BLUE,33.0,0.4899292324442025,0.16330974414806748,0.0,6.0
20260716,7,13:54,834,UP_RED,51.0,3.0501089324618738,0.0,0.4899292324442025,33.0
20260716,8,14:45,885,DOWN_BLUE,35.0,1.4008620689655173,1.0775862068965518,3.0501089324618738,51.0
20260720,0,09:15,555,UP_RED,36.0,0.9081196581196582,1.4957264957264957,,
20260720,1,09:51,591,DOWN_BLUE,36.0,1.9881783987103707,0.0,0.9081196581196582,36.0
20260720,2,10:27,627,UP_RED,3.0,0.0,0.9189189189189189,1.9881783987103707,36.0
20260720,3,10:30,630,DOWN_BLUE,39.0,3.7301151947339553,0.0,0.0,3.0
20260720,4,11:09,669,UP_RED,12.0,0.0,1.9487750556792873,3.7301151947339553,39.0
20260720,5,11:21,681,DOWN_BLUE,3.0,0.17006802721088435,0.3968253968253968,0.0,12.0
20260720,6,11:24,684,UP_RED,3.0,0.0,0.6798866855524079,0.17006802721088435,3.0
20260720,7,11:27,687,DOWN_BLUE,6.0,0.39727582292849034,1.0215664018161181,0.0,3.0
20260720,8,11:33,693,UP_RED,102.0,1.4021312394840157,1.065619742007852,0.39727582292849034,6.0
20260720,9,13:15,795,DOWN_BLUE,18.0,0.170261066969353,2.0431328036322363,1.4021312394840157,102.0
20260720,10,13:33,813,UP_RED,33.0,1.0555555555555556,0.6111111111111112,0.170261066969353,18.0
20260720,11,14:06,846,DOWN_BLUE,74.0,1.8435754189944136,0.11173184357541899,1.0555555555555556,33.0
20260721,0,09:18,558,UP_RED,96.0,4.183154324477106,0.05652911249293386,,
20260721,1,10:54,654,DOWN_BLUE,51.0,1.477024070021882,0.2188183807439825,4.183154324477106,96.0
20260721,2,11:45,705,UP_RED,87.0,3.280481137233461,0.38272279934390374,1.477024070021882,51.0
20260721,3,13:12,792,DOWN_BLUE,96.0,2.5026624068157615,0.1597444089456869,3.280481137233461,87.0
20260721,4,14:48,888,UP_RED,32.0,0.5396654074473827,0.6475984889368591,2.5026624068157615,96.0
20260722,0,09:42,582,DOWN_BLUE,168.0,3.170608958228485,0.8052340211373931,,
20260722,1,12:30,750,UP_RED,66.0,0.6670087224217547,0.6157003591585428,3.170608958228485,168.0
20260722,2,13:36,816,DOWN_BLUE,78.0,4.627249357326478,0.0,0.6670087224217547,66.0
20260722,3,14:54,894,UP_RED,12.0,0.6472491909385114,0.7551240560949299,4.627249357326478,78.0
20260722,4,15:06,906,DOWN_BLUE,9.0,0.1632208922742111,0.38084874863982593,0.6472491909385114,12.0
20260722,5,15:15,915,UP_RED,5.0,0.10887316276537834,0.2721829069134458,0.1632208922742111,9.0
20260723,0,10:24,624,DOWN_BLUE,81.0,3.699843668577384,0.0,,
20260723,1,11:45,705,UP_RED,81.0,2.1878335112059766,0.42689434364994666,3.699843668577384,81.0
20260723,2,13:06,786,DOWN_BLUE,15.0,0.052994170641229466,1.2188659247482776,2.1878335112059766,81.0
20260723,3,13:21,801,UP_RED,30.0,0.6263048016701461,0.20876826722338201,0.052994170641229466,15.0
20260723,4,13:51,831,DOWN_BLUE,39.0,1.0460251046025104,0.889121338912134,0.6263048016701461,30.0
20260723,5,14:30,870,UP_RED,15.0,0.20725388601036268,1.1398963730569949,1.0460251046025104,39.0
20260723,6,14:45,885,DOWN_BLUE,35.0,0.5252100840336135,0.42016806722689076,0.20725388601036268,15.0
20260724,0,11:54,714,UP_RED,105.0,7.9112122936824125,0.11383039271485487,,
20260724,1,13:39,819,DOWN_BLUE,101.0,6.386375731772219,0.15965939329430548,7.9112122936824125,105.0
20260727,0,09:03,543,UP_RED,78.0,0.33076074972436603,0.2205071664829107,,
20260727,1,10:21,621,DOWN_BLUE,195.0,6.215621562156215,0.27502750275027504,0.33076074972436603,78.0
20260727,2,13:36,816,UP_RED,104.0,5.88235294117647,0.17472335468841002,6.215621562156215,195.0
20260728,0,09:03,543,DOWN_BLUE,54.0,2.1686746987951806,0.12048192771084339,,
20260728,1,09:57,597,UP_RED,222.0,3.1384615384615384,4.7384615384615385,2.1686746987951806,54.0
20260728,2,13:39,819,DOWN_BLUE,101.0,6.626506024096386,0.12048192771084339,3.1384615384615384,222.0
20260729,0,11:54,714,UP_RED,105.0,28.7758346581876,0.39745627980922094,,
20260729,1,13:39,819,DOWN_BLUE,101.0,12.037617554858935,0.12539184952978058,28.7758346581876,105.0
20260730,0,09:33,573,UP_RED,243.0,8.463251670378618,4.528582034149963,,
20260730,1,13:36,816,DOWN_BLUE,104.0,8.569454042847271,0.138217000691085,8.463251670378618,243.0
20260731,0,09:03,543,UP_RED,42.0,0.17699115044247787,1.6519174041297935,,
20260731,1,09:45,585,DOWN_BLUE,138.0,5.0359712230215825,0.05995203836930455,0.17699115044247787,42.0
20260731,2,12:03,723,UP_RED,96.0,6.3125,0.125,5.0359712230215825,138.0
20260731,3,13:39,819,DOWN_BLUE,101.0,2.244536326048435,0.05906674542232723,6.3125,96.0
20260803,0,09:42,582,UP_RED,51.0,2.322661644695543,0.6905210295040803,,
20260803,1,10:33,633,DOWN_BLUE,12.0,0.9457755359394703,0.5674653215636822,2.322661644695543,51.0
20260803,2,10:45,645,UP_RED,48.0,1.829652996845426,0.5047318611987383,0.9457755359394703,12.0
20260803,3,11:33,693,DOWN_BLUE,9.0,0.3134796238244514,0.6269592476489028,1.829652996845426,48.0
20260803,4,11:42,702,UP_RED,6.0,0.2495321272613849,0.7485963817841547,0.3134796238244514,9.0
20260803,5,11:48,708,DOWN_BLUE,18.0,0.18808777429467086,0.5015673981191223,0.2495321272613849,6.0
20260803,6,12:06,726,UP_RED,3.0,0.37593984962406013,0.06265664160401002,0.18808777429467086,18.0
20260803,7,12:09,729,DOWN_BLUE,36.0,1.128526645768025,0.06269592476489029,0.37593984962406013,3.0
20260803,8,12:45,765,UP_RED,18.0,0.6926952141057935,0.5667506297229219,1.128526645768025,36.0
20260803,9,13:03,783,DOWN_BLUE,6.0,0.12642225031605564,0.5056890012642226,0.6926952141057935,18.0
20260803,10,13:09,789,UP_RED,33.0,1.3249211356466877,0.1892744479495268,0.12642225031605564,6.0
20260803,11,13:42,822,DOWN_BLUE,45.0,0.8207070707070708,0.3787878787878788,1.3249211356466877,33.0
20260803,12,14:27,867,UP_RED,33.0,0.6309148264984227,0.4416403785488959,0.8207070707070708,45.0
20260803,13,15:00,900,DOWN_BLUE,20.0,1.2017710309930425,0.1265022137887413,0.6309148264984227,33.0
20260804,0,09:03,543,UP_RED,21.0,0.18438844499078058,3.872157344806392,,
20260804,1,09:24,564,DOWN_BLUE,57.0,6.3171193935565375,0.12634238787113075,0.18438844499078058,21.0
20260804,2,10:21,621,UP_RED,57.0,5.036447978793903,0.5964214711729622,6.3171193935565375,57.0
20260804,3,11:18,678,DOWN_BLUE,75.0,1.7555266579973992,0.7802340702210664,5.036447978793903,57.0
20260804,4,12:33,753,UP_RED,24.0,0.06506180871828238,1.3012361743656473,1.7555266579973992,75.0
20260804,5,12:57,777,DOWN_BLUE,30.0,1.3157894736842104,0.19736842105263158,0.06506180871828238,24.0
20260804,6,13:27,807,UP_RED,15.0,0.19736842105263158,1.0526315789473684,1.3157894736842104,30.0
20260804,7,13:42,822,DOWN_BLUE,12.0,0.19946808510638298,0.598404255319149,0.19736842105263158,15.0
20260804,8,13:54,834,UP_RED,21.0,0.3304692663582287,1.3218770654329148,0.19946808510638298,12.0
20260804,9,14:15,855,DOWN_BLUE,6.0,0.332667997338656,0.4657351962741184,0.3304692663582287,21.0
20260804,10,14:21,861,UP_RED,59.0,4.701986754966887,0.33112582781456956,0.332667997338656,6.0
20260805,0,09:42,582,DOWN_BLUE,75.0,2.544378698224852,0.2366863905325444,,
20260805,1,10:57,657,UP_RED,12.0,0.6543723973825104,0.6543723973825104,2.544378698224852,75.0
20260805,2,11:09,669,DOWN_BLUE,54.0,1.1370436864153202,0.3590664272890485,0.6543723973825104,12.0
20260805,3,12:03,723,UP_RED,72.0,0.8955223880597015,0.2985074626865672,1.1370436864153202,54.0
20260805,4,13:15,795,DOWN_BLUE,27.0,0.713436385255648,0.5945303210463734,0.8955223880597015,72.0
20260805,5,13:42,822,UP_RED,39.0,0.23612750885478156,0.5903187721369539,0.713436385255648,27.0
20260805,6,14:21,861,DOWN_BLUE,48.0,0.9461856889414548,0.2365464222353637,0.23612750885478156,39.0
20260805,7,15:09,909,UP_RED,11.0,0.1768867924528302,0.9433962264150944,0.9461856889414548,48.0
20260806,0,09:03,543,DOWN_BLUE,60.0,4.410838059231255,0.945179584120983,,
20260806,1,10:03,603,UP_RED,123.0,2.046204620462046,0.6600660066006601,4.410838059231255,60.0
20260806,2,12:06,726,DOWN_BLUE,78.0,1.3779527559055118,0.39370078740157477,2.046204620462046,123.0
20260806,3,13:24,804,UP_RED,21.0,0.5952380952380952,1.0582010582010581,1.3779527559055118,78.0
20260806,4,13:45,825,DOWN_BLUE,15.0,0.2663115845539281,0.4660452729693742,0.5952380952380952,21.0
20260806,5,14:00,840,UP_RED,36.0,1.3616738625041516,0.23248090335436733,0.2663115845539281,15.0
20260806,6,14:36,876,DOWN_BLUE,44.0,1.6600265604249667,0.199203187250996,1.3616738625041516,36.0
20260807,0,09:03,543,UP_RED,18.0,0.5215123859191656,3.3246414602346808,,
20260807,1,09:21,561,DOWN_BLUE,39.0,2.546916890080429,0.2680965147453083,0.5215123859191656,18.0
20260807,2,10:00,600,UP_RED,12.0,0.6089309878213802,1.5561569688768606,2.546916890080429,39.0
20260807,3,10:12,612,DOWN_BLUE,42.0,3.094910591471802,0.2751031636863824,0.6089309878213802,12.0
20260807,4,10:54,654,UP_RED,90.0,1.119664100769769,0.5598320503848845,3.094910591471802,42.0
20260807,5,12:24,744,DOWN_BLUE,57.0,0.7719298245614036,0.5614035087719298,1.119664100769769,90.0
20260807,6,13:21,801,UP_RED,30.0,0.2099370188943317,0.979706088173548,0.7719298245614036,57.0
20260807,7,13:51,831,DOWN_BLUE,12.0,0.2826855123674912,0.6360424028268552,0.2099370188943317,30.0
20260807,8,14:03,843,UP_RED,36.0,0.633356790992259,0.211118930330753,0.2826855123674912,12.0
20260807,9,14:39,879,DOWN_BLUE,39.0,0.42283298097251587,0.3523608174770966,0.633356790992259,36.0
20260807,10,15:18,918,UP_RED,2.0,0.21126760563380279,0.14084507042253522,0.42283298097251587,39.0
20260810,0,09:42,582,DOWN_BLUE,69.0,0.9728978457261988,0.9728978457261988,,
20260810,1,10:51,651,UP_RED,15.0,0.0687757909215956,1.3067400275103165,0.9728978457261988,69.0
20260810,2,11:06,666,DOWN_BLUE,42.0,1.1789181692094313,0.48543689320388345,0.0687757909215956,15.0
20260810,3,11:48,708,UP_RED,39.0,0.34602076124567477,0.6920415224913495,1.1789181692094313,42.0
20260810,4,12:27,747,DOWN_BLUE,21.0,0.20920502092050208,0.4881450488145049,0.34602076124567477,39.0
20260810,5,12:48,768,UP_RED,24.0,0.34770514603616137,0.2086230876216968,0.20920502092050208,21.0
20260810,6,13:12,792,DOWN_BLUE,39.0,2.0876826722338206,0.20876826722338201,0.34770514603616137,24.0
20260810,7,13:51,831,UP_RED,48.0,1.1315417256011315,1.2022630834512023,2.0876826722338206,39.0
20260810,8,14:39,879,DOWN_BLUE,18.0,0.28328611898017,0.56657223796034,1.1315417256011315,48.0
20260810,9,14:57,897,UP_RED,23.0,0.7751937984496124,0.6342494714587738,0.28328611898017,18.0
20260811,0,09:03,543,DOWN_BLUE,48.0,1.7130620985010707,0.6423982869379015,,
20260811,1,09:51,591,UP_RED,87.0,2.96028880866426,0.8664259927797834,1.7130620985010707,48.0
20260811,2,11:18,678,DOWN_BLUE,30.0,0.56657223796034,0.49575070821529743,2.96028880866426,87.0
20260811,3,11:48,708,UP_RED,33.0,1.1299435028248588,0.07062146892655367,0.56657223796034,30.0
20260811,4,12:21,741,DOWN_BLUE,3.0,0.4905395935529082,0.2803083391730904,1.1299435028248588,33.0
20260811,5,12:24,744,UP_RED,45.0,1.0482180293501049,0.20964360587002098,0.4905395935529082,3.0
20260811,6,13:09,789,DOWN_BLUE,24.0,0.34770514603616137,0.9735744089012517,1.0482180293501049,45.0
20260811,7,13:33,813,UP_RED,3.0,0.13812154696132595,0.2762430939226519,0.34770514603616137,24.0
20260811,8,13:36,816,DOWN_BLUE,3.0,0.3103448275862069,0.06896551724137931,0.13812154696132595,3.0
20260811,9,13:39,819,UP_RED,6.0,0.13802622498274672,0.4140786749482402,0.3103448275862069,3.0
20260811,10,13:45,825,DOWN_BLUE,6.0,0.27605244996549344,0.4140786749482402,0.13802622498274672,6.0
20260811,11,13:51,831,UP_RED,3.0,0.06887052341597796,0.4820936639118457,0.27605244996549344,6.0
20260811,12,13:54,834,DOWN_BLUE,72.0,1.6597510373443984,0.13831258644536654,0.06887052341597796,3.0
20260811,13,15:06,906,UP_RED,14.0,0.2789400278940028,0.41841004184100417,1.6597510373443984,72.0
20260812,0,09:45,585,DOWN_BLUE,36.0,0.9281540048126504,0.6531454107940873,,
20260812,1,10:21,621,UP_RED,6.0,0.205761316872428,0.411522633744856,0.9281540048126504,36.0
20260812,2,10:27,627,DOWN_BLUE,3.0,0.411240575736806,0.5483207676490748,0.205761316872428,6.0
20260812,3,10:30,630,UP_RED,117.0,5.878332194121668,0.3417634996582365,0.411240575736806,3.0
20260812,4,12:27,747,DOWN_BLUE,126.0,3.225806451612903,0.35842293906810035,5.878332194121668,117.0
20260812,5,14:33,873,UP_RED,47.0,0.4657351962741184,0.39920159680638717,3.225806451612903,126.0
20260813,0,09:42,582,DOWN_BLUE,135.0,0.9944064636420136,1.1187072715972655,,
20260813,1,11:57,717,UP_RED,36.0,0.3094059405940594,0.3094059405940594,0.9944064636420136,135.0
20260813,2,12:33,753,DOWN_BLUE,18.0,0.06207324643078833,0.6828057107386716,0.3094059405940594,36.0
20260813,3,12:51,771,UP_RED,30.0,0.6781750924784217,0.4932182490752158,0.06207324643078833,18.0
20260813,4,13:21,801,DOWN_BLUE,39.0,0.4339739615623063,0.24798512089274644,0.6781750924784217,30.0
20260813,5,14:00,840,UP_RED,21.0,0.37243947858473,0.186219739292365,0.4339739615623063,39.0
20260813,6,14:21,861,DOWN_BLUE,54.0,1.9888129272840271,0.1243008079552517,0.37243947858473,21.0
20260813,7,15:15,915,UP_RED,5.0,0.5667506297229219,0.12594458438287154,1.9888129272840271,54.0
20260814,0,09:48,588,DOWN_BLUE,78.0,3.098927294398093,0.17878426698450536,,
20260814,1,11:06,666,UP_RED,48.0,1.1564211807668898,0.24345709068776628,3.098927294398093,78.0
20260814,2,11:54,714,DOWN_BLUE,33.0,0.5484460694698354,0.30469226081657524,1.1564211807668898,48.0
20260814,3,12:27,747,UP_RED,36.0,0.30432136335970783,0.5477784540474742,0.5484460694698354,33.0
20260814,4,13:03,783,DOWN_BLUE,12.0,0.12232415902140673,0.672782874617737,0.30432136335970783,36.0
20260814,5,13:15,795,UP_RED,42.0,0.9720534629404617,0.060753341433778855,0.12232415902140673,12.0
20260814,6,13:57,837,DOWN_BLUE,39.0,1.2688821752265862,0.060422960725075525,0.9720534629404617,42.0
20260814,7,14:36,876,UP_RED,30.0,0.3022974607013301,0.7255139056831923,1.2688821752265862,39.0
20260814,8,15:06,906,DOWN_BLUE,14.0,0.2736394040741867,0.09121313469139557,0.3022974607013301,30.0
20260818,0,09:03,543,UP_RED,51.0,2.9885057471264367,0.28735632183908044,,
20260818,1,09:54,594,DOWN_BLUE,129.0,5.762711864406779,0.5649717514124294,2.9885057471264367,51.0
20260818,2,12:03,723,UP_RED,33.0,0.178359096313912,1.9024970273483945,5.762711864406779,129.0
20260818,3,12:36,756,DOWN_BLUE,3.0,0.48250904704463204,0.48250904704463204,0.178359096313912,33.0
20260818,4,12:39,759,UP_RED,93.0,2.4009603841536618,0.36014405762304924,0.48250904704463204,3.0
20260818,5,14:12,852,DOWN_BLUE,63.0,2.4390243902439024,0.0594883997620464,2.4009603841536618,93.0
20260818,6,15:15,915,UP_RED,5.0,0.18072289156626506,0.3614457831325301,2.4390243902439024,63.0
20260819,0,09:06,546,DOWN_BLUE,21.0,1.5081967213114755,0.45901639344262296,,
20260819,1,09:27,567,UP_RED,99.0,3.3842070338420704,0.19907100199071004,1.5081967213114755,21.0
20260819,2,11:06,666,DOWN_BLUE,45.0,0.7832898172323759,0.06527415143603134,3.3842070338420704,99.0
20260819,3,11:51,711,UP_RED,39.0,0.19672131147540983,0.6557377049180327,0.7832898172323759,45.0
20260819,4,12:30,750,DOWN_BLUE,24.0,0.5270092226613966,0.1976284584980237,0.19672131147540983,39.0
20260819,5,12:54,774,UP_RED,21.0,0.09884678747940692,0.4942339373970346,0.5270092226613966,24.0
20260819,6,13:15,795,DOWN_BLUE,9.0,0.13227513227513227,0.5291005291005291,0.09884678747940692,21.0
20260819,7,13:24,804,UP_RED,21.0,0.26367831245880025,0.5932762030323006,0.13227513227513227,9.0
20260819,8,13:45,825,DOWN_BLUE,18.0,0.2652519893899204,0.5305039787798408,0.26367831245880025,21.0
20260819,9,14:03,843,UP_RED,36.0,0.1977587343441002,0.7251153592617008,0.2652519893899204,18.0
20260819,10,14:39,879,DOWN_BLUE,41.0,1.5894039735099337,0.06622516556291391,0.1977587343441002,36.0
20260820,0,09:21,561,UP_RED,63.0,2.8151774785801713,1.346389228886169,,
20260820,1,10:24,624,DOWN_BLUE,15.0,0.30102347983142685,1.1438892233594222,2.8151774785801713,63.0
20260820,2,10:39,639,UP_RED,21.0,1.1904761904761905,0.17857142857142858,0.30102347983142685,15.0
20260820,3,11:00,660,DOWN_BLUE,3.0,0.35566093657379966,0.5927682276229994,1.1904761904761905,21.0
20260820,4,11:03,663,UP_RED,9.0,0.2359882005899705,0.35398230088495575,0.35566093657379966,3.0
20260820,5,11:12,672,DOWN_BLUE,66.0,1.1262596324836989,0.2963841138114997,0.2359882005899705,9.0
20260820,6,12:18,738,UP_RED,18.0,0.05913660555884093,0.5322294500295683,1.1262596324836989,66.0
20260820,7,12:36,756,DOWN_BLUE,6.0,0.11876484560570072,0.35629453681710216,0.05913660555884093,18.0
20260820,8,12:42,762,UP_RED,51.0,1.8946121965660152,0.0,0.11876484560570072,6.0
20260820,9,13:33,813,DOWN_BLUE,63.0,1.6441573693482088,0.4110393423370522,1.8946121965660152,51.0
20260820,10,14:36,876,UP_RED,6.0,0.17772511848341233,0.2962085308056872,1.6441573693482088,63.0
20260820,11,14:42,882,DOWN_BLUE,24.0,1.3633669235328987,0.35566093657379966,0.17772511848341233,6.0
20260820,12,15:06,906,UP_RED,14.0,0.589622641509434,0.294811320754717,1.3633669235328987,24.0
20260821,0,09:06,546,UP_RED,63.0,3.988269794721408,0.5278592375366569,,
20260821,1,10:09,609,DOWN_BLUE,9.0,0.1724137931034483,1.6091954022988506,3.988269794721408,63.0
20260821,2,10:18,618,UP_RED,12.0,0.28328611898017,0.623229461756374,0.1724137931034483,9.0
20260821,3,10:30,630,DOWN_BLUE,66.0,1.4212620807276861,0.22740193291642977,0.28328611898017,12.0
20260821,4,11:36,696,UP_RED,30.0,0.3977272727272727,0.2840909090909091,1.4212620807276861,66.0
20260821,5,12:06,726,DOWN_BLUE,105.0,1.653363740022805,0.34207525655644244,0.3977272727272727,30.0
20260821,6,13:51,831,UP_RED,54.0,0.34522439585730724,0.34522439585730724,1.653363740022805,105.0
20260821,7,14:45,885,DOWN_BLUE,35.0,0.6340057636887608,0.0,0.34522439585730724,54.0
20260824,0,09:54,594,UP_RED,42.0,0.9122006841505131,0.5701254275940707,,
20260824,1,10:36,636,DOWN_BLUE,54.0,2.586206896551724,0.5172413793103449,0.9122006841505131,42.0
20260824,2,11:30,690,UP_RED,24.0,0.4653868528214078,1.2798138452588714,2.586206896551724,54.0
20260824,3,11:54,714,DOWN_BLUE,3.0,0.29394473838918284,0.5291005291005291,0.4653868528214078,24.0
20260824,4,11:57,717,UP_RED,6.0,0.08787346221441124,0.5272407732864675,0.29394473838918284,3.0
20260824,5,12:03,723,DOWN_BLUE,36.0,1.646090534979424,0.11757789535567313,0.08787346221441124,6.0
20260824,6,12:39,759,UP_RED,81.0,1.0975971521803618,0.6229605458320974,1.646090534979424,36.0
20260824,7,14:00,840,DOWN_BLUE,12.0,0.059206631142687975,0.9473060982830076,1.0975971521803618,81.0
20260824,8,14:12,852,UP_RED,9.0,0.23515579071134626,0.6466784244562023,0.059206631142687975,12.0
20260824,9,14:21,861,DOWN_BLUE,57.0,1.2418687167356592,0.11827321111768185,0.23515579071134626,9.0
20260824,10,15:18,918,UP_RED,2.0,0.178359096313912,0.05945303210463733,1.2418687167356592,57.0
20260825,0,09:03,543,DOWN_BLUE,27.0,2.198492462311558,0.5653266331658292,,
20260825,1,09:30,570,UP_RED,108.0,1.3215859030837005,1.2586532410320956,2.198492462311558,27.0
20260825,2,11:18,678,DOWN_BLUE,3.0,0.18808777429467086,0.3134796238244514,1.3215859030837005,108.0
20260825,3,11:21,681,UP_RED,6.0,0.4394224733207784,0.06277463904582549,0.18808777429467086,3.0
20260825,4,11:27,687,DOWN_BLUE,6.0,0.06289308176100629,0.628930817610063,0.4394224733207784,6.0
20260825,5,11:33,693,UP_RED,6.0,0.06253908692933083,0.5628517823639775,0.06289308176100629,6.0
20260825,6,11:39,699,DOWN_BLUE,33.0,0.5021971123666039,0.5021971123666039,0.06253908692933083,6.0
20260825,7,12:12,732,UP_RED,45.0,1.5644555694618274,0.18773466833541927,0.5021971123666039,33.0
20260825,8,12:57,777,DOWN_BLUE,6.0,0.2482929857231533,0.74487895716946,1.5644555694618274,45.0
20260825,9,13:03,783,UP_RED,48.0,2.0345252774352653,0.12330456226880394,0.2482929857231533,6.0
20260825,10,13:51,831,DOWN_BLUE,30.0,0.18315018315018314,1.465201465201465,2.0345252774352653,48.0
20260825,11,14:21,861,UP_RED,59.0,1.203369434416366,0.18050541516245489,0.18315018315018314,30.0
20260826,0,10:18,618,UP_RED,9.0,0.23612750885478156,0.8264462809917356,,
20260826,1,10:27,627,DOWN_BLUE,42.0,0.5357142857142857,0.4761904761904762,0.23612750885478156,9.0
20260826,2,11:09,669,UP_RED,251.0,3.0897207367795603,0.11883541295306002,0.5357142857142857,42.0
20260827,0,09:33,573,DOWN_BLUE,54.0,2.455739577384352,0.05711022272986865,,
20260827,1,10:27,627,UP_RED,21.0,0.2302820955670697,0.7484168105929765,2.455739577384352,54.0
20260827,2,10:48,648,DOWN_BLUE,3.0,0.20231213872832368,0.2890173410404624,0.2302820955670697,21.0
20260827,3,10:51,651,UP_RED,39.0,0.8064516129032258,0.1152073732718894,0.20231213872832368,3.0
20260827,4,11:30,690,DOWN_BLUE,9.0,0.05747126436781609,0.5459770114942528,0.8064516129032258,39.0
20260827,5,11:39,699,UP_RED,3.0,0.05717552887364208,0.2858776443682104,0.05747126436781609,9.0
20260827,6,11:42,702,DOWN_BLUE,12.0,0.11467889908256881,0.8027522935779817,0.05717552887364208,3.0
20260827,7,11:54,714,UP_RED,18.0,0.17103762827822122,0.3990877993158495,0.11467889908256881,12.0
20260827,8,12:12,732,DOWN_BLUE,72.0,0.6872852233676976,0.572737686139748,0.17103762827822122,18.0
20260827,9,13:24,804,UP_RED,12.0,0.1146131805157593,0.6876790830945558,0.6872852233676976,72.0
20260827,10,13:36,816,DOWN_BLUE,75.0,1.2672811059907834,0.28801843317972353,0.1146131805157593,12.0
20260827,11,14:51,891,UP_RED,3.0,0.1744186046511628,0.29069767441860467,1.2672811059907834,75.0
20260827,12,14:54,894,DOWN_BLUE,21.0,0.4076878276062901,0.34944670937682004,0.1744186046511628,3.0
20260827,13,15:15,915,UP_RED,5.0,0.11627906976744186,0.1744186046511628,0.4076878276062901,21.0
20260828,0,09:06,546,DOWN_BLUE,18.0,0.05924170616113744,1.2440758293838863,,
20260828,1,09:24,564,UP_RED,48.0,0.9066978648727698,0.3217315004387248,0.05924170616113744,18.0
20260828,2,10:12,612,DOWN_BLUE,24.0,0.4681100058513751,0.4681100058513751,0.9066978648727698,48.0
20260828,3,10:36,636,UP_RED,3.0,0.3510825043885313,0.11702750146284377,0.4681100058513751,24.0
20260828,4,10:39,639,DOWN_BLUE,24.0,0.23446658851113714,0.3516998827667058,0.3510825043885313,3.0
20260828,5,11:03,663,UP_RED,9.0,0.1756440281030445,0.351288056206089,0.23446658851113714,24.0
20260828,6,11:12,672,DOWN_BLUE,3.0,0.23446658851113714,0.11723329425556857,0.1756440281030445,9.0
20260828,7,11:15,675,UP_RED,15.0,0.11695906432748539,0.46783625730994155,0.23446658851113714,3.0
20260828,8,11:30,690,DOWN_BLUE,9.0,0.35211267605633806,0.05868544600938967,0.11695906432748539,15.0
20260828,9,11:39,699,UP_RED,57.0,0.05885815185403178,0.7651559741024131,0.35211267605633806,9.0
20260828,10,12:36,756,DOWN_BLUE,18.0,0.5931198102016607,0.2372479240806643,0.05885815185403178,57.0
20260828,11,12:54,774,UP_RED,45.0,0.3544004725339634,0.7088009450679268,0.5931198102016607,18.0
20260828,12,13:39,819,DOWN_BLUE,21.0,0.20777678836449986,0.14841199168892846,0.3544004725339634,45.0
20260828,13,14:00,840,UP_RED,3.0,0.05941770647653001,0.17825311942959002,0.20777678836449986,21.0
20260828,14,14:03,843,DOWN_BLUE,27.0,0.6539833531510106,0.11890606420927466,0.05941770647653001,3.0
20260828,15,14:30,870,UP_RED,9.0,0.11926058437686345,0.2981514609421586,0.6539833531510106,27.0
20260828,16,14:39,879,DOWN_BLUE,18.0,0.059844404548174746,0.2992220227408737,0.11926058437686345,9.0
20260828,17,14:57,897,UP_RED,12.0,0.05970149253731343,0.5373134328358209,0.059844404548174746,18.0
20260828,18,15:09,909,DOWN_BLUE,11.0,0.2999400119976005,0.23995200959808036,0.05970149253731343,12.0
20260831,0,09:03,543,DOWN_BLUE,12.0,0.6297229219143577,0.8816120906801008,,
20260831,1,09:15,555,UP_RED,48.0,2.12367270455965,0.5621486570893192,0.6297229219143577,12.0
20260831,2,10:03,603,DOWN_BLUE,27.0,0.5628517823639775,0.4377736085053158,2.12367270455965,48.0
20260831,3,10:30,630,UP_RED,63.0,1.1852776044915783,0.12476606363069245,0.5628517823639775,27.0
20260831,4,11:33,693,DOWN_BLUE,27.0,0.2484472049689441,0.5590062111801243,1.1852776044915783,63.0
20260831,5,12:00,720,UP_RED,36.0,0.8019740900678594,0.12338062924120913,0.2484472049689441,27.0
20260831,6,12:36,756,DOWN_BLUE,63.0,0.9821976672805401,0.06138735420503376,0.8019740900678594,36.0
20260831,7,13:39,819,UP_RED,57.0,2.211302211302211,0.36855036855036855,0.9821976672805401,63.0
20260831,8,14:36,876,DOWN_BLUE,44.0,0.6056935190793459,0.7268322228952151,2.211302211302211,57.0
20260903,0,09:15,555,DOWN_BLUE,27.0,0.7371007371007371,0.18427518427518427,,
20260903,1,09:42,582,UP_RED,75.0,1.1713933415536375,0.36991368680641185,0.7371007371007371,27.0
20260903,2,10:57,657,DOWN_BLUE,18.0,0.12315270935960591,0.49261083743842365,1.1713933415536375,75.0
20260903,3,11:15,675,UP_RED,12.0,0.1226993865030675,0.3067484662576687,0.12315270935960591,18.0
20260903,4,11:27,687,DOWN_BLUE,3.0,0.18427518427518427,0.06142506142506143,0.1226993865030675,12.0
20260903,5,11:30,690,UP_RED,3.0,0.0,0.1841620626151013,0.18427518427518427,3.0
20260903,6,11:33,693,DOWN_BLUE,3.0,0.06146281499692685,0.1229256299938537,0.0,3.0
20260903,7,11:36,696,UP_RED,3.0,0.1229256299938537,0.1229256299938537,0.06146281499692685,3.0
20260903,8,11:39,699,DOWN_BLUE,18.0,0.1229256299938537,0.1229256299938537,0.1229256299938537,3.0
20260903,9,11:57,717,UP_RED,203.0,0.24554941682013504,0.06138735420503376,0.1229256299938537,18.0
20260904,0,10:00,600,DOWN_BLUE,75.0,0.8547008547008548,0.4273504273504274,,
20260904,1,11:15,675,UP_RED,24.0,0.06097560975609756,0.548780487804878,0.8547008547008548,75.0
20260904,2,11:39,699,DOWN_BLUE,15.0,0.30599755201958384,0.24479804161566704,0.06097560975609756,24.0
20260904,3,11:54,714,UP_RED,42.0,0.36607687614399026,0.18303843807199513,0.30599755201958384,15.0
20260904,4,12:36,756,DOWN_BLUE,6.0,0.1218769043266301,0.2437538086532602,0.36607687614399026,42.0
20260904,5,12:42,762,UP_RED,3.0,0.06082725060827251,0.06082725060827251,0.1218769043266301,6.0
20260904,6,12:45,765,DOWN_BLUE,3.0,0.12165450121654502,0.0,0.06082725060827251,3.0
20260904,7,12:48,768,UP_RED,63.0,1.3077858880778588,0.06082725060827251,0.12165450121654502,3.0
20260904,8,13:51,831,DOWN_BLUE,9.0,0.060168471720818295,0.421179302045728,1.3077858880778588,63.0
20260904,9,14:00,840,UP_RED,3.0,0.15015015015015015,0.21021021021021022,0.060168471720818295,9.0
20260904,10,14:03,843,DOWN_BLUE,6.0,0.15006002400960386,0.42016806722689076,0.15015015015015015,3.0
20260904,11,14:09,849,UP_RED,24.0,0.5980861244019139,0.05980861244019139,0.15006002400960386,6.0
20260904,12,14:33,873,DOWN_BLUE,47.0,2.0274299344066784,0.0,0.5980861244019139,24.0
20260907,0,09:03,543,UP_RED,15.0,0.5169442848937392,0.34462952326249285,,
20260907,1,09:18,558,DOWN_BLUE,132.0,0.4595060310166571,0.4595060310166571,0.5169442848937392,15.0
20260907,2,11:30,690,UP_RED,69.0,0.4016064257028112,0.17211703958691912,0.4595060310166571,132.0
20260907,3,12:39,759,DOWN_BLUE,24.0,0.05724098454493417,0.40068689181453926,0.4016064257028112,69.0
20260907,4,13:03,783,UP_RED,39.0,1.0832383124287344,0.05701254275940707,0.05724098454493417,24.0
20260907,5,13:42,822,DOWN_BLUE,84.0,0.5093378607809848,0.6791171477079796,1.0832383124287344,39.0
20260907,6,15:06,906,UP_RED,14.0,0.281214848143982,0.1687289088863892,0.5093378607809848,84.0
20260908,0,09:06,546,DOWN_BLUE,6.0,0.39040713887339656,0.33463469046291133,,
20260908,1,09:12,552,UP_RED,57.0,3.0470914127423825,0.6094182825484765,0.39040713887339656,6.0
20260908,2,10:09,609,DOWN_BLUE,126.0,0.864397622906537,0.7563479200432199,3.0470914127423825,57.0
20260908,3,12:15,735,UP_RED,57.0,1.2875536480686696,0.0536480686695279,0.864397622906537,126.0
20260908,4,13:12,792,DOWN_BLUE,128.0,4.986737400530504,0.15915119363395225,1.2875536480686696,57.0
20260909,0,09:12,552,UP_RED,84.0,2.417582417582418,0.27472527472527475,,
20260909,1,10:36,636,DOWN_BLUE,48.0,1.1278195488721803,0.10741138560687433,2.417582417582418,84.0
20260909,2,11:24,684,UP_RED,15.0,0.482315112540193,0.1607717041800643,1.1278195488721803,48.0
20260909,3,11:39,699,DOWN_BLUE,108.0,2.185501066098081,0.26652452025586354,0.482315112540193,15.0
20260909,4,13:27,807,UP_RED,45.0,0.7551240560949299,0.2157497303128371,2.185501066098081,108.0
20260909,5,14:12,852,DOWN_BLUE,36.0,0.8086253369272237,0.215633423180593,0.7551240560949299,45.0
20260909,6,14:48,888,UP_RED,32.0,0.21551724137931033,0.26939655172413796,0.8086253369272237,36.0
20260910,0,10:36,636,UP_RED,99.0,2.535832414553473,0.05512679162072767,,
20260910,1,12:15,735,DOWN_BLUE,63.0,0.6479481641468683,0.10799136069114472,2.535832414553473,99.0
20260910,2,13:18,798,UP_RED,54.0,0.8112493239588967,0.16224986479177933,0.6479481641468683,63.0
20260910,3,14:12,852,DOWN_BLUE,12.0,0.0,0.48569886670264434,0.8112493239588967,54.0
20260910,4,14:24,864,UP_RED,27.0,0.6993006993006993,0.0,0.0,12.0
20260910,5,14:51,891,DOWN_BLUE,29.0,0.16181229773462785,0.593311758360302,0.6993006993006993,27.0
20260911,0,09:06,546,DOWN_BLUE,9.0,0.44943820224719105,0.16853932584269662,,
20260911,1,09:15,555,UP_RED,75.0,1.0129431626336522,0.39392234102419804,0.44943820224719105,9.0
20260911,2,10:30,630,DOWN_BLUE,3.0,0.33707865168539325,0.05617977528089888,1.0129431626336522,75.0
20260911,3,10:33,633,UP_RED,63.0,0.7299270072992701,0.22459292532285235,0.33707865168539325,3.0
20260911,4,11:36,696,DOWN_BLUE,21.0,0.11210762331838565,0.2802690582959641,0.7299270072992701,63.0
20260911,5,11:57,717,UP_RED,3.0,0.05595970900951316,0.16787912702853947,0.11210762331838565,21.0
20260911,6,12:00,720,DOWN_BLUE,42.0,0.6162464985994398,0.16806722689075632,0.05595970900951316,3.0
20260911,7,12:42,762,UP_RED,81.0,1.4565826330532212,0.44817927170868344,0.6162464985994398,42.0
20260911,8,14:03,843,DOWN_BLUE,42.0,0.11166945840312675,0.8375209380234505,1.4565826330532212,81.0
20260911,9,14:45,885,UP_RED,35.0,1.3311148086522462,0.055463117027176934,0.11166945840312675,42.0
20260914,0,09:27,567,UP_RED,132.0,1.2216404886561953,1.3961605584642234,,
20260914,1,11:39,699,DOWN_BLUE,111.0,1.2716763005780347,0.40462427745664736,1.2216404886561953,132.0
20260914,2,13:30,810,UP_RED,3.0,0.05841121495327102,0.11682242990654204,1.2716763005780347,111.0
20260914,3,13:33,813,DOWN_BLUE,3.0,0.029256875365710942,0.17554125219426564,0.05841121495327102,3.0
20260914,4,13:36,816,UP_RED,21.0,0.05837711617046118,0.4086398131932283,0.029256875365710942,3.0
20260914,5,13:57,837,DOWN_BLUE,3.0,0.05858230814294083,0.17574692442882248,0.05837711617046118,21.0
20260914,6,14:00,840,UP_RED,12.0,0.0,0.40887850467289716,0.05858230814294083,3.0
20260914,7,14:12,852,DOWN_BLUE,27.0,0.5278592375366569,0.05865102639296188,0.0,12.0
20260914,8,14:39,879,UP_RED,15.0,0.17595307917888564,0.5865102639296188,0.5278592375366569,27.0
20260914,9,14:54,894,DOWN_BLUE,6.0,0.1767825574543312,0.05892751915144372,0.17595307917888564,15.0
20260914,10,15:00,900,UP_RED,3.0,0.29515938606847697,0.05903187721369539,0.1767825574543312,6.0
20260914,11,15:03,903,DOWN_BLUE,17.0,0.29550827423167847,0.4728132387706856,0.29515938606847697,3.0
20260915,0,09:06,546,DOWN_BLUE,18.0,0.0,1.6023738872403561,,
20260915,1,09:24,564,UP_RED,27.0,0.5830903790087464,0.5830903790087464,0.0,18.0
20260915,2,09:51,591,DOWN_BLUE,33.0,0.5269320843091335,0.6440281030444965,0.5830903790087464,27.0
20260915,3,10:24,624,UP_RED,18.0,0.17482517482517482,0.7575757575757576,0.5269320843091335,33.0
20260915,4,10:42,642,DOWN_BLUE,45.0,0.05868544600938967,0.6455399061032864,0.17482517482517482,18.0
20260915,5,11:27,687,UP_RED,39.0,0.8168028004667445,0.0,0.05868544600938967,45.0
20260915,6,12:06,726,DOWN_BLUE,99.0,1.801278326554329,0.11621150493898895,0.8168028004667445,39.0
20260915,7,13:45,825,UP_RED,12.0,0.05885815185403178,0.5885815185403178,1.801278326554329,99.0
20260915,8,13:57,837,DOWN_BLUE,36.0,0.948429164196799,0.17783046828689983,0.05885815185403178,12.0
20260915,9,14:33,873,UP_RED,39.0,0.47393364928909953,0.5924170616113744,0.948429164196799,36.0
20260915,10,15:12,912,DOWN_BLUE,6.0,0.2972651605231867,0.47562425683709864,0.47393364928909953,39.0
20260915,11,15:18,918,UP_RED,2.0,0.11855364552459988,0.0,0.2972651605231867,6.0
20260916,0,09:03,543,UP_RED,57.0,1.584507042253521,0.4694835680751174,,
20260916,1,10:00,600,DOWN_BLUE,72.0,0.8134805345729227,0.08715862870424172,1.584507042253521,57.0
20260916,2,11:12,672,UP_RED,3.0,0.23364485981308408,0.11682242990654204,0.8134805345729227,72.0
20260916,3,11:15,675,DOWN_BLUE,6.0,0.11682242990654204,0.29205607476635514,0.23364485981308408,3.0
20260916,4,11:21,681,UP_RED,72.0,1.1085180863477246,0.05834305717619603,0.11682242990654204,6.0
20260916,5,12:33,753,DOWN_BLUE,15.0,0.17381228273464658,0.4055619930475087,1.1085180863477246,72.0
20260916,6,12:48,768,UP_RED,42.0,0.8650519031141869,0.11534025374855825,0.17381228273464658,15.0
20260916,7,13:30,810,DOWN_BLUE,66.0,0.6314580941446613,0.1722158438576349,0.8650519031141869,42.0
20260916,8,14:36,876,UP_RED,3.0,0.05750431282346176,0.17251293847038526,0.6314580941446613,66.0
20260916,9,14:39,879,DOWN_BLUE,3.0,0.05750431282346176,0.28752156411730884,0.05750431282346176,3.0
20260916,10,14:42,882,UP_RED,38.0,0.8600917431192661,0.22935779816513763,0.05750431282346176,3.0
20260917,0,09:09,549,DOWN_BLUE,48.0,0.8566533409480296,0.2569960022844089,,
20260917,1,09:57,597,UP_RED,48.0,0.6853226727584237,0.17133066818960593,0.8566533409480296,48.0
20260917,2,10:45,645,DOWN_BLUE,57.0,0.8551881413911061,0.05701254275940707,0.6853226727584237,48.0
20260917,3,11:42,702,UP_RED,117.0,0.9730967372638809,0.34344590726960506,0.8551881413911061,57.0
20260917,4,13:39,819,DOWN_BLUE,3.0,0.11344299489506524,0.22688598979013047,0.9730967372638809,117.0
20260917,5,13:42,822,UP_RED,21.0,0.2826455624646693,0.395703787450537,0.11344299489506524,3.0
20260917,6,14:03,843,DOWN_BLUE,75.0,1.2471655328798186,0.2834467120181406,0.2826455624646693,21.0
20260917,7,15:18,918,UP_RED,2.0,0.057273768613974804,0.11454753722794961,1.2471655328798186,75.0
20260918,0,09:03,543,DOWN_BLUE,12.0,0.16556291390728478,0.6070640176600441,,
20260918,1,09:15,555,UP_RED,9.0,0.05482456140350877,0.43859649122807015,0.16556291390728478,12.0
20260918,2,09:24,564,DOWN_BLUE,144.0,0.43931905546403077,0.3844041735310269,0.05482456140350877,9.0
20260918,3,11:48,708,UP_RED,3.0,0.0,0.10964912280701754,0.43931905546403077,144.0
20260918,4,11:51,711,DOWN_BLUE,6.0,0.0,0.21953896816684962,0.0,3.0
20260918,5,11:57,717,UP_RED,84.0,1.3143483023001095,0.10952902519167579,0.0,6.0
20260918,6,13:21,801,DOWN_BLUE,114.0,0.7579859231185706,0.2165674066053059,1.3143483023001095,84.0
20260918,7,15:15,915,UP_RED,5.0,0.16260162601626016,0.3252032520325203,0.7579859231185706,114.0
20260921,0,09:54,594,UP_RED,45.0,0.9125067096081589,0.0,,
20260921,1,10:39,639,DOWN_BLUE,3.0,0.10660980810234541,0.15991471215351813,0.9125067096081589,45.0
20260921,2,10:42,642,UP_RED,6.0,0.10649627263045794,0.21299254526091588,0.10660980810234541,3.0
20260921,3,10:48,648,DOWN_BLUE,66.0,0.48025613660619,0.16008537886872998,0.10649627263045794,6.0
20260921,4,11:54,714,UP_RED,42.0,0.3741314804917157,0.10689470871191875,0.48025613660619,66.0
20260921,5,12:36,756,DOWN_BLUE,18.0,0.053475935828877004,0.37433155080213903,0.3741314804917157,42.0
20260921,6,12:54,774,UP_RED,24.0,0.10660980810234541,0.15991471215351813,0.053475935828877004,18.0
20260921,7,13:18,798,DOWN_BLUE,3.0,0.07987220447284345,0.0,0.10660980810234541,24.0
20260921,8,13:21,801,UP_RED,12.0,0.05324813631522897,0.26624068157614483,0.07987220447284345,3.0
20260921,9,13:33,813,DOWN_BLUE,69.0,0.64,0.16,0.05324813631522897,12.0
20260921,10,14:42,882,UP_RED,18.0,0.1070090957731407,0.26752273943285176,0.64,69.0
20260921,11,15:00,900,DOWN_BLUE,20.0,0.3749330476700589,0.05356186395286556,0.1070090957731407,18.0
20260922,0,09:03,543,UP_RED,27.0,0.4151530877010898,0.3632589517384536,,
20260922,1,09:30,570,DOWN_BLUE,96.0,1.0373443983402488,0.3630705394190871,0.4151530877010898,27.0
20260922,2,11:06,666,UP_RED,9.0,0.10427528675703858,0.4171011470281543,1.0373443983402488,96.0
20260922,3,11:15,675,DOWN_BLUE,12.0,0.052273915316257184,0.31364349189754315,0.10427528675703858,9.0
20260922,4,11:27,687,UP_RED,6.0,0.026062027625749284,0.3388063591347407,0.052273915316257184,12.0
20260922,5,11:33,693,DOWN_BLUE,6.0,0.052246603970741906,0.20898641588296762,0.026062027625749284,6.0
20260922,6,11:39,699,UP_RED,33.0,0.15641293013555788,0.10427528675703858,0.052246603970741906,6.0
20260922,7,12:12,732,DOWN_BLUE,114.0,2.97339593114241,0.05216484089723526,0.15641293013555788,33.0
20260922,8,14:06,846,UP_RED,12.0,0.16034206306787815,1.015499732763228,2.97339593114241,114.0
20260922,9,14:18,858,DOWN_BLUE,27.0,0.9729729729729729,0.16216216216216214,0.16034206306787815,12.0
20260922,10,14:45,885,UP_RED,35.0,0.7583965330444203,0.3250270855904659,0.9729729729729729,27.0
20260923,0,10:15,615,UP_RED,24.0,0.2140181915462814,0.7490636704119851,,
20260923,1,10:39,639,DOWN_BLUE,48.0,1.2358946802794197,0.05373455131649651,0.2140181915462814,24.0
20260923,2,11:27,687,UP_RED,9.0,0.21727322107550243,0.27159152634437805,1.2358946802794197,48.0
20260923,3,11:36,696,DOWN_BLUE,3.0,0.13598041881968997,0.13598041881968997,0.21727322107550243,9.0
20260923,4,11:39,699,UP_RED,78.0,0.9244154431756388,0.0,0.13598041881968997,3.0
20260923,5,12:57,777,DOWN_BLUE,15.0,0.16260162601626016,0.43360433604336046,0.9244154431756388,78.0
20260923,6,13:12,792,UP_RED,18.0,0.1620745542949757,0.2701242571582928,0.16260162601626016,15.0
20260923,7,13:30,810,DOWN_BLUE,3.0,0.05408328826392645,0.18929150892374255,0.1620745542949757,18.0
20260923,8,13:33,813,UP_RED,24.0,0.10793308148947653,0.21586616297895306,0.05408328826392645,3.0
20260923,9,13:57,837,DOWN_BLUE,45.0,0.4326663061114116,0.1081665765278529,0.10793308148947653,24.0
20260923,10,14:42,882,UP_RED,38.0,0.7038440714672441,0.10828370330265295,0.4326663061114116,45.0
20260928,0,09:06,546,DOWN_BLUE,21.0,0.821917808219178,0.1095890410958904,,
20260928,1,09:27,567,UP_RED,15.0,0.21990104452996154,0.6597031335898845,0.821917808219178,21.0
20260928,2,09:42,582,DOWN_BLUE,51.0,2.101769911504425,0.27654867256637167,0.21990104452996154,15.0
20260928,3,10:33,633,UP_RED,129.0,0.16769144773616546,1.0620458356623812,2.101769911504425,51.0
20260928,4,12:42,762,DOWN_BLUE,6.0,0.0,0.4509582863585118,0.16769144773616546,129.0
20260928,5,12:48,768,UP_RED,18.0,0.11223344556677892,0.44893378226711567,0.0,6.0
20260928,6,13:06,786,DOWN_BLUE,9.0,0.056338028169014086,0.39436619718309857,0.11223344556677892,18.0
20260928,7,13:15,795,UP_RED,33.0,0.5614823133071308,0.0,0.056338028169014086,9.0
20260928,8,13:48,828,DOWN_BLUE,69.0,0.3925967470555244,0.3925967470555244,0.5614823133071308,33.0
20260928,9,14:57,897,UP_RED,23.0,0.2808988764044944,0.16853932584269662,0.3925967470555244,69.0
20260929,0,09:03,543,UP_RED,48.0,0.7323943661971831,0.9014084507042254,,
20260929,1,09:51,591,DOWN_BLUE,42.0,0.4527447651386531,0.4527447651386531,0.7323943661971831,48.0
20260929,2,10:33,633,UP_RED,36.0,0.4514672686230248,0.2257336343115124,0.4527447651386531,42.0
20260929,3,11:09,669,DOWN_BLUE,12.0,0.05652911249293386,0.5087620124364047,0.4514672686230248,36.0
20260929,4,11:21,681,UP_RED,3.0,0.16910935738444194,0.16910935738444194,0.05652911249293386,12.0
20260929,5,11:24,684,DOWN_BLUE,3.0,0.0564334085778781,0.16930022573363432,0.16910935738444194,3.0
20260929,6,11:27,687,UP_RED,3.0,0.1128031584884377,0.1128031584884377,0.0564334085778781,3.0
20260929,7,11:30,690,DOWN_BLUE,33.0,0.33860045146726864,0.16930022573363432,0.1128031584884377,3.0
20260929,8,12:03,723,UP_RED,9.0,0.1128668171557562,0.33860045146726864,0.33860045146726864,33.0
20260929,9,12:12,732,DOWN_BLUE,33.0,0.2829654782116582,0.1697792869269949,0.1128668171557562,9.0
20260929,10,12:45,765,UP_RED,6.0,0.05662514156285391,0.33975084937712347,0.2829654782116582,33.0
20260929,11,12:51,771,DOWN_BLUE,42.0,0.6246450880181714,0.0,0.05662514156285391,6.0
20260929,12,13:33,813,UP_RED,54.0,0.228310502283105,0.5136986301369862,0.6246450880181714,42.0
20260929,13,14:27,867,DOWN_BLUE,53.0,0.45871559633027525,0.05733944954128441,0.228310502283105,54.0
20260930,0,09:03,543,UP_RED,21.0,0.4439511653718091,0.6104328523862376,,
20260930,1,09:24,564,DOWN_BLUE,3.0,0.3882418191902385,0.33277870216306155,0.4439511653718091,21.0
20260930,2,09:27,567,UP_RED,21.0,0.7739082365948038,0.2763957987838585,0.3882418191902385,3.0
20260930,3,09:48,588,DOWN_BLUE,126.0,1.553829078801332,0.8324084350721421,0.7739082365948038,21.0
20260930,4,11:54,714,UP_RED,123.0,0.7838745800671892,0.4479283314669653,1.553829078801332,126.0
20260930,5,13:57,837,DOWN_BLUE,39.0,0.8943543879262158,0.4471771939631079,0.7838745800671892,123.0
20260930,6,14:36,876,UP_RED,30.0,0.16703786191536749,0.6124721603563474,0.8943543879262158,39.0
20260930,7,15:06,906,DOWN_BLUE,14.0,0.22408963585434172,0.11204481792717086,0.16703786191536749,30.0
20261001,0,09:15,555,UP_RED,9.0,0.2826455624646693,0.395703787450537,,
20261001,1,09:24,564,DOWN_BLUE,3.0,0.056753688989784334,0.3121452894438138,0.2826455624646693,9.0
20261001,2,09:27,567,UP_RED,6.0,0.05652911249293386,1.0175240248728095,0.056753688989784334,3.0
20261001,3,09:33,573,DOWN_BLUE,9.0,0.17103762827822122,1.1402508551881414,0.05652911249293386,6.0
20261001,4,09:42,582,UP_RED,45.0,0.9024252679075015,0.1692047377326565,0.17103762827822122,9.0
20261001,5,10:27,627,DOWN_BLUE,42.0,0.5621135469364812,0.33726812816188867,0.9024252679075015,45.0
20261001,6,11:09,669,UP_RED,75.0,1.856017997750281,0.05624296962879641,0.5621135469364812,42.0
20261001,7,12:24,744,DOWN_BLUE,39.0,0.3880266075388027,0.4434589800443459,1.856017997750281,75.0
20261001,8,13:03,783,UP_RED,18.0,0.11031439602868175,0.27578599007170435,0.3880266075388027,39.0
20261001,9,13:21,801,DOWN_BLUE,45.0,0.11055831951354339,0.7186290768380321,0.11031439602868175,18.0
20261001,10,14:06,846,UP_RED,36.0,0.2738225629791895,0.21905805038335158,0.11055831951354339,45.0
20261001,11,14:42,882,DOWN_BLUE,38.0,0.16438356164383564,0.3835616438356164,0.2738225629791895,36.0
20261002,0,09:27,567,UP_RED,12.0,0.21691973969631237,0.32537960954446854,,
20261002,1,09:39,579,DOWN_BLUE,18.0,0.38022813688212925,0.38022813688212925,0.21691973969631237,12.0
20261002,2,09:57,597,UP_RED,9.0,0.0,0.5949161709031909,0.38022813688212925,18.0
20261002,3,10:06,606,DOWN_BLUE,51.0,0.6525285481239804,0.3262642740619902,0.0,9.0
20261002,4,10:57,657,UP_RED,30.0,0.21739130434782608,0.32608695652173914,0.6525285481239804,51.0
20261002,5,11:27,687,DOWN_BLUE,21.0,0.16339869281045752,0.16339869281045752,0.21739130434782608,30.0
20261002,6,11:48,708,UP_RED,54.0,0.43478260869565216,0.10869565217391304,0.16339869281045752,21.0
20261002,7,12:42,762,DOWN_BLUE,30.0,0.16286644951140067,0.2714440825190011,0.43478260869565216,54.0
20261002,8,13:12,792,UP_RED,3.0,0.0,0.2165674066053059,0.16286644951140067,30.0
20261002,9,13:15,795,DOWN_BLUE,27.0,0.10857763300760044,0.24429967426710095,0.0,3.0
20261002,10,13:42,822,UP_RED,3.0,0.0,0.10828370330265295,0.10857763300760044,27.0
20261002,11,13:45,825,DOWN_BLUE,95.0,0.05422993492407809,0.10845986984815618,0.0,3.0
