day,pair,rs,krw,q,px_in,xpx,g1.0,g1.5,g2.0,g2.5
20260527,1.109139307897072,TIME_WINDOW_STOP_LOSS,-131793.0,364,28620.0,28260.0,-49631.40000000013,-75357.09999999986,-101082.80000000028,-126808.5
20260527,1.109139307897072,OPPOSITE_SIGNAL,267460.0,426,29335.0,29965.0,-24814.5,-56924.25,-89034.0,-121143.75
20260527,1.109139307897072,TIME_WINDOW_STOP_LOSS,-98355.0,233,29410.0,28990.0,-21086.5,-32299.625,-49279.5,-66259.37500000001
20260528,1.4575971731448762,TIME_WINDOW_TP1_PARTIAL+TIME_WINDOW_TP2_FULL,417316.0,374,27850.0,29010.0,-561.0,-3090.1750000002726,-30611.900000000136,-58133.625
20260528,1.4575971731448762,TIME_WINDOW_STOP_LOSS,-136848.0,293,28470.0,28005.0,20612.55000000011,-212.4250000001066,-21037.40000000032,-41862.375
20260529,0.0,TIME_WINDOW_TP1_PARTIAL+TIME_WINDOW_TP2_FULL,409142.0,713,14625.0,15230.0,-11942.75,-39304.125,-14259.999999999998,-41888.75000000001
20260529,0.0,OPPOSITE_SIGNAL,-117546.0,687,15195.0,15025.0,98017.72500000014,71456.58749999988,44895.44999999962,18334.312499999996
20260601,1.4297729184188397,TIME_WINDOW_STOP_LOSS,-161259.0,683,15285.0,15050.0,-36181.92500000025,-31682.662499999875,-57611.05000000024,-83539.43750000001
20260601,1.4297729184188397,TIME_WINDOW_TP1_PARTIAL+C1_PEAK_PROTECTION_EXIT,450236.0,333,30005.0,31360.0,-22544.100000000242,-48801.15000000037,-75058.19999999987,-101315.24999999999
20260602,1.2136974425661031,TIME_WINDOW_STOP_LOSS,-119404.0,339,30715.0,30365.0,-51468.67500000025,-75533.4375,-101276.25,-127019.0625
20260602,1.2136974425661031,OPPOSITE_SIGNAL,-83309.0,824,15195.0,15095.0,11227.0,8167.89999999955,-23442.79999999985,-55053.49999999999
20260602,1.2136974425661031,OPPOSITE_SIGNAL,-21336.0,192,15510.0,15400.0,-8606.399999999965,-15084.0,-22512.0,-29940.000000000004
20260604,0.7877461706783371,TIME_WINDOW_STOP_LOSS,-231309.0,352,29555.0,28900.0,-7304.0,-32956.0,-4276.799999999871,-30206.000000000004
20260604,0.7877461706783371,TIME_WINDOW_STOP_LOSS,-272562.0,799,15670.0,15330.0,126621.5250000003,128499.17499999987,96758.89999999956,65018.625
20260604,0.7877461706783371,TIME_WINDOW_STOP_LOSS,-36315.0,190,15645.0,15455.0,-11860.750000000035,-3776.25,-11210.0,20425.0
20260605,0.0,TIME_WINDOW_STOP_LOSS,-138033.0,429,24295.0,23975.0,-25943.775000000154,-51785.66249999984,-77627.55000000032,-103469.4375
20260608,0.05175983436853,TIME_WINDOW_TP1_PARTIAL+TIME_WINDOW_TP2_FULL,326002.0,392,21265.0,22140.0,-43394.400000000285,-51577.40000000028,-73343.20000000014,-95109.0
20260608,0.05175983436853,FORCED_LIQUIDATION,144872.0,511,20375.0,20660.0,-52786.299999999625,-75404.4375,54932.5,54932.5
20260609,0.825242718446602,OPPOSITE_SIGNAL,75799.0,464,22455.0,22620.0,-42142.800000000345,-68434.19999999966,-94725.59999999983,447876.00000000006
20260609,0.825242718446602,TIME_WINDOW_AFTERNOON_TP,428391.0,459,22700.0,23635.0,-24705.675000000334,-33891.41249999983,239001.29999999952,210107.25
20260609,0.825242718446602,FORCED_LIQUIDATION,16749.0,348,25655.0,25705.0,-44726.69999999988,-66233.10000000025,10439.999999999998,10439.999999999998
20260610,0.8890968647636874,TIME_WINDOW_STOP_LOSS,-156243.0,438,23800.0,23445.0,-32915.699999999844,-58681.050000000156,-84446.40000000046,-110211.75000000001
20260610,0.8890968647636874,OPPOSITE_SIGNAL,211001.0,883,14175.0,14415.0,-54900.52500000016,-34580.48750000032,-66710.65000000015,301489.31249999994
20260610,0.8890968647636874,TIME_WINDOW_AFTERNOON_TP,282691.0,472,14515.0,15115.0,18065.79999999983,32503.10000000009,14230.799999999828,-4041.5
20260611,3.101145038167939,TIME_WINDOW_STOP_LOSS,-476701.0,652,15990.0,15260.0,21255.200000000237,-3977.2000000002377,-29209.600000000122,-54442.0
20260611,3.101145038167939,TIME_WINDOW_STOP_LOSS,-270680.0,574,21790.0,21320.0,4161.5,-14041.474999999793,-45030.30000000042,-76019.125
20260611,3.101145038167939,TIME_WINDOW_STOP_LOSS,-87135.0,456,15030.0,14840.0,-23677.800000000083,-40646.699999999924,-57615.600000000166,-74584.5
20260612,0.0,TIME_WINDOW_TP1_PARTIAL+TIME_WINDOW_AFTER_TP1_STOP,209553.0,880,11850.0,12050.0,-18171.99999999968,-44858.00000000033,42724.00000000016,15454.999999999998
20260615,1.6919739696312366,OPPOSITE_SIGNAL,216759.0,385,27035.0,27600.0,-34072.5,-60733.74999999999,-87395.0,-114056.25
20260615,1.6919739696312366,TIME_WINDOW_TP1_PARTIAL+TIME_WINDOW_TP2_FULL,415095.0,902,11565.0,12050.0,-766.7000000003281,-28210.04999999967,-55653.39999999984,-83096.75000000001
20260615,1.6919739696312366,TIME_WINDOW_STOP_LOSS,-148518.0,325,27420.0,26965.0,-16469.374999999764,-16107.8125,-20312.5,-20312.5
20260616,1.0702054794520548,TIME_WINDOW_TP1_PARTIAL+TIME_WINDOW_TP2_FULL,414475.0,931,11205.0,11675.0,47038.77499999967,21645.75,-6051.5,-33748.75
20260616,1.0702054794520548,TIME_WINDOW_TP1_PARTIAL+H50_MAX_HOLD_EXIT,396942.0,370,28180.0,29255.0,-45880.0,-72982.5,-96459.00000000028,-37000.00000000001
20260616,1.0702054794520548,TIME_WINDOW_STOP_LOSS,-103156.0,306,29190.0,28855.0,-18398.250000000004,30600.0,30600.0,30600.0
20260617,0.3745318352059925,H50_MAX_HOLD_EXIT,85234.0,351,29670.0,29915.0,-22964.174999999745,177957.0,500175.0,500175.0
20260617,0.3745318352059925,TIME_WINDOW_AFTERNOON_TP,427771.0,347,30015.0,31250.0,-39618.72499999975,-55693.49999999999,262852.5,262852.5
20260618,1.6544824932666409,OPPOSITE_SIGNAL,200233.0,300,34775.0,35445.0,-53167.49999999957,-79751.25000000044,-106335.0000000002,-132918.75
20260618,1.6544824932666409,TIME_WINDOW_TP1_PARTIAL+TIME_WINDOW_TRAILING_STOP,172245.0,1185,8800.0,8910.0,-5865.749999999784,-6236.062499999784,-33002.25000000044,-59768.4375
20260618,1.6544824932666409,H50_MAX_HOLD_EXIT,302939.0,253,35250.0,36450.0,57835.799999999625,53569.58749999982,29891.95000000037,6214.3125
20260619,0.3122831367106176,TIME_WINDOW_STOP_LOSS,-160772.0,252,41280.0,40645.0,-51212.69999999963,-73716.30000000037,-99338.4000000002,-124960.50000000001
20260619,0.3122831367106176,OPPOSITE_SIGNAL,-56768.0,294,42495.0,42305.0,-46180.050000000214,-65047.5,-96285.0,-127522.5
20260619,0.3122831367106176,TIME_WINDOW_STOP_LOSS,-79550.0,163,41985.0,41500.0,-27367.700000000237,-44311.54999999977,-61255.39999999988,-78199.25
20260622,1.0638297872340423,TIME_WINDOW_STOP_LOSS,-305959.0,1327,7860.0,7630.0,-17781.80000000012,-43260.19999999988,-68738.60000000024,-94217.0
20260622,1.0638297872340423,TIME_WINDOW_TP1_PARTIAL+TIME_WINDOW_TP2_FULL,1017179.0,310,40285.0,43575.0,48313.499999999556,13957.750000000451,-20397.99999999977,-54753.75
20260622,1.0638297872340423,TIME_WINDOW_STOP_LOSS,-198311.0,157,43605.0,42345.0,45639.90000000011,28621.09999999989,11602.299999999657,-5416.5
20260623,0.6650332516625832,TIME_WINDOW_TP1_PARTIAL+OPPOSITE_SIGNAL,458740.0,1414,7375.0,7700.0,-47439.70000000025,33246.67499999974,5443.8999999998705,-22358.875
20260623,0.6650332516625832,TIME_WINDOW_BREAKEVEN_STOP,5805.0,1313,7945.0,7950.0,-3446.625,-29788.6875,-56130.75,-82472.8125
20260623,0.6650332516625832,TIME_WINDOW_AFTERNOON_TP,368276.0,1118,7995.0,8325.0,-46536.75,-69805.125,-93073.5,19914.374999999996
20260624,0.3762227238525207,TIME_WINDOW_TP1_PARTIAL+TIME_WINDOW_TP2_FULL,419175.0,1329,7850.0,8180.0,-37909.72500000012,-65170.83749999987,-92431.95000000024,166.125
20260624,0.3762227238525207,TIME_WINDOW_STOP_LOSS,-179831.0,296,35180.0,34575.0,38206.200000000215,12169.299999999783,-13867.59999999957,-39904.5
20260624,0.3762227238525207,TIME_WINDOW_STOP_LOSS,-185704.0,974,9180.0,8990.0,-17264.150000000358,-39288.72499999965,-61313.29999999982,-83337.87499999999
20260625,1.220788280432508,OPPOSITE_SIGNAL,222102.0,782,13340.0,13625.0,287365.4500000003,259008.17499999967,230650.89999999988,202293.625
20260625,1.220788280432508,TIME_WINDOW_STOP_LOSS,-30484.0,209,11875.0,11730.0,-12257.849999999924,-18386.775000000078,-24515.700000000037,-30644.625
20260626,0.0,TIME_WINDOW_TP1_PARTIAL+TIME_WINDOW_TP2_FULL,848881.0,846,12325.0,13330.0,433575.0,402907.5,372240.0,341572.5
20260629,0.0,TIME_WINDOW_STOP_LOSS,-30579.0,190,13035.0,12875.0,-11760.99999999993,-17879.00000000007,-23997.000000000033,-30115.0
20260630,0.0,TIME_WINDOW_TP1_PARTIAL+TIME_WINDOW_TP2_FULL,846130.0,774,13475.0,14570.0,6830.549999999859,-21681.67499999986,-50193.90000000028,-78706.125
20260701,0.0,TIME_WINDOW_TP1_PARTIAL+TIME_WINDOW_TP2_FULL,742614.0,840,12420.0,13430.0,62097.000000000146,33295.49999999985,4493.999999999542,-24307.5
20260702,0.0,TIME_WINDOW_STOP_LOSS,-35699.0,192,12910.0,12725.0,-11740.79999999993,-17851.20000000007,-23961.60000000003,-30072.0
20260703,0.0,TIME_WINDOW_TP1_PARTIAL+TIME_WINDOW_TP2_FULL,409426.0,771,13530.0,14090.0,857814.6000000003,826049.3999999997,794284.2,762519.0
20260706,0.0,TIME_WINDOW_TP1_PARTIAL+TIME_WINDOW_TP2_FULL,408891.0,836,12475.0,12990.0,320208.8999999997,291168.34999999957,262127.80000000016,233087.25
20260708,0.0,TIME_WINDOW_STOP_LOSS,-31199.0,188,13160.0,12995.0,-8958.199999999932,-15082.300000000068,-21206.400000000034,-27330.5
20260709,0.1797752808988764,TIME_WINDOW_STOP_LOSS,-32904.0,187,13270.0,13095.0,-11781.0,-17905.25,-24029.5,-30153.75
20260709,0.1797752808988764,TIME_WINDOW_TP1_PARTIAL+C1_PEAK_PROTECTION_EXIT,794941.0,983,12740.0,13550.0,-64165.32499999963,-97476.73750000035,-130788.15000000017,-164099.56250000003
20260710,0.2616659398168338,TIME_WINDOW_STOP_LOSS,-134545.0,787,13250.0,13080.0,-49521.97500000015,-75266.71249999986,-101011.45000000027,-126756.18749999999
20260710,0.2616659398168338,TIME_WINDOW_TP1_PARTIAL+C1_PEAK_PROTECTION_EXIT,684683.0,992,12625.0,13390.0,-61504.0,-94736.0,-127968.0,-161199.99999999997
20260714,0.0,TIME_WINDOW_TP1_PARTIAL+TIME_WINDOW_TP2_FULL,407315.0,773,13505.0,14060.0,286203.25,257312.375,228421.5,199530.625
20260715,0.0,TIME_WINDOW_STOP_LOSS,-79417.0,283,8760.0,8480.0,-1492.824999999897,66324.58750000005,59896.94999999989,53469.3125
20260715,0.0,TIME_WINDOW_STOP_LOSS,-188820.0,637,19660.0,19365.0,72331.34999999954,40815.77500000047,9300.200000000232,131500.6875
20260715,0.0,TIME_WINDOW_PROFIT_LOCK_STOP,74254.0,601,19845.0,19970.0,-9435.700000000437,-39696.04999999956,-69956.39999999978,-100216.75000000001
20260716,1.7344173441734418,TIME_WINDOW_TP1_PARTIAL+OPPOSITE_SIGNAL,540752.0,976,10690.0,11245.0,-21057.199999999822,-48665.80000000018,-76274.40000000053,-6344.000000000001
20260720,0.9081196581196582,TIME_WINDOW_STOP_LOSS,-254790.0,696,14985.0,14620.0,117937.19999999987,93359.69999999987,67059.59999999961,40759.5
20260720,0.9081196581196582,TIME_WINDOW_TP1_PARTIAL+TIME_WINDOW_TP2_FULL,1186371.0,1105,11335.0,12410.0,-54890.8750000002,-89242.5624999998,-123594.25000000041,-157945.9375
20260720,0.9081196581196582,TIME_WINDOW_STOP_LOSS,-111096.0,553,12405.0,12205.0,-31009.474999999904,-47896.7125000001,-64783.95000000031,-81671.1875
20260721,1.477024070021882,TIME_WINDOW_TP1_PARTIAL+TIME_WINDOW_AFTER_TP1_STOP,214043.0,778,13405.0,13640.0,-53059.59999999986,113908.9249999996,195044.59999999986,166978.25
20260721,1.477024070021882,TIME_WINDOW_AFTERNOON_TP,430515.0,731,14265.0,14855.0,50640.02499999974,22962.5374999996,-4714.949999999867,-32392.437500000004
20260722,0.0,TIME_WINDOW_PROFIT_LOCK_STOP,140445.0,1046,9970.0,10105.0,255224.0,358608.0249999996,329960.6999999998,301313.375
20260723,0.0,TIME_WINDOW_TP1_PARTIAL+C1_PEAK_PROTECTION_EXIT,474933.0,1010,10325.0,10820.0,-54641.00000000037,-81961.49999999964,-49894.00000000055,-77517.5
20260723,0.0,TIME_WINDOW_STOP_LOSS,-94135.0,667,15630.0,15490.0,-26896.774999999878,-52851.41250000012,-78806.05000000037,-104760.6875
20260723,0.0,TIME_WINDOW_STOP_LOSS,-137927.0,572,15640.0,15400.0,-28471.299999999792,-50571.950000000215,-72672.60000000011,-1430.0
20260727,0.330760749724366,OPPOSITE_SIGNAL,12840.0,186,13295.0,13365.0,-8286.300000000034,-14521.949999999964,-20757.600000000064,-26993.25
20260727,0.330760749724366,TIME_WINDOW_TP1_PARTIAL+TIME_WINDOW_TP2_FULL,845406.0,851,12255.0,13250.0,147925.07499999984,118703.86250000016,89482.6499999997,60261.4375
20260728,2.1686746987951806,TIME_WINDOW_TP1_PARTIAL+OPPOSITE_SIGNAL,417947.0,846,12325.0,12820.0,383386.0500000002,354061.57499999984,324737.0999999995,295412.62500000006
20260730,0.0,TIME_WINDOW_STOP_LOSS,-35514.0,191,13010.0,12825.0,-11302.425000000036,-17431.137499999964,-23559.850000000064,-29688.5625
20260731,0.1769911504424778,TIME_WINDOW_STOP_LOSS,-142415.0,787,13255.0,13075.0,-47554.47500000015,-73299.21249999986,-99043.9500000003,-124788.68750000001
20260731,0.1769911504424778,TIME_WINDOW_TP1_PARTIAL+TIME_WINDOW_TP2_FULL,489537.0,983,12735.0,13260.0,246241.5,212082.25000000003,177923.0,143763.75000000003
20260803,0.9457755359394704,TIME_WINDOW_TP1_PARTIAL+TIME_WINDOW_TP2_FULL,100291.0,259,9585.0,9990.0,-12937.049999999954,-19405.575000000048,-24605.000000000004,-31080.0
20260803,0.9457755359394704,TIME_WINDOW_STOP_LOSS,-193078.0,1099,9495.0,9320.0,27667.3250000002,1662.2374999998,-24342.849999999606,-50347.9375
20260803,0.9457755359394704,TIME_WINDOW_STOP_LOSS,-159568.0,1059,9380.0,9230.0,97904.54999999981,72726.8250000002,47549.099999999606,22371.375
20260804,5.036447978793903,TIME_WINDOW_STOP_LOSS,-243751.0,1080,9655.0,9430.0,-50921.99999999961,-76383.0000000004,-101844.0000000002,-127305.0
20260804,5.036447978793903,TIME_WINDOW_BREAKEVEN_STOP,-912.0,1233,10155.0,10155.0,65564.77500000023,33614.66249999978,1664.5499999993272,8785.125000000002
20260804,5.036447978793903,TIME_WINDOW_STOP_LOSS,-80055.0,663,10335.0,10215.0,-4326.074999999759,-21406.612500000243,2121.5999999998794,-15166.125000000002
20260805,0.6543723973825104,TIME_WINDOW_TP1_PARTIAL+TIME_WINDOW_AFTER_TP1_STOP,192009.0,1277,8165.0,8290.0,120899.97500000022,93556.21249999978,66212.45000000046,38868.6875
20260805,0.6543723973825104,TIME_WINDOW_STOP_LOSS,-129845.0,993,10510.0,10380.0,-34332.97499999982,-60188.21250000018,-86043.45000000054,-111898.6875
20260805,0.6543723973825104,TIME_WINDOW_STOP_LOSS,-130846.0,840,10640.0,10485.0,-31562.999999999847,22890.0,420.0,-8399.999999999998
20260806,2.046204620462046,TIME_WINDOW_TP1_PARTIAL+TIME_WINDOW_TP2_FULL,854241.0,1156,9025.0,9765.0,17946.89999999958,-10649.649999999581,-39246.19999999979,-22758.75
20260806,2.046204620462046,TIME_WINDOW_BREAKEVEN_STOP,15200.0,1064,9800.0,9815.0,71553.99999999999,44821.0,18088.0,-8645.000000000002
20260806,2.046204620462046,TIME_WINDOW_STOP_LOSS,-148155.0,894,10000.0,9835.0,-10772.700000000163,98340.0,98340.0,98340.0
20260807,1.119664100769769,TIME_WINDOW_STOP_LOSS,-224601.0,1210,8620.0,8435.0,-30068.500000000437,-55690.24999999956,-81311.99999999978,-106933.74999999999
20260807,1.119664100769769,TIME_WINDOW_TP1_PARTIAL+TIME_WINDOW_TRAILING_STOP,103378.0,989,10130.0,10235.0,54642.25000000001,313747.8875000002,286463.8499999996,319447.00000000006
20260807,1.119664100769769,TIME_WINDOW_TP1_PARTIAL+OPPOSITE_SIGNAL,89141.0,279,10685.0,11005.0,-11208.825000000052,-18905.737499999952,-26602.650000000103,-34299.5625
20260810,0.0687757909215956,TIME_WINDOW_STOP_LOSS,-190593.0,1356,7690.0,7550.0,26001.300000000247,16.949999999753345,-25967.40000000012,-51951.75
20260810,0.0687757909215956,EARLY_TAKE_PROFIT,83327.0,934,10725.0,10815.0,-45882.75,-71159.12499999999,-96435.5,128716.875
20260810,0.0687757909215956,H50_MAX_HOLD_EXIT,301707.0,864,10830.0,11180.0,35100.0,10530.0,-14040.0,-38610.00000000001
20260811,1.7130620985010707,OPPOSITE_SIGNAL,118186.0,915,11405.0,11535.0,-32390.999999999665,40260.0,13267.5,-13725.000000000002
20260811,1.7130620985010707,TIME_WINDOW_STOP_LOSS,-200416.0,1479,7050.0,6915.0,-29173.27499999986,170953.91250000015,267329.25000000006,239875.3125
20260811,1.7130620985010707,H50_MAX_HOLD_EXIT,187668.0,1215,7360.0,7515.0,68617.12499999988,51197.062499999774,27762.749999999887,4328.437500000001
20260812,0.411240575736806,TIME_WINDOW_STOP_LOSS,-128805.0,985,10590.0,10460.0,6993.500000000358,-19059.750000000357,-45113.000000000175,-71166.25
20260813,0.0,EARLY_TAKE_PROFIT,47736.0,879,9490.0,9545.0,-31072.65000000032,-52102.724999999686,-73132.79999999983,-94162.875
20260813,0.0,FORCED_LIQUIDATION,294910.0,1232,8465.0,8705.0,22607.20000000045,-4589.200000000447,-31785.600000000224,-58982.0
20260814,1.1564211807668898,TIME_WINDOW_TP1_PARTIAL+TIME_WINDOW_TP2_FULL,431565.0,1351,7720.0,8060.0,-27695.5,-55053.25,-72481.15000000013,-99889.56249999999
20260814,1.1564211807668898,TIME_WINDOW_STOP_LOSS,-236996.0,1277,8170.0,7985.0,-22539.050000000116,-48174.82499999988,38820.80000000011,12610.375
20260814,1.1564211807668898,TIME_WINDOW_BREAKEVEN_STOP,16014.0,1111,8045.0,8060.0,12970.925000000203,-9707.362500000201,-32385.650000000096,38885.00000000001
20260818,2.9885057471264367,TIME_WINDOW_TP1_PARTIAL+OPPOSITE_SIGNAL,260612.0,950,10985.0,11260.0,-46431.25,-73209.37499999999,-99987.5,-85084.375
20260818,2.9885057471264367,TIME_WINDOW_TP1_PARTIAL+TIME_WINDOW_TP2_FULL,422500.0,1517,6875.0,7170.0,39479.92500000014,56640.98750000014,28747.14999999973,853.3125
20260819,1.5081967213114755,OPPOSITE_SIGNAL,77987.0,1125,9275.0,9345.0,-38643.750000000415,-64996.87499999959,-91349.9999999998,-117703.125
20260819,1.5081967213114755,TIME_WINDOW_TP1_PARTIAL+TIME_WINDOW_TP2_FULL,440645.0,1272,8200.0,8565.0,2194.2000000004628,-25328.700000000466,-12338.399999999769,-40068.0
20260819,1.5081967213114755,H50_MAX_HOLD_EXIT,86737.0,971,9205.0,9295.0,-1869.1750000001766,-10304.737500000178,82535.0,82535.0
20260820,0.3556609365737996,OPPOSITE_SIGNAL,35499.0,1036,10070.0,10105.0,-36959.300000000185,-63208.949999999815,-89458.60000000037,-115708.25
20260820,0.3556609365737996,H50_MAX_HOLD_EXIT,133395.0,1032,10110.0,10240.0,799.7999999996247,-25890.299999999625,-52580.39999999981,-79270.5
20260820,0.3556609365737996,OPPOSITE_SIGNAL,-80479.0,887,10085.0,9995.0,-44327.825000000325,-66491.73749999967,62090.00000000001,62090.00000000001
20260821,0.28328611898017,TIME_WINDOW_TP1_PARTIAL+C1_PEAK_PROTECTION_EXIT,457700.0,1019,10240.0,10690.0,134686.3250000002,106498.23749999981,78310.14999999944,50122.0625
20260821,0.28328611898017,TIME_WINDOW_STOP_LOSS,-214052.0,948,11010.0,10785.0,-37043.09999999983,7358.849999999828,-18628.200000000514,-44615.25
20260821,0.28328611898017,TIME_WINDOW_STOP_LOSS,-28229.0,374,6625.0,6550.0,-1140.700000000068,-5479.100000000035,13071.29999999993,6755.375
20260824,0.9122006841505133,TIME_WINDOW_STOP_LOSS,-153874.0,957,10905.0,10745.0,-27729.075000000346,-53556.11249999967,-79383.14999999983,-105210.1875
20260824,0.9122006841505133,TIME_WINDOW_TP1_PARTIAL+OPPOSITE_SIGNAL,288869.0,1869,6695.0,6850.0,121017.75,88076.625,206244.14999999982,172532.0625
20260825,1.3215859030837005,OPPOSITE_SIGNAL,51800.0,1314,7935.0,7975.0,-36135.00000000001,-62415.0,-46844.100000000115,-73337.625
20260825,1.3215859030837005,TIME_WINDOW_AFTERNOON_TP,357044.0,929,8980.0,9365.0,-13609.849999999662,46844.825000000164,49562.150000000336,267087.5
20260826,0.5357142857142857,TIME_WINDOW_STOP_LOSS,-170208.0,1027,10155.0,9990.0,-25880.39999999981,-51658.100000000195,-64855.049999999625,282425.0
20260826,0.5357142857142857,OPPOSITE_SIGNAL,-123617.0,1753,7140.0,7070.0,-31597.825000000157,-62735.487499999836,-93873.15000000031,-125010.81250000001
20260827,0.2302820955670697,TIME_WINDOW_TP1_PARTIAL+TIME_WINDOW_TP2_FULL,414221.0,1584,6585.0,6860.0,-15127.200000000286,-42490.800000000425,-69854.39999999986,-97218.0
20260827,0.2302820955670697,TIME_WINDOW_STOP_LOSS,-171903.0,978,10665.0,10490.0,89095.80000000035,118130.17500000035,91491.90000000018,64853.625
20260827,0.2302820955670697,H50_MAX_HOLD_EXIT,19539.0,232,10695.0,10780.0,-10208.0,-16472.0,-22736.0,-28999.999999999996
20260828,0.4681100058513751,TIME_WINDOW_STOP_LOSS,-170952.0,1480,7045.0,6930.0,-43955.99999999972,-69634.00000000026,-95312.00000000013,41347.5
20260828,0.4681100058513751,H50_MAX_HOLD_EXIT,62261.0,1805,6935.0,6970.0,111323.37500000032,78991.31249999968,46659.24999999983,14327.187500000002
20260828,0.4681100058513751,FORCED_LIQUIDATION,-33817.0,952,7195.0,7160.0,38080.0,38080.0,38080.0,38080.0
20260831,0.6297229219143577,B3_SL,-111679.0,1305,7990.0,7905.0,-51580.12500000011,-74156.62500000035,-99962.99999999988,-125769.375
20260831,0.6297229219143577,TIME_WINDOW_TP1_PARTIAL+TIME_WINDOW_AFTER_TP1_STOP,242262.0,1152,9055.0,9245.0,-13334.39999999979,-40161.60000000021,-66988.79999999958,-93815.99999999999
20260831,0.6297229219143577,TIME_WINDOW_STOP_LOSS,-41129.0,315,7875.0,7745.0,-3622.5,-9764.999999999998,-15907.5,-22050.0
20260903,0.7371007371007371,TIME_WINDOW_STOP_LOSS,-132425.0,1386,7525.0,7430.0,34268.849999999875,17325.0,17325.0,17325.0
20260903,0.7371007371007371,B3_SL,-116897.0,1657,7555.0,7485.0,-24854.999999999996,-24854.999999999996,-24854.999999999996,-24854.999999999996
20260904,0.0609756097560975,B3_SL,-99316.0,1408,7410.0,7340.0,73779.20000000013,47308.79999999987,20838.399999999616,-5632.0
20260904,0.0609756097560975,B3_SL,-100476.0,1108,9415.0,9325.0,252734.8000000004,225367.1999999996,197999.59999999977,170632.0
20260904,0.0609756097560975,OPPOSITE_SIGNAL,-53876.0,1066,7455.0,7405.0,-36830.30000000019,-56577.95000000029,-76325.5999999999,-96073.25
20260907,0.4595060310166571,B3_MAXHOLD,19019.0,384,6455.0,6505.0,-5836.799999999929,-12115.20000000007,-18393.600000000035,-23736.0
20260907,0.4595060310166571,H50_MAX_HOLD_EXIT,290100.0,986,10585.0,10880.0,2489.6499999996413,-24613.02499999964,-51715.69999999982,34509.99999999999
20260908,0.864397622906537,P3_PARTIAL_EXIT+TIME_WINDOW_TP1_PARTIAL+OPPOSITE_SIGNAL,255802.0,913,11430.0,11750.0,-10704.92500000033,180340.32499999966,152197.09999999983,124053.87500000001
20260908,0.864397622906537,B3_MAXHOLD,-46258.0,1820,5730.0,5705.0,-29393.000000000164,-55464.49999999984,-81536.00000000032,-107607.5
20260908,0.864397622906537,B3_TP,99516.0,742,12050.0,12185.0,8050.70000000027,-14821.45000000027,-37693.60000000014,-60565.75
20260909,1.1278195488721805,P3_PARTIAL_EXIT+TIME_WINDOW_TP1_PARTIAL+H50_MAX_HOLD_EXIT,470964.0,902,11565.0,12185.0,-17002.700000000328,-44671.54999999967,-72340.39999999983,-100009.25
20260910,0.0,B3_TP,116821.0,871,11975.0,12110.0,-50583.324999999844,-76963.73750000015,-103344.15000000049,-69679.99999999999
20260911,0.449438202247191,P3_PARTIAL_EXIT+WHIPSAW_WATCH_DETERIORATION_EXIT,115396.0,960,10865.0,10985.0,-17088.00000000017,-43631.999999999825,73295.99999999948,46020.0
20260911,0.449438202247191,P3_PARTIAL_EXIT+FORCED_LIQUIDATION,122261.0,925,11275.0,11410.0,-4694.374999999833,-31322.812500000164,-20812.5,-20812.5
20260914,0.0,TIME_WINDOW_STOP_LOSS,-40439.0,244,10170.0,10005.0,-4355.400000000089,-10498.09999999991,31780.999999999996,25391.25
20260915,0.5269320843091335,B3_SL,-98131.0,1025,10175.0,10080.0,34593.74999999999,8328.124999999998,-17937.5,-44203.125
20260915,0.5269320843091335,B3_SL,-98321.0,1027,10160.0,10065.0,67781.99999999999,41336.75000000001,14891.5,-11553.75
20260915,0.5269320843091335,TIME_WINDOW_STOP_LOSS,-127956.0,878,10185.0,10040.0,-33210.34999999984,-55303.02500000016,-77395.69999999968,-99488.375
20260916,0.8134805345729227,H50_MAX_HOLD_EXIT,98037.0,1040,10035.0,10130.0,60580.00000000001,136110.0,108680.0,265200.00000000006
20260916,0.8134805345729227,B3_MAXHOLD,109896.0,1006,10375.0,10485.0,-20371.499999999996,-46904.75,-73438.0,77965.0
20260917,0.6853226727584237,B3_TP,116557.0,1676,6220.0,6290.0,-36117.8000000003,-62556.69999999969,-88995.59999999985,-115434.5
20260917,0.6853226727584237,B3_TP,122611.0,987,10565.0,10690.0,-38098.20000000036,-64549.79999999964,-91001.39999999982,-117453.0
20260918,0.0548245614035087,B3_SL,-26039.0,431,5760.0,5700.0,-8016.59999999996,-9934.55000000008,-16119.40000000004,-22304.25
20260921,0.1066098081023454,B3_TP,121596.0,874,11940.0,12080.0,-26831.799999999843,-53357.70000000016,-79883.60000000049,-69920.00000000001
20260921,0.1066098081023454,B3_MAXHOLD,28386.0,1943,5365.0,5380.0,-23413.15000000035,-49692.224999999635,29145.0,29145.0
20260921,0.1066098081023454,B3_MAXHOLD,-650.0,740,12080.0,12080.0,-33707.00000000014,-56110.49999999986,-78514.00000000028,-59200.0
20260922,0.4151530877010898,B3_MAXHOLD,-74557.0,820,12730.0,12640.0,21237.9999999997,-5042.999999999702,-31323.99999999985,-57605.0
20260922,0.4151530877010898,B3_MAXHOLD,-71806.0,2030,5135.0,5100.0,284859.74999999965,432237.75000000035,403767.00000000023,375296.24999999994
20260922,0.4151530877010898,TIME_WINDOW_AFTERNOON_TP,366206.0,1747,5115.0,5325.0,48610.274999999674,175442.4750000003,150940.80000000016,126439.125
20260923,0.2172732210755024,B3_SL,-100806.0,870,11995.0,11880.0,-51677.999999999694,-77517.00000000032,-103356.00000000017,-129195.0
20260923,0.2172732210755024,B3_TP,123582.0,1913,5450.0,5515.0,8799.799999999828,-17886.549999999825,-44572.90000000035,-71259.25
20260923,0.2172732210755024,B3_SL,-89307.0,1612,5545.0,5490.0,-362.6999999998534,-22709.05000000015,-45055.40000000044,-40300.00000000001
20260928,0.2199010445299615,B3_MAXHOLD,-19119.0,1836,5680.0,5670.0,211507.19999999966,184150.80000000034,156794.40000000017,229499.99999999997
20260928,0.2199010445299615,B3_TP,117211.0,1815,5745.0,5810.0,82037.99999999967,54994.500000000335,27951.000000000167,99825.0
20260928,0.2199010445299615,B3_SL,-22879.0,227,10905.0,10805.0,-5521.77499999996,-11687.66250000004,-1135.0000000000002,-1135.0000000000002
20260929,0.4527447651386531,B3_MAXHOLD,7936.0,1739,5995.0,6000.0,-17737.799999999686,-43996.70000000032,-70255.60000000015,134772.5
20260929,0.4527447651386531,B3_TP,116476.0,977,10675.0,10795.0,-40643.200000000346,-67071.04999999964,-93498.89999999982,-119926.74999999999
20260929,0.4527447651386531,B3_MAXHOLD,-22940.0,1486,6015.0,6000.0,115165.0,115165.0,115165.0,115165.0
20260930,0.7739082365948038,P3_PARTIAL_EXIT+OPPOSITE_SIGNAL,49393.0,947,11015.0,11050.0,53150.37500000001,26456.8125,-236.74999999999997,-26930.312499999996
20260930,0.7739082365948038,B3_SL,-109354.0,1810,5760.0,5700.0,-42625.500000000335,136564.49999999968,109685.99999999983,82807.49999999999
20261001,0.5621135469364812,B3_SL,-24539.0,232,10690.0,10585.0,-794.6000000000423,-6991.899999999958,-13189.200000000084,96280.0
20261001,0.5621135469364812,B3_SL,-105996.0,1754,5945.0,5885.0,30870.39999999984,4648.1000000001595,-21574.200000000317,-47796.5
20261001,0.5621135469364812,B3_TP,87858.0,737,10785.0,10905.0,62692.9049999997,187935.00000000003,187935.00000000003,187935.00000000003
