day,at,dir,rs,krw,hold,net,net_ok,gap_ok,etf_ok,promote,gap,etf
20260619,10:24,UP 레버,OPPOSITE_SIGNAL,-56768.0,15.0,-0.35591834333450995,False,False,True,False,dgap=-1013.769627,etf=+495.00
20260831,09:06,DN 인버,B3_SL,-111679.0,4.0,-4.1801627033792235,False,False,False,False,dgap=+1086.685692,etf=-40.00
20260903,11:00,DN 인버,B3_SL,-116897.0,10.666666666666666,-1.1089013898080742,False,False,False,False,dgap=+47.493142,etf=-20.00
20260904,10:03,DN 인버,B3_SL,-99316.0,4.666666666666667,-1.0621457489878543,False,False,False,False,dgap=+232.847112,etf=-5.00
20260904,11:18,UP 레버,B3_SL,-100476.0,19.666666666666668,-1.059028146574615,False,False,False,False,dgap=-319.936255,etf=-35.00
20260904,11:42,DN 인버,OPPOSITE_SIGNAL,-53876.0,15.0,-1.391381623071764,False,False,False,False,dgap=+180.311920,etf=-55.00
20260907,09:21,DN 인버,B3_MAXHOLD,19019.0,20.0,0.8020526723470178,True,True,True,True,dgap=-464.974650,etf=+0.00
20260907,11:33,UP 레버,H50_MAX_HOLD_EXIT,290100.0,129.0,0.28065658951346245,True,True,True,True,dgap=+62.687849,etf=+0.00
20260908,09:15,UP 레버,P3_PARTIAL_EXIT+TIME_WINDOW_TP1_PARTIAL+OPPOSITE_SIGNAL,255802.0,57.0,2.180971128608924,True,False,True,False,dgap=-813.209839,etf=+0.00
20260908,10:12,DN 인버,B3_MAXHOLD,-46258.0,20.0,-0.6608202443280977,False,False,False,False,dgap=+276.696546,etf=-5.00
20260908,12:18,UP 레버,B3_TP,99516.0,13.333333333333334,1.1948132780082987,True,False,True,False,dgap=-191.318809,etf=+50.00
20260909,09:15,UP 레버,P3_PARTIAL_EXIT+TIME_WINDOW_TP1_PARTIAL+H50_MAX_HOLD_EXIT,470964.0,144.0,-0.9579118028534372,False,False,True,False,dgap=-419.688204,etf=+5.00
20260910,14:27,UP 레버,B3_TP,116821.0,8.666666666666666,0.8685803757828809,True,False,True,False,dgap=-164.349590,etf=+0.00
20260911,09:18,UP 레버,P3_PARTIAL_EXIT+WHIPSAW_WATCH_DETERIORATION_EXIT,115396.0,147.0,1.882811780947998,True,False,True,False,dgap=-220.188943,etf=+25.00
20260911,14:48,UP 레버,P3_PARTIAL_EXIT+FORCED_LIQUIDATION,122261.0,12.0,1.5907982261640796,True,False,True,False,dgap=-309.203385,etf=+35.00
20260914,09:30,UP 레버,TIME_WINDOW_STOP_LOSS,-40439.0,39.0,0.1466568338249754,True,True,True,True,dgap=+149.973712,etf=+5.00
20260915,09:27,UP 레버,B3_SL,-98131.0,3.0,-0.393980343980344,False,False,False,False,dgap=-133.817256,etf=-50.00
20260915,10:27,UP 레버,B3_SL,-98321.0,13.0,-1.4279527559055119,False,False,False,False,dgap=-321.645314,etf=-30.00
20260916,12:51,UP 레버,B3_MAXHOLD,109896.0,20.0,1.0102409638554215,True,False,True,False,dgap=-90.018455,etf=+55.00
20260917,09:12,DN 인버,B3_TP,116557.0,19.0,0.995016077170418,True,True,True,True,dgap=-189.538665,etf=+40.00
20260917,10:00,UP 레버,B3_TP,122611.0,8.666666666666666,1.0384997633696167,True,False,True,False,dgap=-116.340758,etf=+10.00
20260918,09:06,DN 인버,B3_SL,-26039.0,8.0,-1.6993055555555556,False,True,False,False,dgap=-337.338627,etf=-45.00
20260921,09:57,UP 레버,B3_TP,121596.0,12.666666666666666,1.2649078726968175,True,True,False,False,dgap=+230.762270,etf=-18.00
20260921,10:51,DN 인버,B3_MAXHOLD,28386.0,20.0,0.3227865796831314,True,False,True,False,dgap=+45.125305,etf=+0.00
20260921,12:57,UP 레버,B3_MAXHOLD,-650.0,20.0,-0.05,False,False,True,False,dgap=-36.559850,etf=+20.00
20260922,09:06,UP 레버,B3_MAXHOLD,-74557.0,20.0,-0.7177140612725845,False,False,False,False,dgap=-680.530345,etf=-55.00
20260922,11:18,DN 인버,B3_MAXHOLD,-71806.0,20.0,-0.7315968841285297,False,True,False,False,dgap=-40.638172,etf=-30.00
20260922,12:15,DN 인버,TIME_WINDOW_AFTERNOON_TP,366206.0,78.0,0.047751710654936455,True,True,True,True,dgap=-86.843547,etf=+5.00
20260923,10:18,UP 레버,B3_SL,-100806.0,16.0,-1.5923092955398084,False,False,False,False,dgap=-574.992259,etf=-50.00
20260923,10:42,DN 인버,B3_TP,123582.0,11.0,1.2344036697247707,True,False,True,False,dgap=+85.615662,etf=+10.00
20260923,13:00,DN 인버,B3_SL,-89307.0,9.0,-1.2222272317403067,False,False,True,False,dgap=+140.416602,etf=+5.00
20260928,09:09,DN 인버,B3_MAXHOLD,-19119.0,20.0,-0.13802816901408452,False,False,True,False,dgap=+263.024100,etf=+20.00
20260928,09:45,DN 인버,B3_TP,117211.0,19.0,1.1684508268059182,True,True,True,True,dgap=-63.473103,etf=+20.00
20260928,10:36,UP 레버,B3_SL,-22879.0,7.333333333333333,-0.8294589637780835,False,True,True,False,dgap=+256.653339,etf=+0.00
20260929,09:54,DN 인버,B3_MAXHOLD,7936.0,20.0,0.11680567139282734,True,True,True,True,dgap=-110.098728,etf=+20.00
20260929,10:36,UP 레버,B3_TP,116476.0,15.0,0.5120608899297423,True,False,False,False,dgap=-60.502865,etf=-65.00
20260929,12:15,DN 인버,B3_MAXHOLD,-22940.0,20.0,-0.29937655860349127,False,True,False,False,dgap=-109.968462,etf=-5.00
20260930,09:06,UP 레버,P3_PARTIAL_EXIT+OPPOSITE_SIGNAL,49393.0,45.0,0.8578529278256922,True,False,True,False,dgap=-539.615788,etf=+100.00
20260930,09:51,DN 인버,B3_SL,-109354.0,8.666666666666666,-1.6993055555555556,False,True,False,False,dgap=-191.326288,etf=-25.00
20261001,09:18,UP 레버,B3_SL,-24539.0,6.0,-1.2193171188026193,False,True,True,False,dgap=+177.916514,etf=+65.00
20261001,10:30,DN 인버,B3_SL,-105996.0,3.6666666666666665,0.5387300252312868,True,True,True,True,dgap=-227.593571,etf=+0.00
20261001,11:12,UP 레버,B3_TP,87858.0,11.666666666666666,2.128952248493278,True,True,True,True,dgap=+461.752629,etf=+70.00
