key,date,time,dir,BASEnet,B3net,chop,B3exit,기여
"('20260909', '2026-09-09T09:15:00+09:00', 'UP_RED')",20260909,09:15,UP_RED,5.81,1.515,True,GX_TP,-21.694
"('20260915', '2026-09-15T10:27:00+09:00', 'UP_RED')",20260915,10:27,UP_RED,1.142,-1.224,True,GX_SL,-14.71
"('20260907', '2026-09-07T11:33:00+09:00', 'UP_RED')",20260907,11:33,UP_RED,2.985,0.288,True,GX_MAXHOLD,-14.368
"('20260915', '2026-09-15T09:27:00+09:00', 'UP_RED')",20260915,09:27,UP_RED,-1.325,1.194,True,GX_TP,14.313
"('20260914', '2026-09-14T09:30:00+09:00', 'UP_RED')",20260914,09:30,UP_RED,-1.805,-0.041,True,GX_MAXHOLD,9.937
"('20260917', '2026-09-17T10:00:00+09:00', 'UP_RED')",20260917,10:00,UP_RED,-0.28,1.143,True,GX_TP,8.143
"('20260904', '2026-09-04T11:18:00+09:00', 'UP_RED')",20260904,11:18,UP_RED,0.762,-0.57,True,GX_MAXHOLD,-7.53
"('20260831', '2026-08-31T09:06:00+09:00', 'DOWN_BLUE')",20260831,09:06,DOWN_BLUE,-2.403,-1.153,True,GX_SL,6.828
"('20260909', '2026-09-09T10:39:00+09:00', 'DOWN_BLUE')",20260909,10:39,DOWN_BLUE,,1.156,True,GX_TP,6.666
"('20260908', '2026-09-08T12:18:00+09:00', 'UP_RED')",20260908,12:18,UP_RED,-0.09,1.028,True,GX_TP,6.436
"('20260619', '2026-06-19T09:42:00+09:00', 'DOWN_BLUE')",20260619,09:42,DOWN_BLUE,-1.781,-0.699,True,GX_MAXHOLD,6.351
"('20260908', '2026-09-08T10:12:00+09:00', 'DOWN_BLUE')",20260908,10:12,DOWN_BLUE,-1.402,-0.265,True,GX_MAXHOLD,6.321
"('20260619', '2026-06-19T09:06:00+09:00', 'UP_RED')",20260619,09:06,UP_RED,-2.203,-1.049,True,GX_SL,6.286
"('20260916', '2026-09-16T10:03:00+09:00', 'DOWN_BLUE')",20260916,10:03,DOWN_BLUE,,1.079,True,GX_TP,6.224
"('20260907', '2026-09-07T13:06:00+09:00', 'UP_RED')",20260907,13:06,UP_RED,,1.074,True,GX_TP,6.197
"('20260917', '2026-09-17T09:12:00+09:00', 'DOWN_BLUE')",20260917,09:12,DOWN_BLUE,-0.411,0.632,True,GX_MAXHOLD,5.947
"('20260908', '2026-09-08T09:15:00+09:00', 'UP_RED')",20260908,09:15,UP_RED,2.348,1.173,True,GX_TP,-5.941
"('20260916', '2026-09-16T12:51:00+09:00', 'UP_RED')",20260916,12:51,UP_RED,0.199,1.068,True,GX_TP,5.061
"('20260907', '2026-09-07T09:21:00+09:00', 'DOWN_BLUE')",20260907,09:21,DOWN_BLUE,0.298,1.152,True,GX_TP,4.995
"('20260904', '2026-09-04T10:03:00+09:00', 'DOWN_BLUE')",20260904,10:03,DOWN_BLUE,0.249,-0.564,True,GX_MAXHOLD,-4.681
"('20260917', '2026-09-17T10:48:00+09:00', 'DOWN_BLUE')",20260917,10:48,DOWN_BLUE,,0.878,True,GX_MAXHOLD,4.069
"('20260911', '2026-09-11T10:36:00+09:00', 'UP_RED')",20260911,10:36,UP_RED,,-0.771,True,GX_MAXHOLD,-3.618
"('20260904', '2026-09-04T11:42:00+09:00', 'DOWN_BLUE')",20260904,11:42,DOWN_BLUE,,-0.76,True,OPPOSITE_SIGNAL,-3.57
"('20260903', '2026-09-03T11:00:00+09:00', 'DOWN_BLUE')",20260903,11:00,DOWN_BLUE,-1.352,-0.821,True,GX_MAXHOLD,3.329
"('20260909', '2026-09-09T11:27:00+09:00', 'UP_RED')",20260909,11:27,UP_RED,,0.57,True,GX_MAXHOLD,3.307
"('20260720', '2026-07-20T09:54:00+09:00', 'DOWN_BLUE')",20260720,09:54,DOWN_BLUE,9.438,9.438,False,TIME_WINDOW_TP2_FULL,3.016
"('20260622', '2026-06-22T09:30:00+09:00', 'UP_RED')",20260622,09:30,UP_RED,8.284,8.284,False,TIME_WINDOW_TP2_FULL,2.681
"('20260804', '2026-08-04T09:27:00+09:00', 'DOWN_BLUE')",20260804,09:27,DOWN_BLUE,8.964,8.964,False,TIME_WINDOW_TP2_FULL,2.349
"('20260821', '2026-08-21T09:09:00+09:00', 'UP_RED')",20260821,09:09,UP_RED,8.403,8.403,False,TIME_WINDOW_TP2_FULL,2.298
"('20260806', '2026-08-06T09:06:00+09:00', 'DOWN_BLUE')",20260806,09:06,DOWN_BLUE,8.276,8.276,False,TIME_WINDOW_TP2_FULL,2.266
"('20260626', '2026-06-26T09:06:00+09:00', 'DOWN_BLUE')",20260626,09:06,DOWN_BLUE,8.145,8.145,False,TIME_WINDOW_TP2_FULL,2.233
"('20260630', '2026-06-30T09:27:00+09:00', 'UP_RED')",20260630,09:27,UP_RED,8.107,8.107,False,TIME_WINDOW_TP2_FULL,2.223
"('20260727', '2026-07-27T10:24:00+09:00', 'DOWN_BLUE')",20260727,10:24,DOWN_BLUE,8.073,8.073,False,TIME_WINDOW_TP2_FULL,2.214
"('20260701', '2026-07-01T09:21:00+09:00', 'DOWN_BLUE')",20260701,09:21,DOWN_BLUE,8.032,8.032,False,TIME_WINDOW_TP2_FULL,2.204
"('20260709', '2026-07-09T09:54:00+09:00', 'DOWN_BLUE')",20260709,09:54,DOWN_BLUE,6.064,6.064,False,PP_EXIT,2.011
"('20260910', '2026-09-10T14:27:00+09:00', 'UP_RED')",20260910,14:27,UP_RED,-0.007,0.327,True,GX_MAXHOLD,1.937
"('20260710', '2026-07-10T09:45:00+09:00', 'DOWN_BLUE')",20260710,09:45,DOWN_BLUE,5.724,5.724,False,PP_EXIT,1.906
"('20260721', '2026-07-21T09:21:00+09:00', 'UP_RED')",20260721,09:21,UP_RED,5.952,5.952,False,PP_EXIT,1.665
"('20260911', '2026-09-11T09:18:00+09:00', 'UP_RED')",20260911,09:18,UP_RED,1.154,1.384,True,GX_TP,1.648
"('20260722', '2026-07-22T13:39:00+09:00', 'DOWN_BLUE')",20260722,13:39,DOWN_BLUE,4.374,4.374,False,TIME_WINDOW_AFTERNOON_TP,1.478
"('20260716', '2026-07-16T09:06:00+09:00', 'DOWN_BLUE')",20260716,09:06,DOWN_BLUE,5.149,5.149,False,OPPOSITE_SIGNAL,1.452
"('20260819', '2026-08-19T09:30:00+09:00', 'UP_RED')",20260819,09:30,UP_RED,4.822,4.822,False,TIME_WINDOW_TP2_FULL,1.364
"('20260723', '2026-07-23T10:27:00+09:00', 'DOWN_BLUE')",20260723,10:27,DOWN_BLUE,4.753,4.753,False,PP_EXIT,1.345
"('20260805', '2026-08-05T09:45:00+09:00', 'DOWN_BLUE')",20260805,09:45,DOWN_BLUE,4.652,4.652,False,TIME_WINDOW_TP2_FULL,1.318
"('20260731', '2026-07-31T09:48:00+09:00', 'DOWN_BLUE')",20260731,09:48,DOWN_BLUE,3.864,3.864,False,TIME_WINDOW_TP2_FULL,1.314
"('20260624', '2026-06-24T10:00:00+09:00', 'DOWN_BLUE')",20260624,10:00,DOWN_BLUE,4.343,4.343,False,TIME_WINDOW_TP2_FULL,1.234
"('20260831', '2026-08-31T10:06:00+09:00', 'DOWN_BLUE')",20260831,10:06,DOWN_BLUE,-0.856,-0.856,False,OPPOSITE_SIGNAL,-1.218
"('20260612', '2026-06-12T09:48:00+09:00', 'DOWN_BLUE')",20260612,09:48,DOWN_BLUE,4.281,4.281,False,TIME_WINDOW_TP2_FULL,1.217
"('20260609', '2026-06-09T12:12:00+09:00', 'UP_RED')",20260609,12:12,UP_RED,4.235,4.235,False,TIME_WINDOW_AFTERNOON_TP,1.204
"('20260609', '2026-06-09T09:39:00+09:00', 'DOWN_BLUE')",20260609,09:39,DOWN_BLUE,4.227,4.227,False,TIME_WINDOW_TP2_FULL,1.202
"('20260617', '2026-06-17T12:51:00+09:00', 'UP_RED')",20260617,12:51,UP_RED,4.187,4.187,False,TIME_WINDOW_AFTERNOON_TP,1.191
"('20260623', '2026-06-23T13:27:00+09:00', 'DOWN_BLUE')",20260623,13:27,DOWN_BLUE,4.101,4.101,False,TIME_WINDOW_AFTERNOON_TP,1.168
"('20260721', '2026-07-21T11:48:00+09:00', 'UP_RED')",20260721,11:48,UP_RED,4.081,4.081,False,TIME_WINDOW_AFTERNOON_TP,1.162
"('20260616', '2026-06-16T10:36:00+09:00', 'UP_RED')",20260616,10:36,UP_RED,4.056,4.056,False,SMALL_WHIPSAW_HOLD_EXIT,1.155
"('20260616', '2026-06-16T09:45:00+09:00', 'DOWN_BLUE')",20260616,09:45,DOWN_BLUE,4.051,4.051,False,TIME_WINDOW_TP2_FULL,1.154
"('20260824', '2026-08-24T10:39:00+09:00', 'DOWN_BLUE')",20260824,10:39,DOWN_BLUE,3.367,3.367,False,PP_EXIT,1.151
"('20260728', '2026-07-28T09:06:00+09:00', 'DOWN_BLUE')",20260728,09:06,DOWN_BLUE,4.006,4.006,False,OPPOSITE_SIGNAL,1.142
"('20260527', '2026-05-27T10:27:00+09:00', 'UP_RED')",20260527,10:27,UP_RED,3.962,3.962,False,TIME_WINDOW_TP2_FULL,1.13
"('20260615', '2026-06-15T09:57:00+09:00', 'DOWN_BLUE')",20260615,09:57,DOWN_BLUE,3.955,3.955,False,TIME_WINDOW_TP2_FULL,1.128
"('20260611', '2026-06-11T09:09:00+09:00', 'DOWN_BLUE')",20260611,09:09,DOWN_BLUE,-3.642,-3.642,False,TIME_WINDOW_STOP_LOSS,-1.121
"('20260528', '2026-05-28T09:27:00+09:00', 'UP_RED')",20260528,09:27,UP_RED,3.905,3.905,False,TIME_WINDOW_TP2_FULL,1.114
"('20260703', '2026-07-03T09:12:00+09:00', 'UP_RED')",20260703,09:12,UP_RED,3.905,3.905,False,TIME_WINDOW_TP2_FULL,1.114
"('20260601', '2026-06-01T09:42:00+09:00', 'UP_RED')",20260601,09:42,UP_RED,4.05,4.05,False,PP_EXIT,1.109
"('20260818', '2026-08-18T09:57:00+09:00', 'DOWN_BLUE')",20260818,09:57,DOWN_BLUE,3.873,3.873,False,TIME_WINDOW_TP2_FULL,1.105
"('20260814', '2026-08-14T09:51:00+09:00', 'DOWN_BLUE')",20260814,09:51,DOWN_BLUE,3.859,3.859,False,TIME_WINDOW_TP2_FULL,1.102
"('20260813', '2026-08-13T14:24:00+09:00', 'DOWN_BLUE')",20260813,14:24,DOWN_BLUE,3.216,3.216,False,FORCED_LIQUIDATION,1.102
"('20260714', '2026-07-14T09:21:00+09:00', 'UP_RED')",20260714,09:21,UP_RED,3.85,3.85,False,TIME_WINDOW_TP2_FULL,1.099
"('20260831', '2026-08-31T09:18:00+09:00', 'UP_RED')",20260831,09:18,UP_RED,1.404,1.404,False,TIME_WINDOW_TRAILING_STOP,-1.097
"('20260706', '2026-07-06T09:21:00+09:00', 'DOWN_BLUE')",20260706,09:21,DOWN_BLUE,3.836,3.836,False,TIME_WINDOW_TP2_FULL,1.095
"('20260623', '2026-06-23T10:33:00+09:00', 'DOWN_BLUE')",20260623,10:33,DOWN_BLUE,3.625,3.625,False,OPPOSITE_SIGNAL,1.037
"('20260820', '2026-08-20T09:24:00+09:00', 'UP_RED')",20260820,09:24,UP_RED,4.444,4.444,False,PP_EXIT,1.018
"('20260610', '2026-06-10T12:39:00+09:00', 'DOWN_BLUE')",20260610,12:39,DOWN_BLUE,4.446,4.446,False,TIME_WINDOW_AFTERNOON_TP,1.018
"('20260715', '2026-07-15T09:45:00+09:00', 'DOWN_BLUE')",20260715,09:45,DOWN_BLUE,-3.23,-3.23,False,TIME_WINDOW_STOP_LOSS,-0.989
"('20260825', '2026-08-25T12:15:00+09:00', 'UP_RED')",20260825,12:15,UP_RED,4.137,4.137,False,TIME_WINDOW_AFTERNOON_TP,0.95
"('20260618', '2026-06-18T11:12:00+09:00', 'UP_RED')",20260618,11:12,UP_RED,3.285,3.285,False,SMALL_WHIPSAW_HOLD_EXIT,0.943
"('20260804', '2026-08-04T09:06:00+09:00', 'UP_RED')",20260804,09:06,UP_RED,-2.97,-2.97,False,TIME_WINDOW_STOP_LOSS,-0.907
"('20260608', '2026-06-08T10:48:00+09:00', 'UP_RED')",20260608,10:48,UP_RED,3.911,3.911,False,TIME_WINDOW_TP2_FULL,0.899
"('20260911', '2026-09-11T14:48:00+09:00', 'UP_RED')",20260911,14:48,UP_RED,1.312,1.09,True,GX_TP,-0.879
"('20260615', '2026-06-15T09:06:00+09:00', 'UP_RED')",20260615,09:06,UP_RED,2.764,2.764,False,OPPOSITE_SIGNAL,0.797
"('20260818', '2026-08-18T09:06:00+09:00', 'UP_RED')",20260818,09:06,UP_RED,2.646,2.646,False,OPPOSITE_SIGNAL,0.764
"('20260720', '2026-07-20T09:18:00+09:00', 'UP_RED')",20260720,09:18,UP_RED,-2.492,-2.492,False,TIME_WINDOW_STOP_LOSS,-0.758
"('20260810', '2026-08-10T10:54:00+09:00', 'UP_RED')",20260810,10:54,UP_RED,-2.033,-2.033,False,TIME_WINDOW_STOP_LOSS,-0.741
"('20260821', '2026-08-21T10:21:00+09:00', 'UP_RED')",20260821,10:21,UP_RED,-2.398,-2.398,False,OPPOSITE_SIGNAL,-0.728
"('20260611', '2026-06-11T09:21:00+09:00', 'UP_RED')",20260611,09:21,UP_RED,-1.959,-1.959,False,TIME_WINDOW_STOP_LOSS,-0.714
"('20260803', '2026-08-03T10:36:00+09:00', 'DOWN_BLUE')",20260803,10:36,DOWN_BLUE,-2.345,-2.345,False,TIME_WINDOW_STOP_LOSS,-0.712
"('20260622', '2026-06-22T09:15:00+09:00', 'DOWN_BLUE')",20260622,09:15,DOWN_BLUE,-2.337,-2.337,False,TIME_WINDOW_STOP_LOSS,-0.709
"('20260615', '2026-06-15T13:15:00+09:00', 'UP_RED')",20260615,13:15,UP_RED,-2.291,-2.291,False,TIME_WINDOW_STOP_LOSS,-0.695
"('20260624', '2026-06-24T10:39:00+09:00', 'UP_RED')",20260624,10:39,UP_RED,-2.275,-2.275,False,TIME_WINDOW_STOP_LOSS,-0.69
"('20260807', '2026-08-07T10:15:00+09:00', 'DOWN_BLUE')",20260807,10:15,DOWN_BLUE,2.292,2.292,False,OPPOSITE_SIGNAL,0.69
"('20260827', '2026-08-27T13:39:00+09:00', 'DOWN_BLUE')",20260827,13:39,DOWN_BLUE,2.377,2.377,False,FORCED_LIQUIDATION,0.688
"('20260824', '2026-08-24T09:57:00+09:00', 'UP_RED')",20260824,09:57,UP_RED,-2.194,-2.194,False,TIME_WINDOW_STOP_LOSS,-0.665
"('20260811', '2026-08-11T09:54:00+09:00', 'UP_RED')",20260811,09:54,UP_RED,-2.144,-2.144,False,TIME_WINDOW_STOP_LOSS,-0.65
"('20260805', '2026-08-05T11:00:00+09:00', 'UP_RED')",20260805,11:00,UP_RED,-2.118,-2.118,False,TIME_WINDOW_STOP_LOSS,-0.642
"('20260604', '2026-06-04T09:39:00+09:00', 'UP_RED')",20260604,09:39,UP_RED,-2.107,-2.107,False,TIME_WINDOW_STOP_LOSS,-0.638
"('20260903', '2026-09-03T09:18:00+09:00', 'DOWN_BLUE')",20260903,09:18,DOWN_BLUE,-2.077,-2.077,False,TIME_WINDOW_STOP_LOSS,-0.629
"('20260813', '2026-08-13T09:45:00+09:00', 'DOWN_BLUE')",20260813,09:45,DOWN_BLUE,-2.586,-2.586,False,TIME_WINDOW_STOP_LOSS,-0.626
"('20260811', '2026-08-11T11:51:00+09:00', 'UP_RED')",20260811,11:51,UP_RED,2.151,2.151,False,SMALL_WHIPSAW_HOLD_EXIT,0.624
"('20260803', '2026-08-03T13:06:00+09:00', 'DOWN_BLUE')",20260803,13:06,DOWN_BLUE,-2.06,-2.06,False,TIME_WINDOW_STOP_LOSS,-0.624
"('20260529', '2026-05-29T09:42:00+09:00', 'DOWN_BLUE')",20260529,09:42,DOWN_BLUE,2.13,2.13,False,TIME_WINDOW_AFTER_TP1_STOP,0.618
"('20260625', '2026-06-25T09:06:00+09:00', 'UP_RED')",20260625,09:06,UP_RED,2.083,2.083,False,OPPOSITE_SIGNAL,0.605
"('20260915', '2026-09-15T14:00:00+09:00', 'DOWN_BLUE')",20260915,14:00,DOWN_BLUE,0.134,,True,제거됨,-0.594
"('20260622', '2026-06-22T12:21:00+09:00', 'UP_RED')",20260622,12:21,UP_RED,-2.281,-2.281,False,TIME_WINDOW_STOP_LOSS,-0.551
"('20260827', '2026-08-27T10:30:00+09:00', 'UP_RED')",20260827,10:30,UP_RED,1.893,1.893,False,SMALL_WHIPSAW_HOLD_EXIT,0.551
"('20260826', '2026-08-26T10:21:00+09:00', 'UP_RED')",20260826,10:21,UP_RED,-1.815,-1.815,False,TIME_WINDOW_STOP_LOSS,-0.548
"('20260807', '2026-08-07T09:06:00+09:00', 'UP_RED')",20260807,09:06,UP_RED,-1.719,-1.719,False,TIME_WINDOW_STOP_LOSS,-0.519
"('20260604', '2026-06-04T09:57:00+09:00', 'DOWN_BLUE')",20260604,09:57,DOWN_BLUE,-1.398,-1.398,False,TIME_WINDOW_STOP_LOSS,-0.506
"('20260827', '2026-08-27T09:36:00+09:00', 'DOWN_BLUE')",20260827,09:36,DOWN_BLUE,1.707,1.707,False,TIME_WINDOW_TRAILING_STOP,0.497
"('20260605', '2026-06-05T09:45:00+09:00', 'UP_RED')",20260605,09:45,UP_RED,-1.636,-1.636,False,TIME_WINDOW_STOP_LOSS,-0.493
"('20260803', '2026-08-03T09:45:00+09:00', 'UP_RED')",20260803,09:45,UP_RED,1.662,1.662,False,TIME_WINDOW_TRAILING_STOP,0.485
"('20260723', '2026-07-23T14:33:00+09:00', 'UP_RED')",20260723,14:33,UP_RED,-1.592,-1.592,False,TIME_WINDOW_STOP_LOSS,-0.48
"('20260602', '2026-06-02T09:39:00+09:00', 'UP_RED')",20260602,09:39,UP_RED,-1.53,-1.53,False,TIME_WINDOW_STOP_LOSS,-0.461
"('20260715', '2026-07-15T11:18:00+09:00', 'UP_RED')",20260715,11:18,UP_RED,-1.26,-1.26,False,TIME_WINDOW_STOP_LOSS,-0.455
"('20260604', '2026-06-04T10:36:00+09:00', 'UP_RED')",20260604,10:36,UP_RED,-1.886,-1.886,False,TIME_WINDOW_STOP_LOSS,-0.454
"('20260611', '2026-06-11T12:18:00+09:00', 'DOWN_BLUE')",20260611,12:18,DOWN_BLUE,-1.879,-1.879,False,TIME_WINDOW_STOP_LOSS,-0.452
"('20260805', '2026-08-05T13:45:00+09:00', 'UP_RED')",20260805,13:45,UP_RED,-1.498,-1.498,False,TIME_WINDOW_STOP_LOSS,-0.451
"('20260529', '2026-05-29T14:03:00+09:00', 'DOWN_BLUE')",20260529,14:03,DOWN_BLUE,1.894,1.894,False,FORCED_LIQUIDATION,0.442
"('20260709', '2026-07-09T09:06:00+09:00', 'UP_RED')",20260709,09:06,UP_RED,-1.447,-1.447,False,TIME_WINDOW_STOP_LOSS,-0.435
"('20260710', '2026-07-10T09:06:00+09:00', 'UP_RED')",20260710,09:06,UP_RED,-1.412,-1.412,False,TIME_WINDOW_STOP_LOSS,-0.425
"('20260730', '2026-07-30T09:36:00+09:00', 'UP_RED')",20260730,09:36,UP_RED,-1.398,-1.398,False,TIME_WINDOW_STOP_LOSS,-0.42
"('20260915', '2026-09-15T09:54:00+09:00', 'DOWN_BLUE')",20260915,09:54,DOWN_BLUE,,-0.09,True,GX_MAXHOLD,-0.42
"('20260625', '2026-06-25T09:51:00+09:00', 'DOWN_BLUE')",20260625,09:51,DOWN_BLUE,-1.395,-1.395,False,TIME_WINDOW_STOP_LOSS,-0.419
"('20260610', '2026-06-10T10:15:00+09:00', 'UP_RED')",20260610,10:15,UP_RED,-1.393,-1.393,False,TIME_WINDOW_STOP_LOSS,-0.419
"('20260731', '2026-07-31T09:06:00+09:00', 'UP_RED')",20260731,09:06,UP_RED,-1.373,-1.373,False,TIME_WINDOW_STOP_LOSS,-0.413
"('20260828', '2026-08-28T09:09:00+09:00', 'DOWN_BLUE')",20260828,09:09,DOWN_BLUE,-1.363,-1.363,False,TIME_WINDOW_STOP_LOSS,-0.41
"('20260820', '2026-08-20T12:21:00+09:00', 'UP_RED')",20260820,12:21,UP_RED,1.395,1.395,False,SMALL_WHIPSAW_HOLD_EXIT,0.408
"('20260708', '2026-07-08T09:42:00+09:00', 'UP_RED')",20260708,09:42,UP_RED,-1.343,-1.343,False,TIME_WINDOW_STOP_LOSS,-0.404
"('20260528', '2026-05-28T11:36:00+09:00', 'UP_RED')",20260528,11:36,UP_RED,-1.676,-1.676,False,OPPOSITE_SIGNAL,-0.403
"('20260702', '2026-07-02T09:45:00+09:00', 'UP_RED')",20260702,09:45,UP_RED,-1.333,-1.333,False,TIME_WINDOW_STOP_LOSS,-0.4
"('20260720', '2026-07-20T13:18:00+09:00', 'DOWN_BLUE')",20260720,13:18,DOWN_BLUE,-1.662,-1.662,False,TIME_WINDOW_STOP_LOSS,-0.399
"('20260629', '2026-06-29T09:36:00+09:00', 'UP_RED')",20260629,09:36,UP_RED,-1.318,-1.318,False,TIME_WINDOW_STOP_LOSS,-0.396
"('20260814', '2026-08-14T13:06:00+09:00', 'DOWN_BLUE')",20260814,13:06,DOWN_BLUE,-1.312,-1.312,False,TIME_WINDOW_STOP_LOSS,-0.394
"('20260601', '2026-06-01T09:21:00+09:00', 'DOWN_BLUE')",20260601,09:21,DOWN_BLUE,-1.305,-1.305,False,TIME_WINDOW_STOP_LOSS,-0.392
"('20260616', '2026-06-16T14:12:00+09:00', 'UP_RED')",20260616,14:12,UP_RED,-1.271,-1.271,False,TIME_WINDOW_STOP_LOSS,-0.382
"('20260810', '2026-08-10T09:45:00+09:00', 'DOWN_BLUE')",20260810,09:45,DOWN_BLUE,-1.575,-1.575,False,TIME_WINDOW_STOP_LOSS,-0.378
"('20260610', '2026-06-10T10:57:00+09:00', 'DOWN_BLUE')",20260610,10:57,DOWN_BLUE,1.071,1.071,False,OPPOSITE_SIGNAL,0.376
"('20260624', '2026-06-24T13:18:00+09:00', 'DOWN_BLUE')",20260624,13:18,DOWN_BLUE,-1.229,-1.229,False,TIME_WINDOW_STOP_LOSS,-0.369
"('20260916', '2026-09-16T09:06:00+09:00', 'UP_RED')",20260916,09:06,UP_RED,1.665,1.515,True,GX_TP,-0.365
"('20260722', '2026-07-22T09:45:00+09:00', 'DOWN_BLUE')",20260722,09:45,DOWN_BLUE,-1.519,-1.519,False,TIME_WINDOW_STOP_LOSS,-0.365
"('20260723', '2026-07-23T13:24:00+09:00', 'UP_RED')",20260723,13:24,UP_RED,-1.209,-1.209,False,TIME_WINDOW_STOP_LOSS,-0.363
"('20260828', '2026-08-28T10:15:00+09:00', 'DOWN_BLUE')",20260828,10:15,DOWN_BLUE,1.141,1.141,False,SMALL_WHIPSAW_HOLD_EXIT,0.348
"('20260821', '2026-08-21T10:12:00+09:00', 'DOWN_BLUE')",20260821,10:12,DOWN_BLUE,-1.382,-1.382,False,TIME_WINDOW_STOP_LOSS,-0.331
"('20260528', '2026-05-28T11:06:00+09:00', 'UP_RED')",20260528,11:06,UP_RED,-1.318,-1.318,False,TIME_WINDOW_STOP_LOSS,-0.316
"('20260529', '2026-05-29T13:12:00+09:00', 'DOWN_BLUE')",20260529,13:12,DOWN_BLUE,-1.046,-1.046,False,OPPOSITE_SIGNAL,-0.313
"('20260804', '2026-08-04T13:00:00+09:00', 'DOWN_BLUE')",20260804,13:00,DOWN_BLUE,0.994,0.994,False,TIME_WINDOW_PROFIT_LOCK_STOP,0.303
"('20260819', '2026-08-19T11:09:00+09:00', 'DOWN_BLUE')",20260819,11:09,DOWN_BLUE,0.995,0.995,False,SMALL_WHIPSAW_HOLD_EXIT,0.292
"('20260807', '2026-08-07T09:24:00+09:00', 'DOWN_BLUE')",20260807,09:24,DOWN_BLUE,0.985,0.985,False,TIME_WINDOW_TRAILING_STOP,0.278
"('20260617', '2026-06-17T10:18:00+09:00', 'UP_RED')",20260617,10:18,UP_RED,0.923,0.923,False,SMALL_WHIPSAW_HOLD_EXIT,0.271
"('20260812', '2026-08-12T09:48:00+09:00', 'DOWN_BLUE')",20260812,09:48,DOWN_BLUE,-0.898,-0.898,False,OPPOSITE_SIGNAL,-0.269
"('20260602', '2026-06-02T09:54:00+09:00', 'DOWN_BLUE')",20260602,09:54,DOWN_BLUE,-0.745,-0.745,False,OPPOSITE_SIGNAL,-0.268
"('20260826', '2026-08-26T09:24:00+09:00', 'UP_RED')",20260826,09:24,UP_RED,-0.822,-0.822,False,OPPOSITE_SIGNAL,-0.246
"('20260618', '2026-06-18T09:51:00+09:00', 'DOWN_BLUE')",20260618,09:51,DOWN_BLUE,-0.819,-0.819,False,OPPOSITE_SIGNAL,-0.245
"('20260806', '2026-08-06T14:39:00+09:00', 'DOWN_BLUE')",20260806,14:39,DOWN_BLUE,0.814,0.814,False,FORCED_LIQUIDATION,0.239
"('20260813', '2026-08-13T12:00:00+09:00', 'UP_RED')",20260813,12:00,UP_RED,0.648,0.648,False,EARLY_TAKE_PROFIT,0.183
"('20260826', '2026-08-26T09:30:00+09:00', 'DOWN_BLUE')",20260826,09:30,DOWN_BLUE,0.766,0.766,False,EARLY_TAKE_PROFIT,0.181
"('20260618', '2026-06-18T09:06:00+09:00', 'UP_RED')",20260618,09:06,UP_RED,-0.587,-0.587,False,OPPOSITE_SIGNAL,-0.175
"('20260617', '2026-06-17T09:42:00+09:00', 'DOWN_BLUE')",20260617,09:42,DOWN_BLUE,-0.69,-0.69,False,OPPOSITE_SIGNAL,-0.165
"('20260918', '2026-09-18T09:06:00+09:00', 'DOWN_BLUE')",20260918,09:06,DOWN_BLUE,-0.527,-0.527,True,WHIPSAW_WATCH_DETERIORATION_EXIT,-0.157
"('20260811', '2026-08-11T09:06:00+09:00', 'DOWN_BLUE')",20260811,09:06,DOWN_BLUE,0.521,0.521,False,OPPOSITE_SIGNAL,0.154
"('20260715', '2026-07-15T12:33:00+09:00', 'UP_RED')",20260715,12:33,UP_RED,0.565,0.565,False,TIME_WINDOW_PROFIT_LOCK_STOP,0.133
"('20260819', '2026-08-19T09:09:00+09:00', 'DOWN_BLUE')",20260819,09:09,DOWN_BLUE,0.449,0.449,False,OPPOSITE_SIGNAL,0.132
"('20260727', '2026-07-27T09:06:00+09:00', 'UP_RED')",20260727,09:06,UP_RED,0.436,0.436,False,OPPOSITE_SIGNAL,0.129
"('20260828', '2026-08-28T09:27:00+09:00', 'UP_RED')",20260828,09:27,UP_RED,0.445,0.445,False,EARLY_TAKE_PROFIT,0.126
"('20260810', '2026-08-10T11:09:00+09:00', 'DOWN_BLUE')",20260810,11:09,DOWN_BLUE,0.423,0.423,False,EARLY_TAKE_PROFIT,0.12
"('20260806', '2026-08-06T12:09:00+09:00', 'DOWN_BLUE')",20260806,12:09,DOWN_BLUE,0.37,0.37,False,TIME_WINDOW_PROFIT_LOCK_STOP,0.109
"('20260825', '2026-08-25T09:06:00+09:00', 'DOWN_BLUE')",20260825,09:06,DOWN_BLUE,-0.34,-0.34,False,OPPOSITE_SIGNAL,-0.101
"('20260609', '2026-06-09T10:39:00+09:00', 'UP_RED')",20260609,10:39,UP_RED,-0.289,-0.289,False,OPPOSITE_SIGNAL,-0.086
"('20260820', '2026-08-20T10:42:00+09:00', 'UP_RED')",20260820,10:42,UP_RED,0.257,0.257,False,OPPOSITE_SIGNAL,0.076
"('20260825', '2026-08-25T09:33:00+09:00', 'UP_RED')",20260825,09:33,UP_RED,-0.317,-0.317,False,EARLY_TAKE_PROFIT,-0.075
"('20260619', '2026-06-19T10:24:00+09:00', 'UP_RED')",20260619,10:24,UP_RED,-0.644,-0.644,True,OPPOSITE_SIGNAL,-0.048
"('20260623', '2026-06-23T12:30:00+09:00', 'DOWN_BLUE')",20260623,12:30,DOWN_BLUE,0.161,0.161,False,TIME_WINDOW_BREAKEVEN_STOP,0.048
"('20260602', '2026-06-02T10:21:00+09:00', 'UP_RED')",20260602,10:21,UP_RED,0.129,0.129,False,EARLY_TAKE_PROFIT,0.031
"('20260608', '2026-06-08T14:42:00+09:00', 'DOWN_BLUE')",20260608,14:42,DOWN_BLUE,-0.041,-0.041,False,FORCED_LIQUIDATION,-0.012
"('20260814', '2026-08-14T14:00:00+09:00', 'DOWN_BLUE')",20260814,14:00,DOWN_BLUE,-0.028,-0.028,False,TIME_WINDOW_BREAKEVEN_STOP,-0.008
