date,entry_time,slot,session,direction,w1a_rules,w1a_extra,w1a_clipped,w1a_applied,strategy_krw,remaining_krw,actual_krw,cut_krw,budget_capped,expo_capped,qty,entry_price,notional_krw,net_pct,pnl_krw,exit_time,exit_reason,day_used_after
20260527,2026-05-27T10:27:00+09:00,1,MORNING,UP_RED,1.0,1.0,1.0,1.0,10000000.0,30000000.0,10000000.0,0.0,False,False,353,28295.0,9988135.0,3.961894,395719.3212769,2026-05-27T11:22:00+09:00,TIME_WINDOW_TP2_FULL,10000000.0
20260528,2026-05-28T09:27:00+09:00,1,MORNING,UP_RED,1.0,1.0,1.0,1.0,10000000.0,30000000.0,10000000.0,0.0,False,False,361,27650.0,9981650.0,3.904571,389740.6112215,2026-05-28T09:42:00+09:00,TIME_WINDOW_TP2_FULL,10000000.0
20260528,2026-05-28T11:06:00+09:00,2,AFTERNOON,UP_RED,0.8,1.0,0.8,0.8,8000000.0,20000000.0,8000000.0,0.0,False,False,280,28495.0,7978600.0,-1.317705,-105134.41113,2026-05-28T11:15:00+09:00,TIME_WINDOW_STOP_LOSS,18000000.0
20260529,2026-05-29T09:42:00+09:00,1,MORNING,DOWN_BLUE,1.0,1.0,1.0,1.0,10000000.0,30000000.0,10000000.0,0.0,False,False,687,14540.0,9988980.0,2.130454,212810.62396919998,2026-05-29T10:06:00+09:00,TIME_WINDOW_AFTER_TP1_STOP,10000000.0
20260529,2026-05-29T13:12:00+09:00,2,AFTERNOON,DOWN_BLUE,1.0,1.0,1.0,1.0,10000000.0,20000000.0,10000000.0,0.0,False,False,659,15160.0,9990440.0,-1.045976,-104497.6046944,2026-05-29T13:36:00+09:00,OPPOSITE_SIGNAL,20000000.0
20260601,2026-06-01T09:21:00+09:00,1,MORNING,DOWN_BLUE,1.0,1.0,1.0,1.0,10000000.0,30000000.0,10000000.0,0.0,False,False,657,15215.0,9996255.0,-1.305291,-130480.21685205,2026-06-01T09:39:00+09:00,TIME_WINDOW_STOP_LOSS,10000000.0
20260601,2026-06-01T09:42:00+09:00,2,MORNING,UP_RED,0.96,1.0,0.96,0.96,9600000.0,20000000.0,9600000.0,0.0,False,False,319,30060.0,9589140.0,4.049834,388344.25202759996,2026-06-01T11:24:00+09:00,PP_EXIT,19600000.0
20260602,2026-06-02T09:39:00+09:00,1,MORNING,UP_RED,1.0,1.0,1.0,1.0,10000000.0,30000000.0,10000000.0,0.0,False,False,327,30545.0,9988215.0,-1.529841,-152803.80823815,2026-06-02T09:45:00+09:00,TIME_WINDOW_STOP_LOSS,10000000.0
20260602,2026-06-02T09:54:00+09:00,2,MORNING,DOWN_BLUE,1.2,1.0,1.2,1.2,12000000.0,20000000.0,12000000.0,0.0,False,False,786,15250.0,11986500.0,-0.745443,-89352.52519500001,2026-06-02T10:21:00+09:00,OPPOSITE_SIGNAL,22000000.0
20260602,2026-06-02T10:21:00+09:00,3,MORNING,UP_RED,0.96,1.0,0.96,0.7999999999999998,9600000.0,8000000.0,8000000.0,1600000.0,True,True,269,29680.0,7983920.0,0.128908,10291.9115936,2026-06-02T10:39:00+09:00,EARLY_TAKE_PROFIT,30000000.0
20260604,2026-06-04T09:39:00+09:00,1,MORNING,UP_RED,1.0,1.0,1.0,1.0,10000000.0,30000000.0,10000000.0,0.0,False,False,339,29485.0,9995415.0,-2.107037,-210607.09235355002,2026-06-04T09:51:00+09:00,TIME_WINDOW_STOP_LOSS,10000000.0
20260604,2026-06-04T09:57:00+09:00,2,MORNING,DOWN_BLUE,1.2,1.0,1.2,1.2,12000000.0,20000000.0,12000000.0,0.0,False,False,766,15665.0,11999390.0,-1.398085,-167761.6716815,2026-06-04T10:12:00+09:00,TIME_WINDOW_STOP_LOSS,22000000.0
20260604,2026-06-04T10:36:00+09:00,3,MORNING,UP_RED,0.96,1.0,0.96,0.7999999999999998,9600000.0,8000000.0,8000000.0,1600000.0,True,True,273,29225.0,7978425.0,-1.885577,-150439.34676225,2026-06-04T10:45:00+09:00,TIME_WINDOW_STOP_LOSS,30000000.0
20260605,2026-06-05T09:45:00+09:00,1,MORNING,UP_RED,1.0,1.0,1.0,1.0,10000000.0,30000000.0,10000000.0,0.0,False,False,412,24250.0,9991000.0,-1.635711,-163423.88601,2026-06-05T09:51:00+09:00,TIME_WINDOW_STOP_LOSS,10000000.0
20260608,2026-06-08T10:48:00+09:00,1,MORNING,UP_RED,0.8,1.0,0.8,0.8,8000000.0,30000000.0,8000000.0,0.0,False,False,375,21310.0,7991250.0,3.911,312537.7875,2026-06-08T11:04:00+09:00,TIME_WINDOW_TP2_FULL,8000000.0
20260608,2026-06-08T14:42:00+09:00,2,AFTERNOON,DOWN_BLUE,1.0,1.0,1.0,1.0,10000000.0,22000000.0,10000000.0,0.0,False,False,490,20400.0,9996000.0,-0.04098,-4096.3608,2026-06-08T15:00:00+09:00,FORCED_LIQUIDATION,18000000.0
20260609,2026-06-09T09:39:00+09:00,1,MORNING,DOWN_BLUE,1.0,1.0,1.0,1.0,10000000.0,30000000.0,10000000.0,0.0,False,False,560,17850.0,9996000.0,4.227361,422567.00556,2026-06-09T10:18:00+09:00,TIME_WINDOW_TP2_FULL,10000000.0
20260609,2026-06-09T10:39:00+09:00,2,MORNING,UP_RED,1.0,1.0,1.0,1.0,10000000.0,20000000.0,10000000.0,0.0,False,False,442,22595.0,9986990.0,-0.289046,-28866.995115400005,2026-06-09T11:15:00+09:00,OPPOSITE_SIGNAL,20000000.0
20260609,2026-06-09T12:12:00+09:00,3,AFTERNOON,UP_RED,1.0,1.0,1.0,1.0,10000000.0,10000000.0,10000000.0,0.0,False,False,439,22765.0,9993835.0,4.234922,423231.1170587,2026-06-09T12:39:00+09:00,TIME_WINDOW_AFTERNOON_TP,30000000.0
20260610,2026-06-10T10:15:00+09:00,1,MORNING,UP_RED,1.0,1.0,1.0,1.0,10000000.0,30000000.0,10000000.0,0.0,False,False,420,23780.0,9987600.0,-1.393019,-139129.165644,2026-06-10T10:51:00+09:00,TIME_WINDOW_STOP_LOSS,10000000.0
20260610,2026-06-10T10:57:00+09:00,2,MORNING,DOWN_BLUE,1.2,1.0,1.2,1.2,12000000.0,20000000.0,12000000.0,0.0,False,False,845,14200.0,11999000.0,1.071479,128566.76521000001,2026-06-10T11:48:00+09:00,OPPOSITE_SIGNAL,22000000.0
20260610,2026-06-10T12:39:00+09:00,3,AFTERNOON,DOWN_BLUE,1.2,1.0,1.2,0.7999999999999998,12000000.0,8000000.0,8000000.0,4000000.0,True,True,550,14545.0,7999750.0,4.445651,355640.96587250003,2026-06-10T13:28:00+09:00,TIME_WINDOW_AFTERNOON_TP,30000000.0
20260611,2026-06-11T09:09:00+09:00,1,MORNING,DOWN_BLUE,1.0,1.0,1.0,1.0,10000000.0,30000000.0,10000000.0,0.0,False,False,618,16180.0,9999240.0,-3.642213,-364193.6191812,2026-06-11T09:15:00+09:00,TIME_WINDOW_STOP_LOSS,10000000.0
20260611,2026-06-11T09:21:00+09:00,2,MORNING,UP_RED,1.2,1.0,1.2,1.2,12000000.0,20000000.0,12000000.0,0.0,False,False,554,21655.0,11996870.0,-1.959409,-235067.7504983,2026-06-11T09:36:00+09:00,TIME_WINDOW_STOP_LOSS,22000000.0
20260611,2026-06-11T12:18:00+09:00,3,AFTERNOON,DOWN_BLUE,1.2,1.0,1.2,0.7999999999999998,12000000.0,8000000.0,8000000.0,4000000.0,True,True,530,15085.0,7995050.0,-1.879019,-150228.50855949998,2026-06-11T12:24:00+09:00,TIME_WINDOW_STOP_LOSS,30000000.0
20260612,2026-06-12T09:48:00+09:00,1,MORNING,DOWN_BLUE,1.0,1.0,1.0,1.0,10000000.0,30000000.0,10000000.0,0.0,False,False,844,11845.0,9997180.0,4.281131,427992.37210579996,2026-06-12T10:41:00+09:00,TIME_WINDOW_TP2_FULL,10000000.0
20260615,2026-06-15T09:06:00+09:00,1,MORNING,UP_RED,1.0,1.0,1.0,1.0,10000000.0,30000000.0,10000000.0,0.0,False,False,373,26795.0,9994535.0,2.763725,276221.46242875,2026-06-15T09:57:00+09:00,OPPOSITE_SIGNAL,10000000.0
20260615,2026-06-15T09:57:00+09:00,2,MORNING,DOWN_BLUE,1.0,1.0,1.0,1.0,10000000.0,20000000.0,10000000.0,0.0,False,False,862,11590.0,9990580.0,3.954806,395108.0572748,2026-06-15T10:56:00+09:00,TIME_WINDOW_TP2_FULL,20000000.0
20260615,2026-06-15T13:15:00+09:00,3,AFTERNOON,UP_RED,1.0,1.0,1.0,1.0,10000000.0,10000000.0,10000000.0,0.0,False,False,363,27480.0,9975240.0,-2.290611,-228493.94471640003,2026-06-15T14:36:00+09:00,TIME_WINDOW_STOP_LOSS,30000000.0
20260616,2026-06-16T09:45:00+09:00,1,MORNING,DOWN_BLUE,1.0,1.0,1.0,1.0,10000000.0,30000000.0,10000000.0,0.0,False,False,890,11225.0,9990250.0,4.050708,404675.85597000003,2026-06-16T10:06:00+09:00,TIME_WINDOW_TP2_FULL,10000000.0
20260616,2026-06-16T10:36:00+09:00,2,MORNING,UP_RED,1.0,1.0,1.0,1.0,10000000.0,20000000.0,10000000.0,0.0,False,False,355,28090.0,9971950.0,4.055536,404416.022152,2026-06-16T12:45:00+09:00,SMALL_WHIPSAW_HOLD_EXIT,20000000.0
20260616,2026-06-16T14:12:00+09:00,3,AFTERNOON,UP_RED,1.0,1.0,1.0,1.0,10000000.0,10000000.0,10000000.0,0.0,False,False,342,29210.0,9989820.0,-1.270558,-126926.45719560001,2026-06-16T14:51:00+09:00,TIME_WINDOW_STOP_LOSS,30000000.0
20260617,2026-06-17T09:42:00+09:00,1,MORNING,DOWN_BLUE,0.8,1.0,0.8,0.8,8000000.0,30000000.0,8000000.0,0.0,False,False,738,10830.0,7992540.0,-0.689843,-55135.977712199994,2026-06-17T10:18:00+09:00,OPPOSITE_SIGNAL,8000000.0
20260617,2026-06-17T10:18:00+09:00,2,MORNING,UP_RED,1.0,1.0,1.0,1.0,10000000.0,22000000.0,10000000.0,0.0,False,False,337,29600.0,9975200.0,0.923074,92078.47764799999,2026-06-17T11:48:00+09:00,SMALL_WHIPSAW_HOLD_EXIT,18000000.0
20260617,2026-06-17T12:51:00+09:00,3,AFTERNOON,UP_RED,1.0,1.0,1.0,1.0,10000000.0,12000000.0,10000000.0,0.0,False,False,333,30030.0,9999990.0,4.187146,418714.1812854,2026-06-17T13:29:00+09:00,TIME_WINDOW_AFTERNOON_TP,28000000.0
20260618,2026-06-18T09:06:00+09:00,1,MORNING,UP_RED,1.0,1.0,1.0,1.0,10000000.0,30000000.0,10000000.0,0.0,False,False,284,35170.0,9988280.0,-0.587376,-58668.7595328,2026-06-18T09:51:00+09:00,OPPOSITE_SIGNAL,10000000.0
20260618,2026-06-18T09:51:00+09:00,2,MORNING,DOWN_BLUE,1.0,1.0,1.0,1.0,10000000.0,20000000.0,10000000.0,0.0,False,False,1121,8915.0,9993715.0,-0.818845,-81833.03559175,2026-06-18T11:12:00+09:00,OPPOSITE_SIGNAL,20000000.0
20260618,2026-06-18T11:12:00+09:00,3,AFTERNOON,UP_RED,1.0,1.0,1.0,1.0,10000000.0,10000000.0,10000000.0,0.0,False,False,283,35240.0,9972920.0,3.285329,327643.2329068,2026-06-18T12:33:00+09:00,SMALL_WHIPSAW_HOLD_EXIT,30000000.0
20260619,2026-06-19T09:06:00+09:00,1,MORNING,UP_RED,1.0,1.0,1.0,1.0,10000000.0,30000000.0,10000000.0,0.0,False,False,243,41150.0,9999450.0,-2.203256,-220313.48209200002,2026-06-19T09:12:00+09:00,TIME_WINDOW_STOP_LOSS,10000000.0
20260619,2026-06-19T09:42:00+09:00,2,MORNING,DOWN_BLUE,0.96,1.0,0.96,0.96,9600000.0,20000000.0,9600000.0,0.0,False,False,1299,7390.0,9599610.0,-1.780785,-170948.4149385,2026-06-19T10:03:00+09:00,TIME_WINDOW_STOP_LOSS,19600000.0
20260619,2026-06-19T10:24:00+09:00,3,MORNING,UP_RED,1.2,1.0,1.2,1.04,12000000.0,10400000.0,10400000.0,1600000.0,True,True,245,42430.0,10395350.0,-0.643601,-66904.5765535,2026-06-19T10:39:00+09:00,OPPOSITE_SIGNAL,30000000.0
20260622,2026-06-22T09:15:00+09:00,1,MORNING,DOWN_BLUE,1.0,1.0,1.0,1.0,10000000.0,30000000.0,10000000.0,0.0,False,False,1284,7785.0,9995940.0,-2.33693,-233598.12064200002,2026-06-22T09:27:00+09:00,TIME_WINDOW_STOP_LOSS,10000000.0
20260622,2026-06-22T09:30:00+09:00,2,MORNING,UP_RED,1.2,1.0,1.2,1.2,12000000.0,20000000.0,12000000.0,0.0,False,False,296,40405.0,11959880.0,8.283901,990744.6189188,2026-06-22T10:22:00+09:00,TIME_WINDOW_TP2_FULL,22000000.0
20260622,2026-06-22T12:21:00+09:00,3,AFTERNOON,UP_RED,1.2,1.0,1.2,0.7999999999999998,12000000.0,8000000.0,8000000.0,4000000.0,True,True,183,43560.0,7971480.0,-2.281382,-181859.90985359997,2026-06-22T13:15:00+09:00,TIME_WINDOW_STOP_LOSS,30000000.0
20260623,2026-06-23T10:33:00+09:00,1,MORNING,DOWN_BLUE,1.0,1.0,1.0,1.0,10000000.0,30000000.0,10000000.0,0.0,False,False,1351,7400.0,9997400.0,3.624595,362365.26052999997,2026-06-23T11:18:00+09:00,OPPOSITE_SIGNAL,10000000.0
20260623,2026-06-23T12:30:00+09:00,2,AFTERNOON,DOWN_BLUE,1.0,1.0,1.0,1.0,10000000.0,20000000.0,10000000.0,0.0,False,False,1254,7970.0,9994380.0,0.160728,16063.767086400001,2026-06-23T12:42:00+09:00,TIME_WINDOW_BREAKEVEN_STOP,20000000.0
20260624,2026-06-24T10:00:00+09:00,1,MORNING,DOWN_BLUE,1.0,1.0,1.0,1.0,10000000.0,30000000.0,10000000.0,0.0,False,False,1249,8005.0,9998245.0,4.342761,434199.88454445003,2026-06-24T10:10:00+09:00,TIME_WINDOW_TP2_FULL,10000000.0
20260624,2026-06-24T10:39:00+09:00,2,MORNING,UP_RED,1.0,1.0,1.0,1.0,10000000.0,20000000.0,10000000.0,0.0,False,False,283,35220.0,9967260.0,-2.27527,-226782.076602,2026-06-24T10:48:00+09:00,TIME_WINDOW_STOP_LOSS,20000000.0
20260624,2026-06-24T13:18:00+09:00,3,AFTERNOON,DOWN_BLUE,1.0,1.0,1.0,1.0,10000000.0,10000000.0,10000000.0,0.0,False,False,1085,9215.0,9998275.0,-1.228974,-122876.20019850001,2026-06-24T13:33:00+09:00,TIME_WINDOW_STOP_LOSS,30000000.0
20260625,2026-06-25T09:06:00+09:00,1,MORNING,UP_RED,1.0,1.0,1.0,1.0,10000000.0,30000000.0,10000000.0,0.0,False,False,749,13340.0,9991660.0,2.082984,208124.6791344,2026-06-25T09:51:00+09:00,OPPOSITE_SIGNAL,10000000.0
20260625,2026-06-25T09:51:00+09:00,2,MORNING,DOWN_BLUE,1.0,1.0,1.0,1.0,10000000.0,20000000.0,10000000.0,0.0,False,False,842,11875.0,9998750.0,-1.394695,-139452.06631249998,2026-06-25T10:18:00+09:00,TIME_WINDOW_STOP_LOSS,20000000.0
20260626,2026-06-26T09:06:00+09:00,1,MORNING,DOWN_BLUE,1.0,1.0,1.0,1.0,10000000.0,30000000.0,10000000.0,0.0,False,False,811,12320.0,9991520.0,8.144886,813797.9136671999,2026-06-26T10:22:00+09:00,TIME_WINDOW_TP2_FULL,10000000.0
20260629,2026-06-29T09:36:00+09:00,1,MORNING,UP_RED,1.0,1.0,1.0,1.0,10000000.0,30000000.0,10000000.0,0.0,False,False,767,13025.0,9990175.0,-1.31785,-131655.52123749998,2026-06-29T10:03:00+09:00,TIME_WINDOW_STOP_LOSS,10000000.0
20260630,2026-06-30T09:27:00+09:00,1,MORNING,UP_RED,1.0,1.0,1.0,1.0,10000000.0,30000000.0,10000000.0,0.0,False,False,742,13475.0,9998450.0,8.106642,810538.5470490002,2026-06-30T11:34:00+09:00,TIME_WINDOW_TP2_FULL,10000000.0
20260701,2026-07-01T09:21:00+09:00,1,MORNING,DOWN_BLUE,1.0,1.0,1.0,1.0,10000000.0,30000000.0,10000000.0,0.0,False,False,804,12430.0,9993720.0,8.031858,802681.3993176,2026-07-01T11:20:00+09:00,TIME_WINDOW_TP2_FULL,10000000.0
20260702,2026-07-02T09:45:00+09:00,1,MORNING,UP_RED,1.0,1.0,1.0,1.0,10000000.0,30000000.0,10000000.0,0.0,False,False,777,12870.0,9999990.0,-1.332634,-133263.2667366,2026-07-02T09:57:00+09:00,TIME_WINDOW_STOP_LOSS,10000000.0
20260703,2026-07-03T09:12:00+09:00,1,MORNING,UP_RED,1.0,1.0,1.0,1.0,10000000.0,30000000.0,10000000.0,0.0,False,False,737,13560.0,9993720.0,3.905251,390279.8502372,2026-07-03T09:44:00+09:00,TIME_WINDOW_TP2_FULL,10000000.0
20260706,2026-07-06T09:21:00+09:00,1,MORNING,DOWN_BLUE,1.0,1.0,1.0,1.0,10000000.0,30000000.0,10000000.0,0.0,False,False,801,12475.0,9992475.0,3.836088,383320.13437800005,2026-07-06T10:13:00+09:00,TIME_WINDOW_TP2_FULL,10000000.0
20260708,2026-07-08T09:42:00+09:00,1,MORNING,UP_RED,1.0,1.0,1.0,1.0,10000000.0,30000000.0,10000000.0,0.0,False,False,759,13160.0,9988440.0,-1.343237,-134168.4218028,2026-07-08T10:33:00+09:00,TIME_WINDOW_STOP_LOSS,10000000.0
20260709,2026-07-09T09:06:00+09:00,1,MORNING,UP_RED,1.0,1.0,1.0,1.0,10000000.0,30000000.0,10000000.0,0.0,False,False,754,13255.0,9994270.0,-1.447378,-144654.8652406,2026-07-09T09:21:00+09:00,TIME_WINDOW_STOP_LOSS,10000000.0
20260709,2026-07-09T09:54:00+09:00,2,MORNING,DOWN_BLUE,1.2,1.0,1.2,1.2,12000000.0,20000000.0,12000000.0,0.0,False,False,941,12750.0,11997750.0,6.064078,727552.9182450001,2026-07-09T12:00:00+09:00,PP_EXIT,22000000.0
20260710,2026-07-10T09:06:00+09:00,1,MORNING,UP_RED,1.0,1.0,1.0,1.0,10000000.0,30000000.0,10000000.0,0.0,False,False,755,13235.0,9992425.0,-1.411711,-141064.16289175,2026-07-10T09:27:00+09:00,TIME_WINDOW_STOP_LOSS,10000000.0
20260710,2026-07-10T09:45:00+09:00,2,MORNING,DOWN_BLUE,1.2,1.0,1.2,1.2,12000000.0,20000000.0,12000000.0,0.0,False,False,949,12635.0,11990615.0,5.724495,686402.1561442501,2026-07-10T12:03:00+09:00,PP_EXIT,22000000.0
20260714,2026-07-14T09:21:00+09:00,1,MORNING,UP_RED,1.0,1.0,1.0,1.0,10000000.0,30000000.0,10000000.0,0.0,False,False,741,13495.0,9999795.0,3.850419,385034.00664105,2026-07-14T10:17:00+09:00,TIME_WINDOW_TP2_FULL,10000000.0
20260715,2026-07-15T09:45:00+09:00,1,MORNING,DOWN_BLUE,1.0,1.0,1.0,1.0,10000000.0,30000000.0,10000000.0,0.0,False,False,1142,8755.0,9998210.0,-3.229583,-322900.4904643,2026-07-15T09:51:00+09:00,TIME_WINDOW_STOP_LOSS,10000000.0
20260715,2026-07-15T11:18:00+09:00,2,AFTERNOON,UP_RED,1.2,1.0,1.2,1.2,12000000.0,20000000.0,12000000.0,0.0,False,False,610,19655.0,11989550.0,-1.259629,-151023.8487695,2026-07-15T11:24:00+09:00,TIME_WINDOW_STOP_LOSS,22000000.0
20260716,2026-07-16T09:06:00+09:00,1,MORNING,DOWN_BLUE,1.0,1.0,1.0,1.0,10000000.0,30000000.0,10000000.0,0.0,False,False,935,10685.0,9990475.0,5.14862,514371.59394500003,2026-07-16T09:54:00+09:00,OPPOSITE_SIGNAL,10000000.0
20260720,2026-07-20T09:18:00+09:00,1,MORNING,UP_RED,1.0,1.0,1.0,1.0,10000000.0,30000000.0,10000000.0,0.0,False,False,667,14980.0,9991660.0,-2.492123,-249004.45694179996,2026-07-20T09:30:00+09:00,TIME_WINDOW_STOP_LOSS,10000000.0
20260720,2026-07-20T09:54:00+09:00,2,MORNING,DOWN_BLUE,1.2,1.0,1.2,1.2,12000000.0,20000000.0,12000000.0,0.0,False,False,1059,11330.0,11998470.0,9.437952,1132409.8393344,2026-07-20T10:54:00+09:00,TIME_WINDOW_TP2_FULL,22000000.0
20260720,2026-07-20T13:18:00+09:00,3,AFTERNOON,DOWN_BLUE,1.2,1.0,1.2,0.7999999999999998,12000000.0,8000000.0,8000000.0,4000000.0,True,True,645,12400.0,7998000.0,-1.661855,-132915.1629,2026-07-20T13:24:00+09:00,TIME_WINDOW_STOP_LOSS,30000000.0
20260721,2026-07-21T09:21:00+09:00,1,MORNING,UP_RED,1.0,1.0,1.0,1.0,10000000.0,30000000.0,10000000.0,0.0,False,False,746,13400.0,9996400.0,5.95209,594994.72476,2026-07-21T10:54:00+09:00,PP_EXIT,10000000.0
20260721,2026-07-21T11:48:00+09:00,2,AFTERNOON,UP_RED,1.0,1.0,1.0,1.0,10000000.0,20000000.0,10000000.0,0.0,False,False,701,14260.0,9996260.0,4.080645,407911.883877,2026-07-21T12:38:00+09:00,TIME_WINDOW_AFTERNOON_TP,20000000.0
20260722,2026-07-22T09:45:00+09:00,1,MORNING,DOWN_BLUE,0.8,1.0,0.8,0.8,8000000.0,30000000.0,8000000.0,0.0,False,False,847,9440.0,7995680.0,-1.519492,-121493.7179456,2026-07-22T10:15:00+09:00,TIME_WINDOW_STOP_LOSS,8000000.0
20260722,2026-07-22T13:39:00+09:00,2,AFTERNOON,DOWN_BLUE,1.2,1.0,1.2,1.2,12000000.0,22000000.0,12000000.0,0.0,False,False,1204,9965.0,11997860.0,4.373708,524751.3626487999,2026-07-22T14:06:00+09:00,TIME_WINDOW_AFTERNOON_TP,20000000.0
20260723,2026-07-23T10:27:00+09:00,1,MORNING,DOWN_BLUE,1.0,1.0,1.0,1.0,10000000.0,30000000.0,10000000.0,0.0,False,False,968,10320.0,9989760.0,4.75281,474794.31225600006,2026-07-23T11:45:00+09:00,PP_EXIT,10000000.0
20260723,2026-07-23T13:24:00+09:00,2,AFTERNOON,UP_RED,1.0,1.0,1.0,1.0,10000000.0,20000000.0,10000000.0,0.0,False,False,640,15625.0,10000000.0,-1.209472,-120947.20000000001,2026-07-23T13:42:00+09:00,TIME_WINDOW_STOP_LOSS,20000000.0
20260723,2026-07-23T14:48:00+09:00,3,AFTERNOON,DOWN_BLUE,0.8,1.0,0.8,0.8,8000000.0,10000000.0,8000000.0,0.0,False,False,755,10595.0,7999225.0,-0.56168,-44930.04698,2026-07-23T15:00:00+09:00,FORCED_LIQUIDATION,28000000.0
20260727,2026-07-27T09:06:00+09:00,1,MORNING,UP_RED,1.0,1.0,1.0,1.0,10000000.0,30000000.0,10000000.0,0.0,False,False,751,13300.0,9988300.0,0.43609,43557.97747,2026-07-27T10:24:00+09:00,OPPOSITE_SIGNAL,10000000.0
20260727,2026-07-27T10:24:00+09:00,2,MORNING,DOWN_BLUE,1.0,1.0,1.0,1.0,10000000.0,20000000.0,10000000.0,0.0,False,False,816,12245.0,9991920.0,8.072846,806632.3140432,2026-07-27T12:55:00+09:00,TIME_WINDOW_TP2_FULL,20000000.0
20260728,2026-07-28T09:06:00+09:00,1,MORNING,DOWN_BLUE,1.0,1.0,1.0,1.0,10000000.0,30000000.0,10000000.0,0.0,False,False,811,12325.0,9995575.0,4.005517,400374.4558727501,2026-07-28T10:00:00+09:00,OPPOSITE_SIGNAL,10000000.0
20260730,2026-07-30T09:36:00+09:00,1,MORNING,UP_RED,1.0,1.0,1.0,1.0,10000000.0,30000000.0,10000000.0,0.0,False,False,769,12990.0,9989310.0,-1.398075,-139658.0457825,2026-07-30T09:54:00+09:00,TIME_WINDOW_STOP_LOSS,10000000.0
20260731,2026-07-31T09:06:00+09:00,1,MORNING,UP_RED,1.0,1.0,1.0,1.0,10000000.0,30000000.0,10000000.0,0.0,False,False,755,13240.0,9996200.0,-1.373414,-137289.210268,2026-07-31T09:30:00+09:00,TIME_WINDOW_STOP_LOSS,10000000.0
20260731,2026-07-31T09:48:00+09:00,2,MORNING,DOWN_BLUE,1.2,1.0,1.2,1.2,12000000.0,20000000.0,12000000.0,0.0,False,False,941,12740.0,11988340.0,3.864301,463265.5425034,2026-07-31T10:44:00+09:00,TIME_WINDOW_TP2_FULL,22000000.0
20260803,2026-08-03T09:45:00+09:00,1,MORNING,UP_RED,1.0,1.0,1.0,1.0,10000000.0,30000000.0,10000000.0,0.0,False,False,1043,9585.0,9997155.0,1.66193,166145.7180915,2026-08-03T10:09:00+09:00,TIME_WINDOW_TRAILING_STOP,10000000.0
20260803,2026-08-03T10:36:00+09:00,2,MORNING,DOWN_BLUE,1.0,1.0,1.0,1.0,10000000.0,20000000.0,10000000.0,0.0,False,False,1049,9530.0,9996970.0,-2.345016,-234430.54601520003,2026-08-03T10:42:00+09:00,TIME_WINDOW_STOP_LOSS,20000000.0
20260803,2026-08-03T13:06:00+09:00,3,AFTERNOON,DOWN_BLUE,1.0,1.0,1.0,1.0,10000000.0,10000000.0,10000000.0,0.0,False,False,1065,9385.0,9995025.0,-2.060416,-205939.094304,2026-08-03T13:21:00+09:00,TIME_WINDOW_STOP_LOSS,30000000.0
20260804,2026-08-04T09:06:00+09:00,1,MORNING,UP_RED,1.0,1.0,1.0,1.0,10000000.0,30000000.0,10000000.0,0.0,False,False,1047,9545.0,9993615.0,-2.969722,-296782.58325029997,2026-08-04T09:15:00+09:00,TIME_WINDOW_STOP_LOSS,10000000.0
20260804,2026-08-04T09:27:00+09:00,2,MORNING,DOWN_BLUE,0.96,1.0,0.96,0.96,9600000.0,20000000.0,9600000.0,0.0,False,False,999,9605.0,9595395.0,8.963769,860109.04243755,2026-08-04T09:58:00+09:00,TIME_WINDOW_TP2_FULL,19600000.0
20260804,2026-08-04T13:00:00+09:00,3,AFTERNOON,DOWN_BLUE,1.2,1.0,1.2,1.04,12000000.0,10400000.0,10400000.0,1600000.0,True,True,1025,10145.0,10398625.0,0.99379,103340.4953875,2026-08-04T13:18:00+09:00,TIME_WINDOW_PROFIT_LOCK_STOP,30000000.0
20260805,2026-08-05T09:45:00+09:00,1,MORNING,DOWN_BLUE,1.0,1.0,1.0,1.0,10000000.0,30000000.0,10000000.0,0.0,False,False,1232,8115.0,9997680.0,4.65215,465107.07011999993,2026-08-05T10:03:00+09:00,TIME_WINDOW_TP2_FULL,10000000.0
20260805,2026-08-05T11:00:00+09:00,2,AFTERNOON,UP_RED,1.0,1.0,1.0,1.0,10000000.0,20000000.0,10000000.0,0.0,False,False,943,10595.0,9991085.0,-2.118358,-211646.94838430002,2026-08-05T11:09:00+09:00,TIME_WINDOW_STOP_LOSS,20000000.0
20260806,2026-08-06T09:06:00+09:00,1,MORNING,DOWN_BLUE,1.0,1.0,1.0,1.0,10000000.0,30000000.0,10000000.0,0.0,False,False,1101,9080.0,9997080.0,8.276211,827379.4346388,2026-08-06T10:00:00+09:00,TIME_WINDOW_TP2_FULL,10000000.0
20260806,2026-08-06T12:09:00+09:00,2,AFTERNOON,DOWN_BLUE,1.0,1.0,1.0,1.0,10000000.0,20000000.0,10000000.0,0.0,False,False,1021,9785.0,9990485.0,0.36975,36939.818287500006,2026-08-06T14:03:00+09:00,TIME_WINDOW_PROFIT_LOCK_STOP,20000000.0
20260807,2026-08-07T09:06:00+09:00,1,MORNING,UP_RED,1.0,1.0,1.0,1.0,10000000.0,30000000.0,10000000.0,0.0,False,False,1164,8590.0,9998760.0,-1.719092,-171887.8832592,2026-08-07T09:12:00+09:00,TIME_WINDOW_STOP_LOSS,10000000.0
20260807,2026-08-07T09:24:00+09:00,2,MORNING,DOWN_BLUE,0.96,1.0,0.96,0.96,9600000.0,20000000.0,9600000.0,0.0,False,False,938,10225.0,9591050.0,0.98533,94503.49296500001,2026-08-07T09:54:00+09:00,TIME_WINDOW_TRAILING_STOP,19600000.0
20260807,2026-08-07T10:15:00+09:00,3,MORNING,DOWN_BLUE,1.2,1.0,1.2,1.04,12000000.0,10400000.0,10400000.0,1600000.0,True,True,971,10700.0,10389700.0,2.29215,238147.50855,2026-08-07T10:57:00+09:00,OPPOSITE_SIGNAL,30000000.0
20260810,2026-08-10T09:45:00+09:00,1,MORNING,DOWN_BLUE,0.8,1.0,0.8,0.8,8000000.0,30000000.0,8000000.0,0.0,False,False,742,10770.0,7991340.0,-1.57493,-125858.011062,2026-08-10T10:24:00+09:00,TIME_WINDOW_STOP_LOSS,8000000.0
20260810,2026-08-10T10:54:00+09:00,2,MORNING,UP_RED,1.2,1.0,1.2,1.2,12000000.0,22000000.0,12000000.0,0.0,False,False,1555,7715.0,11996825.0,-2.033312,-243932.882344,2026-08-10T11:00:00+09:00,TIME_WINDOW_STOP_LOSS,20000000.0
20260810,2026-08-10T11:09:00+09:00,3,AFTERNOON,DOWN_BLUE,0.96,1.0,0.96,0.96,9600000.0,10000000.0,9600000.0,0.0,False,False,895,10720.0,9594400.0,0.422761,40561.381384,2026-08-10T11:39:00+09:00,EARLY_TAKE_PROFIT,29600000.0
20260811,2026-08-11T09:06:00+09:00,1,MORNING,DOWN_BLUE,1.0,1.0,1.0,1.0,10000000.0,30000000.0,10000000.0,0.0,False,False,873,11450.0,9995850.0,0.521048,52083.176508,2026-08-11T09:54:00+09:00,OPPOSITE_SIGNAL,10000000.0
20260811,2026-08-11T09:54:00+09:00,2,MORNING,UP_RED,1.0,1.0,1.0,1.0,10000000.0,20000000.0,10000000.0,0.0,False,False,1417,7055.0,9996935.0,-2.144437,-214377.97300595,2026-08-11T10:03:00+09:00,TIME_WINDOW_STOP_LOSS,20000000.0
20260811,2026-08-11T11:51:00+09:00,3,AFTERNOON,UP_RED,1.0,1.0,1.0,1.0,10000000.0,10000000.0,10000000.0,0.0,False,False,1358,7360.0,9994880.0,2.150815,214971.37827200003,2026-08-11T13:24:00+09:00,SMALL_WHIPSAW_HOLD_EXIT,30000000.0
20260812,2026-08-12T09:48:00+09:00,1,MORNING,DOWN_BLUE,1.0,1.0,1.0,1.0,10000000.0,30000000.0,10000000.0,0.0,False,False,950,10520.0,9994000.0,-0.897719,-89718.03686000001,2026-08-12T10:33:00+09:00,OPPOSITE_SIGNAL,10000000.0
20260813,2026-08-13T09:45:00+09:00,1,MORNING,DOWN_BLUE,0.8,1.0,0.8,0.8,8000000.0,30000000.0,8000000.0,0.0,False,False,929,8610.0,7998690.0,-2.585947,-206841.8840943,2026-08-13T09:51:00+09:00,TIME_WINDOW_STOP_LOSS,8000000.0
20260813,2026-08-13T12:00:00+09:00,2,AFTERNOON,UP_RED,0.96,1.0,0.96,0.96,9600000.0,22000000.0,9600000.0,0.0,False,False,1013,9475.0,9598175.0,0.648443,62238.693915250005,2026-08-13T13:15:00+09:00,EARLY_TAKE_PROFIT,17600000.0
20260813,2026-08-13T14:24:00+09:00,3,AFTERNOON,DOWN_BLUE,1.2,1.0,1.2,1.2,12000000.0,12400000.0,12000000.0,0.0,False,False,1417,8465.0,11994905.0,3.216302,385792.3694131,2026-08-13T15:00:00+09:00,FORCED_LIQUIDATION,29600000.0
20260814,2026-08-14T09:51:00+09:00,1,MORNING,DOWN_BLUE,1.0,1.0,1.0,1.0,10000000.0,30000000.0,10000000.0,0.0,False,False,1287,7770.0,9999990.0,3.859279,385927.5140721,2026-08-14T10:25:00+09:00,TIME_WINDOW_TP2_FULL,10000000.0
20260814,2026-08-14T13:06:00+09:00,2,AFTERNOON,DOWN_BLUE,1.0,1.0,1.0,1.0,10000000.0,20000000.0,10000000.0,0.0,False,False,1222,8180.0,9995960.0,-1.31198,-131144.996008,2026-08-14T13:15:00+09:00,TIME_WINDOW_STOP_LOSS,20000000.0
20260818,2026-08-18T09:06:00+09:00,1,MORNING,UP_RED,1.0,1.0,1.0,1.0,10000000.0,30000000.0,10000000.0,0.0,False,False,912,10960.0,9995520.0,2.645985,264479.959872,2026-08-18T09:57:00+09:00,OPPOSITE_SIGNAL,10000000.0
20260818,2026-08-18T09:57:00+09:00,2,MORNING,DOWN_BLUE,1.0,1.0,1.0,1.0,10000000.0,20000000.0,10000000.0,0.0,False,False,1457,6860.0,9995020.0,3.873265,387133.61140299996,2026-08-18T10:45:00+09:00,TIME_WINDOW_TP2_FULL,20000000.0
20260819,2026-08-19T09:09:00+09:00,1,MORNING,DOWN_BLUE,1.0,1.0,1.0,1.0,10000000.0,30000000.0,10000000.0,0.0,False,False,1077,9280.0,9994560.0,0.448599,44835.4962144,2026-08-19T09:30:00+09:00,OPPOSITE_SIGNAL,10000000.0
20260819,2026-08-19T09:30:00+09:00,2,MORNING,UP_RED,1.0,1.0,1.0,1.0,10000000.0,20000000.0,10000000.0,0.0,False,False,1219,8200.0,9995800.0,4.82239,482036.45962000004,2026-08-19T10:06:00+09:00,TIME_WINDOW_TP2_FULL,20000000.0
20260819,2026-08-19T11:09:00+09:00,3,AFTERNOON,DOWN_BLUE,1.0,1.0,1.0,1.0,10000000.0,10000000.0,10000000.0,0.0,False,False,1085,9210.0,9992850.0,0.995223,99451.1415555,2026-08-19T12:54:00+09:00,SMALL_WHIPSAW_HOLD_EXIT,30000000.0
20260820,2026-08-20T09:24:00+09:00,1,MORNING,UP_RED,0.8,1.0,0.8,0.8,8000000.0,30000000.0,8000000.0,0.0,False,False,853,9370.0,7992610.0,4.44365,355163.614265,2026-08-20T10:24:00+09:00,PP_EXIT,8000000.0
20260820,2026-08-20T10:42:00+09:00,2,MORNING,UP_RED,1.0,1.0,1.0,1.0,10000000.0,22000000.0,10000000.0,0.0,False,False,992,10080.0,9999360.0,0.257044,25702.754918399998,2026-08-20T11:15:00+09:00,OPPOSITE_SIGNAL,18000000.0
20260820,2026-08-20T12:21:00+09:00,3,AFTERNOON,UP_RED,1.0,1.0,1.0,1.0,10000000.0,12000000.0,10000000.0,0.0,False,False,990,10100.0,9999000.0,1.394554,139441.45446,2026-08-20T13:39:00+09:00,SMALL_WHIPSAW_HOLD_EXIT,28000000.0
20260821,2026-08-21T09:09:00+09:00,1,MORNING,UP_RED,1.0,1.0,1.0,1.0,10000000.0,30000000.0,10000000.0,0.0,False,False,982,10180.0,9996760.0,8.403143,840042.0381668,2026-08-21T09:51:00+09:00,TIME_WINDOW_TP2_FULL,10000000.0
20260821,2026-08-21T10:12:00+09:00,2,MORNING,DOWN_BLUE,0.8,1.0,0.8,0.8,8000000.0,20000000.0,8000000.0,0.0,False,False,1216,6575.0,7995200.0,-1.382205,-110510.05416,2026-08-21T10:18:00+09:00,TIME_WINDOW_STOP_LOSS,18000000.0
20260821,2026-08-21T10:21:00+09:00,3,MORNING,UP_RED,1.0,1.0,1.0,1.0,10000000.0,12000000.0,10000000.0,0.0,False,False,905,11045.0,9995725.0,-2.397737,-239671.19674324998,2026-08-21T10:33:00+09:00,OPPOSITE_SIGNAL,28000000.0
20260824,2026-08-24T09:57:00+09:00,1,MORNING,UP_RED,1.0,1.0,1.0,1.0,10000000.0,30000000.0,10000000.0,0.0,False,False,915,10925.0,9996375.0,-2.194325,-219352.95571875002,2026-08-24T10:36:00+09:00,TIME_WINDOW_STOP_LOSS,10000000.0
20260824,2026-08-24T10:39:00+09:00,2,MORNING,DOWN_BLUE,1.2,1.0,1.2,1.2,12000000.0,20000000.0,12000000.0,0.0,False,False,1804,6650.0,11996600.0,3.367068,403933.679688,2026-08-24T11:30:00+09:00,PP_EXIT,22000000.0
20260825,2026-08-25T09:06:00+09:00,1,MORNING,DOWN_BLUE,1.0,1.0,1.0,1.0,10000000.0,30000000.0,10000000.0,0.0,False,False,1250,8000.0,10000000.0,-0.339875,-33987.5,2026-08-25T09:33:00+09:00,OPPOSITE_SIGNAL,10000000.0
20260825,2026-08-25T09:33:00+09:00,2,MORNING,UP_RED,0.8,1.0,0.8,0.8,8000000.0,20000000.0,8000000.0,0.0,False,False,908,8805.0,7994940.0,-0.317093,-25351.3950942,2026-08-25T09:48:00+09:00,EARLY_TAKE_PROFIT,18000000.0
20260825,2026-08-25T12:15:00+09:00,3,AFTERNOON,UP_RED,0.8,1.0,0.8,0.8,8000000.0,12000000.0,8000000.0,0.0,False,False,890,8985.0,7996650.0,4.13734,330848.59911,2026-08-25T13:04:00+09:00,TIME_WINDOW_AFTERNOON_TP,26000000.0
20260826,2026-08-26T09:24:00+09:00,1,MORNING,UP_RED,1.0,1.0,1.0,1.0,10000000.0,30000000.0,10000000.0,0.0,False,False,977,10235.0,9999595.0,-0.822472,-82243.8689884,2026-08-26T09:30:00+09:00,OPPOSITE_SIGNAL,10000000.0
20260826,2026-08-26T09:30:00+09:00,2,MORNING,DOWN_BLUE,0.8,1.0,0.8,0.8,8000000.0,20000000.0,8000000.0,0.0,False,False,1142,7005.0,7999710.0,0.766167,61291.1381157,2026-08-26T10:12:00+09:00,EARLY_TAKE_PROFIT,18000000.0
20260826,2026-08-26T10:21:00+09:00,3,MORNING,UP_RED,1.0,1.0,1.0,1.0,10000000.0,12000000.0,10000000.0,0.0,False,False,986,10140.0,9998040.0,-1.81499,-181463.42619600001,2026-08-26T10:27:00+09:00,TIME_WINDOW_STOP_LOSS,28000000.0
20260827,2026-08-27T09:36:00+09:00,1,MORNING,DOWN_BLUE,1.0,1.0,1.0,1.0,10000000.0,30000000.0,10000000.0,0.0,False,False,1510,6620.0,9996200.0,1.706767,170611.842854,2026-08-27T10:06:00+09:00,TIME_WINDOW_TRAILING_STOP,10000000.0
20260827,2026-08-27T10:30:00+09:00,2,MORNING,UP_RED,1.0,1.0,1.0,1.0,10000000.0,20000000.0,10000000.0,0.0,False,False,944,10585.0,9992240.0,1.893056,189158.6988544,2026-08-27T11:51:00+09:00,SMALL_WHIPSAW_HOLD_EXIT,20000000.0
20260827,2026-08-27T13:39:00+09:00,3,AFTERNOON,DOWN_BLUE,1.0,1.0,1.0,1.0,10000000.0,10000000.0,10000000.0,0.0,False,False,1495,6685.0,9994075.0,2.377113,237570.45605475002,2026-08-27T15:00:00+09:00,FORCED_LIQUIDATION,30000000.0
20260828,2026-08-28T09:09:00+09:00,1,MORNING,DOWN_BLUE,1.0,1.0,1.0,1.0,10000000.0,30000000.0,10000000.0,0.0,False,False,1414,7070.0,9996980.0,-1.362518,-136210.6519564,2026-08-28T09:18:00+09:00,TIME_WINDOW_STOP_LOSS,10000000.0
20260828,2026-08-28T09:27:00+09:00,2,MORNING,UP_RED,0.96,1.0,0.96,0.96,9600000.0,20000000.0,9600000.0,0.0,False,False,934,10270.0,9592180.0,0.445278,42711.8672604,2026-08-28T09:57:00+09:00,EARLY_TAKE_PROFIT,19600000.0
20260828,2026-08-28T10:15:00+09:00,3,MORNING,DOWN_BLUE,1.2,1.0,1.2,1.04,12000000.0,10400000.0,10400000.0,1600000.0,True,True,1507,6900.0,10398300.0,1.141304,118676.21383200001,2026-08-28T11:39:00+09:00,SMALL_WHIPSAW_HOLD_EXIT,30000000.0
20260831,2026-08-31T09:06:00+09:00,1,MORNING,DOWN_BLUE,1.0,1.0,1.0,1.0,10000000.0,30000000.0,10000000.0,0.0,False,False,1250,7995.0,9993750.0,-2.402877,-240137.52018750002,2026-08-31T09:12:00+09:00,TIME_WINDOW_STOP_LOSS,10000000.0
20260831,2026-08-31T09:18:00+09:00,2,MORNING,UP_RED,1.2,1.0,1.2,1.2,12000000.0,20000000.0,12000000.0,0.0,False,False,1328,9030.0,11991840.0,1.40443,168416.998512,2026-08-31T09:48:00+09:00,TIME_WINDOW_TRAILING_STOP,22000000.0
20260831,2026-08-31T10:06:00+09:00,3,MORNING,DOWN_BLUE,1.2,1.0,1.2,0.7999999999999998,12000000.0,8000000.0,8000000.0,4000000.0,True,True,1021,7835.0,7999535.0,-0.85552,-68437.621832,2026-08-31T10:33:00+09:00,OPPOSITE_SIGNAL,30000000.0
20260903,2026-09-03T09:18:00+09:00,1,MORNING,DOWN_BLUE,1.0,1.0,1.0,1.0,10000000.0,30000000.0,10000000.0,0.0,False,False,1325,7545.0,9997125.0,-2.077137,-207653.98231125,2026-09-03T10:33:00+09:00,TIME_WINDOW_STOP_LOSS,10000000.0
20260903,2026-09-03T11:00:00+09:00,2,AFTERNOON,DOWN_BLUE,1.2,1.0,1.2,1.2,12000000.0,20000000.0,12000000.0,0.0,False,False,1594,7525.0,11994850.0,-1.351894,-162157.657459,2026-09-04T09:03:00+09:00,TIME_WINDOW_STOP_LOSS,22000000.0
20260904,2026-09-04T10:03:00+09:00,1,MORNING,DOWN_BLUE,1.0,1.0,1.0,1.0,10000000.0,30000000.0,10000000.0,0.0,False,False,1355,7380.0,9999900.0,0.248509,24850.651491,2026-09-04T11:18:00+09:00,OPPOSITE_SIGNAL,10000000.0
20260904,2026-09-04T11:18:00+09:00,2,AFTERNOON,UP_RED,1.0,1.0,1.0,1.0,10000000.0,20000000.0,10000000.0,0.0,False,False,1066,9380.0,9999080.0,0.762473,76240.28524839999,2026-09-04T12:42:00+09:00,SMALL_WHIPSAW_HOLD_EXIT,20000000.0
20260907,2026-09-07T09:21:00+09:00,1,MORNING,DOWN_BLUE,1.0,1.0,1.0,1.0,10000000.0,30000000.0,10000000.0,0.0,False,False,1552,6440.0,9994880.0,0.297981,29782.8433728,2026-09-07T11:33:00+09:00,OPPOSITE_SIGNAL,10000000.0
20260907,2026-09-07T11:33:00+09:00,2,AFTERNOON,UP_RED,1.0,1.0,1.0,1.0,10000000.0,20000000.0,10000000.0,0.0,False,False,946,10565.0,9994490.0,2.984856,298321.1344344,2026-09-07T13:42:00+09:00,SMALL_WHIPSAW_HOLD_EXIT,20000000.0
20260908,2026-09-08T09:15:00+09:00,1,MORNING,UP_RED,1.0,1.0,1.0,1.0,10000000.0,30000000.0,10000000.0,0.0,False,False,871,11480.0,9999080.0,2.347997,234778.0984276,2026-09-08T10:12:00+09:00,OPPOSITE_SIGNAL,10000000.0
20260908,2026-09-08T10:12:00+09:00,2,MORNING,DOWN_BLUE,1.0,1.0,1.0,1.0,10000000.0,20000000.0,10000000.0,0.0,False,False,1749,5715.0,9995535.0,-1.401925,-140129.90404875,2026-09-08T10:45:00+09:00,TIME_WINDOW_STOP_LOSS,20000000.0
20260908,2026-09-08T12:18:00+09:00,3,AFTERNOON,UP_RED,1.0,1.0,1.0,1.0,10000000.0,10000000.0,10000000.0,0.0,False,False,828,12065.0,9989820.0,-0.090012,-8992.0367784,2026-09-08T13:51:00+09:00,TIME_WINDOW_BREAKEVEN_STOP,30000000.0
20260909,2026-09-09T09:15:00+09:00,1,MORNING,UP_RED,1.0,1.0,1.0,1.0,10000000.0,30000000.0,10000000.0,0.0,False,False,868,11520.0,9999360.0,5.810069,580969.7155584,2026-09-09T11:39:00+09:00,SMALL_WHIPSAW_HOLD_EXIT,10000000.0
20260910,2026-09-10T14:27:00+09:00,1,AFTERNOON,UP_RED,1.0,1.0,1.0,1.0,10000000.0,30000000.0,10000000.0,0.0,False,False,834,11990.0,9999660.0,-0.006672,-667.1773152000001,2026-09-10T15:00:00+09:00,FORCED_LIQUIDATION,10000000.0
20260911,2026-09-11T09:18:00+09:00,1,MORNING,UP_RED,1.0,1.0,1.0,1.0,10000000.0,30000000.0,10000000.0,0.0,False,False,921,10850.0,9992850.0,1.153641,115281.6146685,2026-09-11T11:45:00+09:00,WHIPSAW_WATCH_DETERIORATION_EXIT,10000000.0
20260911,2026-09-11T14:48:00+09:00,2,AFTERNOON,UP_RED,1.0,1.0,1.0,1.0,10000000.0,20000000.0,10000000.0,0.0,False,False,887,11267.0,9993829.0,1.311707,131089.75456103,2026-09-11T15:00:00+09:00,FORCED_LIQUIDATION,20000000.0
20260914,2026-09-14T09:30:00+09:00,1,MORNING,UP_RED,1.0,1.0,1.0,1.0,10000000.0,30000000.0,10000000.0,0.0,False,False,980,10200.0,9996000.0,-1.804902,-180418.00392000002,2026-09-14T10:06:00+09:00,TIME_WINDOW_STOP_LOSS,10000000.0
20260915,2026-09-15T09:27:00+09:00,1,MORNING,UP_RED,1.0,1.0,1.0,1.0,10000000.0,30000000.0,10000000.0,0.0,False,False,988,10120.0,9998560.0,-1.324605,-132441.42568800002,2026-09-15T09:57:00+09:00,TIME_WINDOW_STOP_LOSS,10000000.0
20260915,2026-09-15T10:27:00+09:00,2,MORNING,UP_RED,1.2,1.0,1.2,1.2,12000000.0,20000000.0,12000000.0,0.0,False,False,1183,10140.0,11995620.0,1.142209,137015.0512458,2026-09-15T11:45:00+09:00,SMALL_WHIPSAW_HOLD_EXIT,22000000.0
20260915,2026-09-15T14:00:00+09:00,3,AFTERNOON,DOWN_BLUE,1.2,1.0,1.2,0.7999999999999998,12000000.0,8000000.0,8000000.0,4000000.0,True,True,1196,6685.0,7995260.0,0.134331,10740.112710599999,2026-09-15T14:36:00+09:00,TIME_WINDOW_BREAKEVEN_STOP,30000000.0
20260916,2026-09-16T09:06:00+09:00,1,MORNING,UP_RED,1.0,1.0,1.0,1.0,10000000.0,30000000.0,10000000.0,0.0,False,False,1003,9965.0,9994895.0,1.665429,166457.87984955,2026-09-16T11:03:00+09:00,SMALL_WHIPSAW_HOLD_EXIT,10000000.0
20260916,2026-09-16T12:51:00+09:00,2,AFTERNOON,UP_RED,1.0,1.0,1.0,1.0,10000000.0,20000000.0,10000000.0,0.0,False,False,965,10360.0,9997400.0,0.199421,19936.915053999997,2026-09-16T13:54:00+09:00,TIME_WINDOW_BREAKEVEN_STOP,20000000.0
20260917,2026-09-17T09:12:00+09:00,1,MORNING,DOWN_BLUE,1.0,1.0,1.0,1.0,10000000.0,30000000.0,10000000.0,0.0,False,False,1605,6230.0,9999150.0,-0.410754,-41071.908591,2026-09-17T10:00:00+09:00,OPPOSITE_SIGNAL,10000000.0
20260917,2026-09-17T10:00:00+09:00,2,MORNING,UP_RED,1.0,1.0,1.0,1.0,10000000.0,20000000.0,10000000.0,0.0,False,False,948,10540.0,9991920.0,-0.279696,-27947.0005632,2026-09-17T10:57:00+09:00,SMALL_WHIPSAW_HOLD_EXIT,20000000.0
20260918,2026-09-18T09:06:00+09:00,1,MORNING,DOWN_BLUE,1.0,1.0,1.0,1.0,10000000.0,30000000.0,10000000.0,0.0,False,False,1748,5720.0,9998560.0,-0.526748,-52667.2148288,2026-09-18T09:21:00+09:00,WHIPSAW_WATCH_DETERIORATION_EXIT,10000000.0
