date,entry_time,direction,slot_number,session,entry_symbol,entry_price,exit_time,exit_price,exit_reason,net_pct,w1a,peak_net_pct,mae_net_pct,tp1_hit,h50_held,entry_regime,b3_on,b3_rescued,b3_rescue_at,b3_y3,b3_y3_at,b3_first_trig_at,legs
20260527,2026-05-27T10:27:00+09:00,UP_RED,1,MORNING,0193T0,28295.0,2026-05-27T11:22:00+09:00,29505.0,TIME_WINDOW_TP2_FULL,3.961894,1.0,4.184449549390352,-0.19597101961477295,True,False,WARMUP,False,False,,False,,,"[('2026-05-27T11:22:00+09:00', np.float64(29505.0), 0.8, 'TIME_WINDOW_TP2_FULL', 4.1844)]"
20260528,2026-05-28T09:27:00+09:00,UP_RED,1,MORNING,0193T0,27650.0,2026-05-28T09:42:00+09:00,28805.0,TIME_WINDOW_TP2_FULL,3.904571,1.0,4.085316455696202,-0.7226401446654611,True,False,WARMUP,False,False,,False,,,"[('2026-05-28T09:42:00+09:00', 28805.0, 0.8, 'TIME_WINDOW_TP2_FULL', 4.0853)]"
20260528,2026-05-28T11:06:00+09:00,UP_RED,2,AFTERNOON,0193T0,28495.0,2026-05-28T11:15:00+09:00,28145.0,TIME_WINDOW_STOP_LOSS,-1.317705,0.8,0.0,-1.3177048605018424,False,False,WARMUP,False,False,,False,,,"[('2026-05-28T11:15:00+09:00', 28145.0, 1.0, 'TIME_WINDOW_STOP_LOSS', -1.3177)]"
20260528,2026-05-28T11:36:00+09:00,UP_RED,3,AFTERNOON,0193T0,28360.0,2026-05-28T11:48:00+09:00,27910.0,OPPOSITE_SIGNAL,-1.676023,0.8,0.0,-1.235472496473907,False,False,WARMUP,False,False,,False,,,"[('2026-05-28T11:48:00+09:00', 27910.0, 1.0, 'OPPOSITE_SIGNAL', -1.676)]"
20260529,2026-05-29T09:42:00+09:00,DOWN_BLUE,1,MORNING,0197X0,14540.0,2026-05-29T10:06:00+09:00,14815.0,TIME_WINDOW_AFTER_TP1_STOP,2.130454,1.0,3.450343878954608,-0.8461485557083906,True,False,WARMUP,False,False,,False,,,"[('2026-05-29T10:06:00+09:00', 14815.0, 0.8, 'TIME_WINDOW_AFTER_TP1_STOP', 1.8005)]"
20260529,2026-05-29T13:12:00+09:00,DOWN_BLUE,2,AFTERNOON,0197X0,15160.0,2026-05-29T13:36:00+09:00,15015.0,OPPOSITE_SIGNAL,-1.045976,1.0,0.30567282321899736,-0.4196569920844327,False,False,WARMUP,False,False,,False,,,"[('2026-05-29T13:36:00+09:00', 15015.0, 1.0, 'OPPOSITE_SIGNAL', -1.046)]"
20260529,2026-05-29T14:03:00+09:00,DOWN_BLUE,3,AFTERNOON,0197X0,15115.0,2026-05-29T15:00:00+09:00,15415.0,FORCED_LIQUIDATION,1.89388,0.8,2.0922262652993715,-0.28838901753225277,False,False,WARMUP,False,False,,False,,,"[('2026-05-29T15:00:00+09:00', 15415.0, 1.0, 'FORCED_LIQUIDATION', 1.8939)]"
20260601,2026-06-01T09:21:00+09:00,DOWN_BLUE,1,MORNING,0197X0,15215.0,2026-06-01T09:39:00+09:00,15030.0,TIME_WINDOW_STOP_LOSS,-1.305291,1.0,0.10706539599079855,-1.3052908314163654,False,False,WARMUP,False,False,,False,,,"[('2026-06-01T09:39:00+09:00', 15030.0, 1.0, 'TIME_WINDOW_STOP_LOSS', -1.3053)]"
20260601,2026-06-01T09:42:00+09:00,UP_RED,2,MORNING,0193T0,30060.0,2026-06-01T11:24:00+09:00,31305.0,PP_EXIT,4.049834,0.96,5.778942115768464,-1.1706919494344645,True,False,WARMUP,False,False,,False,,,"[('2026-06-01T11:24:00+09:00', 31305.0, 1.0, 'PP_EXIT', 4.0498)]"
20260602,2026-06-02T09:39:00+09:00,UP_RED,1,MORNING,0193T0,30545.0,2026-06-02T09:45:00+09:00,30105.0,TIME_WINDOW_STOP_LOSS,-1.529841,1.0,0.20451792437387462,-1.529841217875266,False,False,WARMUP,False,False,,False,,,"[('2026-06-02T09:45:00+09:00', 30105.0, 1.0, 'TIME_WINDOW_STOP_LOSS', -1.5298)]"
20260602,2026-06-02T09:54:00+09:00,DOWN_BLUE,2,MORNING,0197X0,15250.0,2026-06-02T10:21:00+09:00,15150.0,OPPOSITE_SIGNAL,-0.745443,1.2,2.105704918032787,-0.9093114754098359,False,False,TREND,False,False,,False,,,"[('2026-06-02T10:21:00+09:00', 15150.0, 1.0, 'OPPOSITE_SIGNAL', -0.7454)]"
20260602,2026-06-02T10:21:00+09:00,UP_RED,3,MORNING,0193T0,29680.0,2026-06-02T10:39:00+09:00,29745.0,EARLY_TAKE_PROFIT,0.128908,0.7999999999999998,1.661253369272237,-0.9824460916442047,False,False,TREND,False,False,,False,,,"[('2026-06-02T10:39:00+09:00', 29745.0, 1.0, 'EARLY_TAKE_PROFIT', 0.1289)]"
20260604,2026-06-04T09:39:00+09:00,UP_RED,1,MORNING,0193T0,29485.0,2026-06-04T09:51:00+09:00,28890.0,TIME_WINDOW_STOP_LOSS,-2.107037,1.0,0.0,-2.1070374766830593,False,False,TREND,False,False,,False,,,"[('2026-06-04T09:51:00+09:00', 28890.0, 1.0, 'TIME_WINDOW_STOP_LOSS', -2.107)]"
20260604,2026-06-04T09:57:00+09:00,DOWN_BLUE,2,MORNING,0197X0,15665.0,2026-06-04T10:12:00+09:00,15460.0,TIME_WINDOW_STOP_LOSS,-1.398085,1.2,0.03766358123204597,-1.398084902649218,False,False,TREND,False,False,,False,,,"[('2026-06-04T10:12:00+09:00', 15460.0, 1.0, 'TIME_WINDOW_STOP_LOSS', -1.3981)]"
20260604,2026-06-04T10:36:00+09:00,UP_RED,3,MORNING,0193T0,29225.0,2026-06-04T10:45:00+09:00,28700.0,TIME_WINDOW_STOP_LOSS,-1.885577,0.7999999999999998,0.25204448246364414,-1.8855774165953805,False,False,TREND,False,False,,False,,,"[('2026-06-04T10:45:00+09:00', 28700.0, 1.0, 'TIME_WINDOW_STOP_LOSS', -1.8856)]"
20260605,2026-06-05T09:45:00+09:00,UP_RED,1,MORNING,0193T0,24250.0,2026-06-05T09:51:00+09:00,23875.0,TIME_WINDOW_STOP_LOSS,-1.635711,1.0,0.4251958762886598,-1.6357113402061856,False,False,TREND,False,False,,False,,,"[('2026-06-05T09:51:00+09:00', 23875.0, 1.0, 'TIME_WINDOW_STOP_LOSS', -1.6357)]"
20260608,2026-06-08T10:48:00+09:00,UP_RED,1,MORNING,0193T0,21310.0,2026-06-08T11:04:00+09:00,22195.0,TIME_WINDOW_TP2_FULL,3.911,0.8,4.061098076020647,-1.0515720319099016,True,False,TREND,False,False,,False,,,"[('2026-06-08T11:04:00+09:00', np.float64(22195.0), 0.8, 'TIME_WINDOW_TP2_FULL', 4.0611)]"
20260608,2026-06-08T14:42:00+09:00,DOWN_BLUE,2,AFTERNOON,0197X0,20400.0,2026-06-08T15:00:00+09:00,20410.0,FORCED_LIQUIDATION,-0.04098,1.0,2.163872549019608,-0.7514705882352941,False,False,TREND,False,False,,False,,,"[('2026-06-08T15:00:00+09:00', 20410.0, 1.0, 'FORCED_LIQUIDATION', -0.041)]"
20260609,2026-06-09T09:39:00+09:00,DOWN_BLUE,1,MORNING,0197X0,17850.0,2026-06-09T10:18:00+09:00,18675.0,TIME_WINDOW_TP2_FULL,4.227361,1.0,4.529747899159664,-1.5739495798319327,True,False,TREND,False,False,,False,,,"[('2026-06-09T10:18:00+09:00', 18675.0, 0.8, 'TIME_WINDOW_TP2_FULL', 4.5297)]"
20260609,2026-06-09T10:39:00+09:00,UP_RED,2,MORNING,0193T0,22595.0,2026-06-09T11:15:00+09:00,22550.0,OPPOSITE_SIGNAL,-0.289046,1.0,0.6178358043815003,-0.9969019694622704,False,False,TREND,False,False,,False,,,"[('2026-06-09T11:15:00+09:00', 22550.0, 1.0, 'OPPOSITE_SIGNAL', -0.289)]"
20260609,2026-06-09T12:12:00+09:00,UP_RED,3,AFTERNOON,0193T0,22765.0,2026-06-09T12:39:00+09:00,23750.0,TIME_WINDOW_AFTERNOON_TP,4.234922,1.0,4.234922029431145,-0.28759059960465627,False,False,TREND,False,False,,False,,,"[('2026-06-09T12:39:00+09:00', 23750.0, 1.0, 'TIME_WINDOW_AFTERNOON_TP', 4.2349)]"
20260610,2026-06-10T10:15:00+09:00,UP_RED,1,MORNING,0193T0,23780.0,2026-06-10T10:51:00+09:00,23470.0,TIME_WINDOW_STOP_LOSS,-1.393019,1.0,2.137720773759462,-1.3930193439865433,False,False,TREND,False,False,,False,,,"[('2026-06-10T10:51:00+09:00', 23470.0, 1.0, 'TIME_WINDOW_STOP_LOSS', -1.393)]"
20260610,2026-06-10T10:57:00+09:00,DOWN_BLUE,2,MORNING,0197X0,14200.0,2026-06-10T11:48:00+09:00,14365.0,OPPOSITE_SIGNAL,1.071479,1.2,3.2535915492957743,0.0,False,False,TREND,False,False,,False,,,"[('2026-06-10T11:48:00+09:00', 14365.0, 1.0, 'OPPOSITE_SIGNAL', 1.0715)]"
20260610,2026-06-10T12:39:00+09:00,DOWN_BLUE,3,AFTERNOON,0197X0,14545.0,2026-06-10T13:28:00+09:00,15205.0,TIME_WINDOW_AFTERNOON_TP,4.445651,0.7999999999999998,4.445651426607081,0.0,False,False,TREND,False,False,,False,,,"[('2026-06-10T13:28:00+09:00', np.float64(15205.0), 1.0, 'TIME_WINDOW_AFTERNOON_TP', 4.4457)]"
20260611,2026-06-11T09:09:00+09:00,DOWN_BLUE,1,MORNING,0197X0,16180.0,2026-06-11T09:15:00+09:00,15605.0,TIME_WINDOW_STOP_LOSS,-3.642213,1.0,0.0,-3.64221260815822,False,False,TREND,False,False,,False,,,"[('2026-06-11T09:15:00+09:00', 15605.0, 1.0, 'TIME_WINDOW_STOP_LOSS', -3.6422)]"
20260611,2026-06-11T09:21:00+09:00,UP_RED,2,MORNING,0193T0,21655.0,2026-06-11T09:36:00+09:00,21250.0,TIME_WINDOW_STOP_LOSS,-1.959409,1.2,1.663957515585315,-1.9594089124913414,False,False,TREND,False,False,,False,,,"[('2026-06-11T09:36:00+09:00', 21250.0, 1.0, 'TIME_WINDOW_STOP_LOSS', -1.9594)]"
20260611,2026-06-11T12:18:00+09:00,DOWN_BLUE,3,AFTERNOON,0197X0,15085.0,2026-06-11T12:24:00+09:00,14815.0,TIME_WINDOW_STOP_LOSS,-1.879019,0.7999999999999998,0.07563805104408353,-1.8790188929400067,False,False,TREND,False,False,,False,,,"[('2026-06-11T12:24:00+09:00', 14815.0, 1.0, 'TIME_WINDOW_STOP_LOSS', -1.879)]"
20260612,2026-06-12T09:48:00+09:00,DOWN_BLUE,1,MORNING,0197X0,11845.0,2026-06-12T10:41:00+09:00,12385.0,TIME_WINDOW_TP2_FULL,4.281131,1.0,4.466779231743352,-1.0604474461798228,True,False,TREND,False,False,,False,,,"[('2026-06-12T10:41:00+09:00', np.float64(12385.0), 0.8, 'TIME_WINDOW_TP2_FULL', 4.4668)]"
20260615,2026-06-15T09:06:00+09:00,UP_RED,1,MORNING,0193T0,26795.0,2026-06-15T09:57:00+09:00,27560.0,OPPOSITE_SIGNAL,2.763725,1.0,3.6590035454375816,-0.05269639858182496,True,False,TREND,False,False,,False,,,"[('2026-06-15T09:57:00+09:00', 27560.0, 1.0, 'OPPOSITE_SIGNAL', 2.7637)]"
20260615,2026-06-15T09:57:00+09:00,DOWN_BLUE,2,MORNING,0197X0,11590.0,2026-06-15T10:56:00+09:00,12085.0,TIME_WINDOW_TP2_FULL,3.954806,1.0,4.179033649698016,-0.5643658326143226,True,False,TREND,False,False,,False,,,"[('2026-06-15T10:56:00+09:00', np.float64(12085.0), 0.8, 'TIME_WINDOW_TP2_FULL', 4.179)]"
20260615,2026-06-15T13:15:00+09:00,UP_RED,3,AFTERNOON,0193T0,27480.0,2026-06-15T14:36:00+09:00,26875.0,TIME_WINDOW_STOP_LOSS,-2.290611,1.0,0.2555312954876274,-2.2906113537117903,False,True,TREND,False,False,,False,,,"[('2026-06-15T14:36:00+09:00', 26875.0, 1.0, 'TIME_WINDOW_STOP_LOSS', -2.2906)]"
20260616,2026-06-16T09:45:00+09:00,DOWN_BLUE,1,MORNING,0197X0,11225.0,2026-06-16T10:06:00+09:00,11715.0,TIME_WINDOW_TP2_FULL,4.050708,1.0,4.273318485523386,-0.6242316258351892,True,False,TREND,False,False,,False,,,"[('2026-06-16T10:06:00+09:00', 11715.0, 0.8, 'TIME_WINDOW_TP2_FULL', 4.2733)]"
20260616,2026-06-16T10:36:00+09:00,UP_RED,2,MORNING,0193T0,28090.0,2026-06-16T12:45:00+09:00,29255.0,SMALL_WHIPSAW_HOLD_EXIT,4.055536,1.0,3.5751512993948027,0.0,True,True,TREND,False,False,,False,,,"[('2026-06-16T12:45:00+09:00', 29255.0, 1.0, 'SMALL_WHIPSAW_HOLD_EXIT', 4.0555)]"
20260616,2026-06-16T14:12:00+09:00,UP_RED,3,AFTERNOON,0193T0,29210.0,2026-06-16T14:51:00+09:00,28865.0,TIME_WINDOW_STOP_LOSS,-1.270558,1.0,0.21800753166723724,-1.4758644299897297,False,True,TREND,False,False,,False,,,"[('2026-06-16T14:51:00+09:00', 28865.0, 1.0, 'TIME_WINDOW_STOP_LOSS', -1.2706)]"
20260617,2026-06-17T09:42:00+09:00,DOWN_BLUE,1,MORNING,0197X0,10830.0,2026-06-17T10:18:00+09:00,10765.0,OPPOSITE_SIGNAL,-0.689843,0.8,1.3406278855032319,-1.105263157894737,False,False,TREND,False,False,,False,,,"[('2026-06-17T10:18:00+09:00', 10765.0, 1.0, 'OPPOSITE_SIGNAL', -0.6898)]"
20260617,2026-06-17T10:18:00+09:00,UP_RED,2,MORNING,0193T0,29600.0,2026-06-17T11:48:00+09:00,29900.0,SMALL_WHIPSAW_HOLD_EXIT,0.923074,1.0,1.5477702702702703,-0.377027027027027,False,True,TREND,False,False,,False,,,"[('2026-06-17T11:48:00+09:00', 29900.0, 1.0, 'SMALL_WHIPSAW_HOLD_EXIT', 0.9231)]"
20260617,2026-06-17T12:51:00+09:00,UP_RED,3,AFTERNOON,0193T0,30030.0,2026-06-17T13:29:00+09:00,31315.0,TIME_WINDOW_AFTERNOON_TP,4.187146,1.0,4.187146187146188,-0.22314352314352315,False,False,TREND,False,False,,False,,,"[('2026-06-17T13:29:00+09:00', np.float64(31315.0), 1.0, 'TIME_WINDOW_AFTERNOON_TP', 4.1871)]"
20260618,2026-06-18T09:06:00+09:00,UP_RED,1,MORNING,0193T0,35170.0,2026-06-18T09:51:00+09:00,34995.0,OPPOSITE_SIGNAL,-0.587376,1.0,1.700483366505544,-1.4684105771964746,False,False,TREND,False,False,,False,,,"[('2026-06-18T09:51:00+09:00', 34995.0, 1.0, 'OPPOSITE_SIGNAL', -0.5874)]"
20260618,2026-06-18T09:51:00+09:00,DOWN_BLUE,2,MORNING,0197X0,8915.0,2026-06-18T11:12:00+09:00,8850.0,OPPOSITE_SIGNAL,-0.818845,1.0,2.4887268648345486,-1.2673022994952328,False,False,TREND,False,False,,False,,,"[('2026-06-18T11:12:00+09:00', 8850.0, 1.0, 'OPPOSITE_SIGNAL', -0.8188)]"
20260618,2026-06-18T11:12:00+09:00,UP_RED,3,AFTERNOON,0193T0,35240.0,2026-06-18T12:33:00+09:00,36430.0,SMALL_WHIPSAW_HOLD_EXIT,3.285329,1.0,2.930760499432463,-0.1467366628830874,False,True,TREND,False,False,,False,,,"[('2026-06-18T12:33:00+09:00', 36430.0, 1.0, 'SMALL_WHIPSAW_HOLD_EXIT', 3.2853)]"
20260619,2026-06-19T09:06:00+09:00,UP_RED,1,MORNING,0193T0,41150.0,2026-06-19T09:07:00+09:00,40755.0,GX_SL,-1.049453,1.0,0.0,-1.049453219927096,False,False,CHOP,True,False,,False,,,"[('2026-06-19T09:07:00+09:00', np.float64(40755.0), 1.0, 'GX_SL', -1.0495)]"
20260619,2026-06-19T09:42:00+09:00,DOWN_BLUE,2,MORNING,0197X0,7390.0,2026-06-19T10:02:00+09:00,7345.0,GX_MAXHOLD,-0.698647,0.8,0.18051420838971582,-0.9691474966170501,False,False,CHOP,True,False,,False,,,"[('2026-06-19T10:02:00+09:00', np.float64(7345.0), 1.0, 'GX_MAXHOLD', -0.6986)]"
20260619,2026-06-19T10:24:00+09:00,UP_RED,3,MORNING,0193T0,42430.0,2026-06-19T10:39:00+09:00,42195.0,OPPOSITE_SIGNAL,-0.643601,1.0,0.36938486919632335,-0.6318171105349988,False,False,CHOP,True,False,,False,,,"[('2026-06-19T10:39:00+09:00', 42195.0, 1.0, 'OPPOSITE_SIGNAL', -0.6436)]"
20260622,2026-06-22T09:15:00+09:00,DOWN_BLUE,1,MORNING,0197X0,7785.0,2026-06-22T09:27:00+09:00,7610.0,TIME_WINDOW_STOP_LOSS,-2.33693,1.0,0.42363519588953114,-2.336929993577393,False,False,TREND,False,False,,False,,,"[('2026-06-22T09:27:00+09:00', 7610.0, 1.0, 'TIME_WINDOW_STOP_LOSS', -2.3369)]"
20260622,2026-06-22T09:30:00+09:00,UP_RED,2,MORNING,0193T0,40405.0,2026-06-22T10:22:00+09:00,43790.0,TIME_WINDOW_TP2_FULL,8.283901,1.2,8.283900507362949,0.0,True,False,TREND,False,False,,False,,,"[('2026-06-22T10:22:00+09:00', np.float64(43790.0), 1.0, 'TIME_WINDOW_TP2_FULL', 8.2839)]"
20260622,2026-06-22T12:21:00+09:00,UP_RED,3,AFTERNOON,0193T0,43560.0,2026-06-22T13:15:00+09:00,42605.0,TIME_WINDOW_STOP_LOSS,-2.281382,0.7999999999999998,0.931129476584022,-2.8550275482093666,False,True,TREND,False,False,,False,,,"[('2026-06-22T13:15:00+09:00', 42605.0, 1.0, 'TIME_WINDOW_STOP_LOSS', -2.2814)]"
20260623,2026-06-23T10:33:00+09:00,DOWN_BLUE,1,MORNING,0197X0,7400.0,2026-06-23T11:18:00+09:00,7675.0,OPPOSITE_SIGNAL,3.624595,1.0,4.502567567567568,-0.4952702702702702,True,False,TREND,False,False,,False,,,"[('2026-06-23T11:18:00+09:00', 7675.0, 1.0, 'OPPOSITE_SIGNAL', 3.6246)]"
20260623,2026-06-23T12:30:00+09:00,DOWN_BLUE,2,AFTERNOON,0197X0,7970.0,2026-06-23T12:42:00+09:00,7990.0,TIME_WINDOW_BREAKEVEN_STOP,0.160728,1.0,1.853826850690088,0.0,False,False,TREND,False,False,,False,,,"[('2026-06-23T12:42:00+09:00', 7990.0, 1.0, 'TIME_WINDOW_BREAKEVEN_STOP', 0.1607)]"
20260623,2026-06-23T13:27:00+09:00,DOWN_BLUE,3,AFTERNOON,0197X0,7990.0,2026-06-23T13:59:00+09:00,8325.0,TIME_WINDOW_AFTERNOON_TP,4.100876,1.0,4.100876095118899,-0.5277847309136421,False,False,TREND,False,False,,False,,,"[('2026-06-23T13:59:00+09:00', np.float64(8325.0), 1.0, 'TIME_WINDOW_AFTERNOON_TP', 4.1009)]"
20260624,2026-06-24T10:00:00+09:00,DOWN_BLUE,1,MORNING,0197X0,8005.0,2026-06-24T10:10:00+09:00,8375.0,TIME_WINDOW_TP2_FULL,4.342761,1.0,4.530043722673329,-0.08994378513429106,True,False,TREND,False,False,,False,,,"[('2026-06-24T10:10:00+09:00', np.float64(8375.0), 0.8, 'TIME_WINDOW_TP2_FULL', 4.53)]"
20260624,2026-06-24T10:39:00+09:00,UP_RED,2,MORNING,0193T0,35220.0,2026-06-24T10:48:00+09:00,34450.0,TIME_WINDOW_STOP_LOSS,-2.27527,1.0,0.0,-2.2752697331061897,False,False,TREND,False,False,,False,,,"[('2026-06-24T10:48:00+09:00', 34450.0, 1.0, 'TIME_WINDOW_STOP_LOSS', -2.2753)]"
20260624,2026-06-24T13:18:00+09:00,DOWN_BLUE,3,AFTERNOON,0197X0,9215.0,2026-06-24T13:33:00+09:00,9110.0,TIME_WINDOW_STOP_LOSS,-1.228974,1.0,0.7236028214867065,-1.5543136190992946,False,False,TREND,False,False,,False,,,"[('2026-06-24T13:33:00+09:00', 9110.0, 1.0, 'TIME_WINDOW_STOP_LOSS', -1.229)]"
20260625,2026-06-25T09:06:00+09:00,UP_RED,1,MORNING,0193T0,13340.0,2026-06-25T09:51:00+09:00,13630.0,OPPOSITE_SIGNAL,2.082984,1.0,1.8956521739130434,-0.015067466266866565,False,False,TREND,False,False,,False,,,"[('2026-06-25T09:51:00+09:00', 13630.0, 1.0, 'OPPOSITE_SIGNAL', 2.083)]"
20260625,2026-06-25T09:51:00+09:00,DOWN_BLUE,2,MORNING,0197X0,11875.0,2026-06-25T10:18:00+09:00,11720.0,TIME_WINDOW_STOP_LOSS,-1.394695,1.0,0.0,-1.3946947368421054,False,False,TREND,False,False,,False,,,"[('2026-06-25T10:18:00+09:00', 11720.0, 1.0, 'TIME_WINDOW_STOP_LOSS', -1.3947)]"
20260626,2026-06-26T09:06:00+09:00,DOWN_BLUE,1,MORNING,0197X0,12320.0,2026-06-26T10:22:00+09:00,13335.0,TIME_WINDOW_TP2_FULL,8.144886,1.0,8.144886363636363,-0.008847402597402599,True,False,TREND,False,False,,False,,,"[('2026-06-26T10:22:00+09:00', np.float64(13335.0), 1.0, 'TIME_WINDOW_TP2_FULL', 8.1449)]"
20260629,2026-06-29T09:36:00+09:00,UP_RED,1,MORNING,0193T0,13025.0,2026-06-29T10:03:00+09:00,12865.0,TIME_WINDOW_STOP_LOSS,-1.31785,1.0,0.0,-1.3178502879078695,False,False,TREND,False,False,,False,,,"[('2026-06-29T10:03:00+09:00', 12865.0, 1.0, 'TIME_WINDOW_STOP_LOSS', -1.3179)]"
20260630,2026-06-30T09:27:00+09:00,UP_RED,1,MORNING,0193T0,13475.0,2026-06-30T11:34:00+09:00,14580.0,TIME_WINDOW_TP2_FULL,8.106642,1.0,8.106641929499071,-0.05291280148423006,True,False,TREND,False,False,,False,,,"[('2026-06-30T11:34:00+09:00', np.float64(14580.0), 1.0, 'TIME_WINDOW_TP2_FULL', 8.1066)]"
20260701,2026-07-01T09:21:00+09:00,DOWN_BLUE,1,MORNING,0197X0,12430.0,2026-07-01T11:20:00+09:00,13440.0,TIME_WINDOW_TP2_FULL,8.031858,1.0,8.031858407079646,0.0,True,False,TREND,False,False,,False,,,"[('2026-07-01T11:20:00+09:00', np.float64(13440.0), 1.0, 'TIME_WINDOW_TP2_FULL', 8.0319)]"
20260702,2026-07-02T09:45:00+09:00,UP_RED,1,MORNING,0193T0,12870.0,2026-07-02T09:57:00+09:00,12710.0,TIME_WINDOW_STOP_LOSS,-1.332634,1.0,0.0,-1.3326340326340325,False,False,TREND,False,False,,False,,,"[('2026-07-02T09:57:00+09:00', 12710.0, 1.0, 'TIME_WINDOW_STOP_LOSS', -1.3326)]"
20260703,2026-07-03T09:12:00+09:00,UP_RED,1,MORNING,0193T0,13560.0,2026-07-03T09:44:00+09:00,14130.0,TIME_WINDOW_TP2_FULL,3.905251,1.0,4.111651917404129,0.0,True,False,TREND,False,False,,False,,,"[('2026-07-03T09:44:00+09:00', np.float64(14130.0), 0.8, 'TIME_WINDOW_TP2_FULL', 4.1117)]"
20260706,2026-07-06T09:21:00+09:00,DOWN_BLUE,1,MORNING,0197X0,12475.0,2026-07-06T10:13:00+09:00,12990.0,TIME_WINDOW_TP2_FULL,3.836088,1.0,4.036392785571143,0.0,True,False,TREND,False,False,,False,,,"[('2026-07-06T10:13:00+09:00', np.float64(12990.0), 0.8, 'TIME_WINDOW_TP2_FULL', 4.0364)]"
20260708,2026-07-08T09:42:00+09:00,UP_RED,1,MORNING,0193T0,13160.0,2026-07-08T10:33:00+09:00,12995.0,TIME_WINDOW_STOP_LOSS,-1.343237,1.0,0.0999240121580547,-1.3432370820668693,False,False,TREND,False,False,,False,,,"[('2026-07-08T10:33:00+09:00', 12995.0, 1.0, 'TIME_WINDOW_STOP_LOSS', -1.3432)]"
20260709,2026-07-09T09:06:00+09:00,UP_RED,1,MORNING,0193T0,13255.0,2026-07-09T09:21:00+09:00,13075.0,TIME_WINDOW_STOP_LOSS,-1.447378,1.0,0.0,-1.4473783477932856,False,False,TREND,False,False,,False,,,"[('2026-07-09T09:21:00+09:00', 13075.0, 1.0, 'TIME_WINDOW_STOP_LOSS', -1.4474)]"
20260709,2026-07-09T09:54:00+09:00,DOWN_BLUE,2,MORNING,0197X0,12750.0,2026-07-09T12:00:00+09:00,13535.0,PP_EXIT,6.064078,1.2,7.7496470588235296,-0.08996078431372549,True,True,TREND,False,False,,False,,,"[('2026-07-09T12:00:00+09:00', 13535.0, 1.0, 'PP_EXIT', 6.0641)]"
20260710,2026-07-10T09:06:00+09:00,UP_RED,1,MORNING,0193T0,13235.0,2026-07-10T09:27:00+09:00,13060.0,TIME_WINDOW_STOP_LOSS,-1.411711,1.0,0.0,-1.411711371363808,False,False,TREND,False,False,,False,,,"[('2026-07-10T09:27:00+09:00', 13060.0, 1.0, 'TIME_WINDOW_STOP_LOSS', -1.4117)]"
20260710,2026-07-10T09:45:00+09:00,DOWN_BLUE,2,MORNING,0197X0,12635.0,2026-07-10T12:03:00+09:00,13370.0,PP_EXIT,5.724495,1.2,7.385833003561536,-0.010922041946972693,True,True,TREND,False,False,,False,,,"[('2026-07-10T12:03:00+09:00', 13370.0, 1.0, 'PP_EXIT', 5.7245)]"
20260714,2026-07-14T09:21:00+09:00,UP_RED,1,MORNING,0193T0,13495.0,2026-07-14T10:17:00+09:00,14055.0,TIME_WINDOW_TP2_FULL,3.850419,1.0,4.05779918488329,-0.01593182660244535,True,False,TREND,False,False,,False,,,"[('2026-07-14T10:17:00+09:00', np.float64(14055.0), 0.8, 'TIME_WINDOW_TP2_FULL', 4.0578)]"
20260715,2026-07-15T09:45:00+09:00,DOWN_BLUE,1,MORNING,0197X0,8755.0,2026-07-15T09:51:00+09:00,8480.0,TIME_WINDOW_STOP_LOSS,-3.229583,1.0,0.0,-3.229583095374072,False,False,TREND,False,False,,False,,,"[('2026-07-15T09:51:00+09:00', 8480.0, 1.0, 'TIME_WINDOW_STOP_LOSS', -3.2296)]"
20260715,2026-07-15T11:18:00+09:00,UP_RED,2,AFTERNOON,0193T0,19655.0,2026-07-15T11:24:00+09:00,19425.0,TIME_WINDOW_STOP_LOSS,-1.259629,1.2,0.0,-1.259628593233274,False,False,TREND,False,False,,False,,,"[('2026-07-15T11:24:00+09:00', 19425.0, 1.0, 'TIME_WINDOW_STOP_LOSS', -1.2596)]"
20260715,2026-07-15T12:33:00+09:00,UP_RED,3,AFTERNOON,0193T0,19840.0,2026-07-15T13:27:00+09:00,19970.0,TIME_WINDOW_PROFIT_LOCK_STOP,0.564919,0.7999999999999998,2.151915322580645,-0.26633064516129035,False,True,TREND,False,False,,False,,,"[('2026-07-15T13:27:00+09:00', 19970.0, 1.0, 'TIME_WINDOW_PROFIT_LOCK_STOP', 0.5649)]"
20260716,2026-07-16T09:06:00+09:00,DOWN_BLUE,1,MORNING,0197X0,10685.0,2026-07-16T09:54:00+09:00,11245.0,OPPOSITE_SIGNAL,5.14862,1.0,6.037342068320075,0.0,True,False,TREND,False,False,,False,,,"[('2026-07-16T09:54:00+09:00', 11245.0, 1.0, 'OPPOSITE_SIGNAL', 5.1486)]"
20260720,2026-07-20T09:18:00+09:00,UP_RED,1,MORNING,0193T0,14980.0,2026-07-20T09:30:00+09:00,14620.0,TIME_WINDOW_STOP_LOSS,-2.492123,1.0,1.4112817089452603,-2.4921228304405876,False,False,TREND,False,False,,False,,,"[('2026-07-20T09:30:00+09:00', 14620.0, 1.0, 'TIME_WINDOW_STOP_LOSS', -2.4921)]"
20260720,2026-07-20T09:54:00+09:00,DOWN_BLUE,2,MORNING,0197X0,11330.0,2026-07-20T10:54:00+09:00,12410.0,TIME_WINDOW_TP2_FULL,9.437952,1.2,9.437952338923212,-1.148631950573698,True,False,TREND,False,False,,False,,,"[('2026-07-20T10:54:00+09:00', np.float64(12410.0), 1.0, 'TIME_WINDOW_TP2_FULL', 9.438)]"
20260720,2026-07-20T13:18:00+09:00,DOWN_BLUE,3,AFTERNOON,0197X0,12400.0,2026-07-20T13:24:00+09:00,12205.0,TIME_WINDOW_STOP_LOSS,-1.661855,0.7999999999999998,0.0,-1.6618548387096774,False,False,TREND,False,False,,False,,,"[('2026-07-20T13:24:00+09:00', 12205.0, 1.0, 'TIME_WINDOW_STOP_LOSS', -1.6619)]"
20260721,2026-07-21T09:21:00+09:00,UP_RED,1,MORNING,0193T0,13400.0,2026-07-21T10:54:00+09:00,14210.0,PP_EXIT,5.95209,1.0,7.593134328358209,-0.9478358208955224,True,False,TREND,False,False,,False,,,"[('2026-07-21T10:54:00+09:00', 14210.0, 1.0, 'PP_EXIT', 5.9521)]"
20260721,2026-07-21T11:48:00+09:00,UP_RED,2,AFTERNOON,0193T0,14260.0,2026-07-21T12:38:00+09:00,14855.0,TIME_WINDOW_AFTERNOON_TP,4.080645,1.0,4.080645161290322,-1.0012622720897617,False,False,TREND,False,False,,False,,,"[('2026-07-21T12:38:00+09:00', np.float64(14855.0), 1.0, 'TIME_WINDOW_AFTERNOON_TP', 4.0806)]"
20260722,2026-07-22T09:45:00+09:00,DOWN_BLUE,1,MORNING,0197X0,9440.0,2026-07-22T10:15:00+09:00,9305.0,TIME_WINDOW_STOP_LOSS,-1.519492,0.8,1.3922669491525426,-1.5194915254237287,False,False,TREND,False,False,,False,,,"[('2026-07-22T10:15:00+09:00', 9305.0, 1.0, 'TIME_WINDOW_STOP_LOSS', -1.5195)]"
20260722,2026-07-22T13:39:00+09:00,DOWN_BLUE,2,AFTERNOON,0197X0,9965.0,2026-07-22T14:06:00+09:00,10410.0,TIME_WINDOW_AFTERNOON_TP,4.373708,1.2,4.373707977922729,-0.3406924234821877,False,False,TREND,False,False,,False,,,"[('2026-07-22T14:06:00+09:00', 10410.0, 1.0, 'TIME_WINDOW_AFTERNOON_TP', 4.3737)]"
20260723,2026-07-23T10:27:00+09:00,DOWN_BLUE,1,MORNING,0197X0,10320.0,2026-07-23T11:45:00+09:00,10820.0,PP_EXIT,4.75281,1.0,7.900581395348838,-0.09001937984496122,True,False,TREND,False,False,,False,,,"[('2026-07-23T11:45:00+09:00', 10820.0, 1.0, 'PP_EXIT', 4.7528)]"
20260723,2026-07-23T13:24:00+09:00,UP_RED,2,AFTERNOON,0193T0,15625.0,2026-07-23T13:42:00+09:00,15450.0,TIME_WINDOW_STOP_LOSS,-1.209472,1.0,0.54976,-1.2094719999999999,False,False,TREND,False,False,,False,,,"[('2026-07-23T13:42:00+09:00', 15450.0, 1.0, 'TIME_WINDOW_STOP_LOSS', -1.2095)]"
20260723,2026-07-23T14:33:00+09:00,UP_RED,3,AFTERNOON,0193T0,15635.0,2026-07-23T14:39:00+09:00,15400.0,TIME_WINDOW_STOP_LOSS,-1.592389,1.0,0.0,-1.5923888711224816,False,False,TREND,False,False,,False,,,"[('2026-07-23T14:39:00+09:00', 15400.0, 1.0, 'TIME_WINDOW_STOP_LOSS', -1.5924)]"
20260727,2026-07-27T09:06:00+09:00,UP_RED,1,MORNING,0193T0,13300.0,2026-07-27T10:24:00+09:00,13370.0,OPPOSITE_SIGNAL,0.43609,1.0,0.43609022556390975,-0.1275187969924812,False,False,TREND,False,False,,False,,,"[('2026-07-27T10:24:00+09:00', 13370.0, 1.0, 'OPPOSITE_SIGNAL', 0.4361)]"
20260727,2026-07-27T10:24:00+09:00,DOWN_BLUE,2,MORNING,0197X0,12245.0,2026-07-27T12:55:00+09:00,13245.0,TIME_WINDOW_TP2_FULL,8.072846,1.0,8.07284605961617,-0.4981625153123724,True,False,TREND,False,False,,False,,,"[('2026-07-27T12:55:00+09:00', np.float64(13245.0), 1.0, 'TIME_WINDOW_TP2_FULL', 8.0728)]"
20260728,2026-07-28T09:06:00+09:00,DOWN_BLUE,1,MORNING,0197X0,12325.0,2026-07-28T10:00:00+09:00,12830.0,OPPOSITE_SIGNAL,4.005517,1.0,3.8433265720081136,0.0,True,False,TREND,False,False,,False,,,"[('2026-07-28T10:00:00+09:00', 12830.0, 1.0, 'OPPOSITE_SIGNAL', 4.0055)]"
20260730,2026-07-30T09:36:00+09:00,UP_RED,1,MORNING,0193T0,12990.0,2026-07-30T09:54:00+09:00,12820.0,TIME_WINDOW_STOP_LOSS,-1.398075,1.0,0.0,-1.398075442648191,False,False,TREND,False,False,,False,,,"[('2026-07-30T09:54:00+09:00', 12820.0, 1.0, 'TIME_WINDOW_STOP_LOSS', -1.3981)]"
20260731,2026-07-31T09:06:00+09:00,UP_RED,1,MORNING,0193T0,13240.0,2026-07-31T09:30:00+09:00,13070.0,TIME_WINDOW_STOP_LOSS,-1.373414,1.0,0.0,-1.3734138972809669,False,False,TREND,False,False,,False,,,"[('2026-07-31T09:30:00+09:00', 13070.0, 1.0, 'TIME_WINDOW_STOP_LOSS', -1.3734)]"
20260731,2026-07-31T09:48:00+09:00,DOWN_BLUE,2,MORNING,0197X0,12740.0,2026-07-31T10:44:00+09:00,13270.0,TIME_WINDOW_TP2_FULL,3.864301,1.2,4.068288854003139,0.0,True,False,TREND,False,False,,False,,,"[('2026-07-31T10:44:00+09:00', np.float64(13270.0), 0.8, 'TIME_WINDOW_TP2_FULL', 4.0683)]"
20260803,2026-08-03T09:45:00+09:00,UP_RED,1,MORNING,0193T0,9585.0,2026-08-03T10:09:00+09:00,9720.0,TIME_WINDOW_TRAILING_STOP,1.66193,1.0,3.924778299426187,-0.454981742305686,True,False,TREND,False,False,,False,,,"[('2026-08-03T10:09:00+09:00', 9720.0, 0.8, 'TIME_WINDOW_TRAILING_STOP', 1.3178)]"
20260803,2026-08-03T10:36:00+09:00,DOWN_BLUE,2,MORNING,0197X0,9530.0,2026-08-03T10:42:00+09:00,9315.0,TIME_WINDOW_STOP_LOSS,-2.345016,1.0,0.0,-2.3974816369359915,False,False,TREND,False,False,,False,,,"[('2026-08-03T10:42:00+09:00', 9315.0, 1.0, 'TIME_WINDOW_STOP_LOSS', -2.345)]"
20260803,2026-08-03T13:06:00+09:00,DOWN_BLUE,3,AFTERNOON,0197X0,9385.0,2026-08-03T13:21:00+09:00,9200.0,TIME_WINDOW_STOP_LOSS,-2.060416,1.0,0.06968566862013852,-2.060415556739478,False,True,TREND,False,False,,False,,,"[('2026-08-03T13:21:00+09:00', 9200.0, 1.0, 'TIME_WINDOW_STOP_LOSS', -2.0604)]"
20260804,2026-08-04T09:06:00+09:00,UP_RED,1,MORNING,0193T0,9545.0,2026-08-04T09:15:00+09:00,9270.0,TIME_WINDOW_STOP_LOSS,-2.969722,1.0,1.4808800419067574,-2.9697223677317965,False,False,TREND,False,False,,False,,,"[('2026-08-04T09:15:00+09:00', 9270.0, 1.0, 'TIME_WINDOW_STOP_LOSS', -2.9697)]"
20260804,2026-08-04T09:27:00+09:00,DOWN_BLUE,2,MORNING,0197X0,9605.0,2026-08-04T09:58:00+09:00,10475.0,TIME_WINDOW_TP2_FULL,8.963769,0.96,8.963768870380012,0.0,True,False,TREND,False,False,,False,,,"[('2026-08-04T09:58:00+09:00', np.float64(10475.0), 1.0, 'TIME_WINDOW_TP2_FULL', 8.9638)]"
20260804,2026-08-04T13:00:00+09:00,DOWN_BLUE,3,AFTERNOON,0197X0,10145.0,2026-08-04T13:18:00+09:00,10255.0,TIME_WINDOW_PROFIT_LOCK_STOP,0.99379,1.04,2.12686052242484,-0.18846722523410547,False,False,TREND,False,False,,False,,,"[('2026-08-04T13:18:00+09:00', 10255.0, 1.0, 'TIME_WINDOW_PROFIT_LOCK_STOP', 0.9938)]"
20260805,2026-08-05T09:45:00+09:00,DOWN_BLUE,1,MORNING,0197X0,8115.0,2026-08-05T10:03:00+09:00,8530.0,TIME_WINDOW_TP2_FULL,4.65215,1.0,5.0216882316697475,-0.2133086876155268,True,False,TREND,False,False,,False,,,"[('2026-08-05T10:03:00+09:00', 8530.0, 0.8, 'TIME_WINDOW_TP2_FULL', 5.0217)]"
20260805,2026-08-05T11:00:00+09:00,UP_RED,2,AFTERNOON,0193T0,10595.0,2026-08-05T11:09:00+09:00,10380.0,TIME_WINDOW_STOP_LOSS,-2.118358,1.0,0.05153374233128834,-2.1183577159037283,False,False,TREND,False,False,,False,,,"[('2026-08-05T11:09:00+09:00', 10380.0, 1.0, 'TIME_WINDOW_STOP_LOSS', -2.1184)]"
20260805,2026-08-05T13:45:00+09:00,UP_RED,3,AFTERNOON,0193T0,10650.0,2026-08-05T14:30:00+09:00,10500.0,TIME_WINDOW_STOP_LOSS,-1.497746,1.0,0.09765258215962441,-1.4977464788732393,False,True,TREND,False,False,,False,,,"[('2026-08-05T14:30:00+09:00', 10500.0, 1.0, 'TIME_WINDOW_STOP_LOSS', -1.4977)]"
20260806,2026-08-06T09:06:00+09:00,DOWN_BLUE,1,MORNING,0197X0,9080.0,2026-08-06T10:00:00+09:00,9840.0,TIME_WINDOW_TP2_FULL,8.276211,1.0,8.276211453744493,-0.2,True,False,TREND,False,False,,False,,,"[('2026-08-06T10:00:00+09:00', 9840.0, 1.0, 'TIME_WINDOW_TP2_FULL', 8.2762)]"
20260806,2026-08-06T12:09:00+09:00,DOWN_BLUE,2,AFTERNOON,0197X0,9785.0,2026-08-06T14:03:00+09:00,9830.0,TIME_WINDOW_PROFIT_LOCK_STOP,0.36975,1.0,2.4127746550843128,-0.19223300970873786,False,True,TREND,False,False,,False,,,"[('2026-08-06T14:03:00+09:00', 9830.0, 1.0, 'TIME_WINDOW_PROFIT_LOCK_STOP', 0.3697)]"
20260806,2026-08-06T14:39:00+09:00,DOWN_BLUE,3,AFTERNOON,0197X0,9950.0,2026-08-06T15:00:00+09:00,10040.0,FORCED_LIQUIDATION,0.81407,1.0,0.914572864321608,-0.391356783919598,False,False,TREND,False,False,,False,,,"[('2026-08-06T15:00:00+09:00', 10040.0, 1.0, 'FORCED_LIQUIDATION', 0.8141)]"
20260807,2026-08-07T09:06:00+09:00,UP_RED,1,MORNING,0193T0,8590.0,2026-08-07T09:12:00+09:00,8450.0,TIME_WINDOW_STOP_LOSS,-1.719092,1.0,0.0,-2.0098952270081494,False,False,TREND,False,False,,False,,,"[('2026-08-07T09:12:00+09:00', 8450.0, 1.0, 'TIME_WINDOW_STOP_LOSS', -1.7191)]"
20260807,2026-08-07T09:24:00+09:00,DOWN_BLUE,2,MORNING,0197X0,10225.0,2026-08-07T09:54:00+09:00,10335.0,TIME_WINDOW_TRAILING_STOP,0.98533,0.96,3.6247432762836187,-0.627677261613692,True,False,TREND,False,False,,False,,,"[('2026-08-07T09:54:00+09:00', 10335.0, 1.0, 'TIME_WINDOW_TRAILING_STOP', 0.9853)]"
20260807,2026-08-07T10:15:00+09:00,DOWN_BLUE,3,MORNING,0197X0,10700.0,2026-08-07T10:57:00+09:00,10955.0,OPPOSITE_SIGNAL,2.29215,1.04,3.88018691588785,0.0,True,False,TREND,False,False,,False,,,"[('2026-08-07T10:57:00+09:00', 10955.0, 1.0, 'OPPOSITE_SIGNAL', 2.2921)]"
20260810,2026-08-10T09:45:00+09:00,DOWN_BLUE,1,MORNING,0197X0,10770.0,2026-08-10T10:24:00+09:00,10610.0,TIME_WINDOW_STOP_LOSS,-1.57493,0.8,1.2556174558960072,-1.8998142989786446,False,False,TREND,False,False,,False,,,"[('2026-08-10T10:24:00+09:00', 10610.0, 1.0, 'TIME_WINDOW_STOP_LOSS', -1.5749)]"
20260810,2026-08-10T10:54:00+09:00,UP_RED,2,MORNING,0193T0,7715.0,2026-08-10T11:00:00+09:00,7565.0,TIME_WINDOW_STOP_LOSS,-2.033312,1.2,0.0,-2.033311730395334,False,False,TREND,False,False,,False,,,"[('2026-08-10T11:00:00+09:00', 7565.0, 1.0, 'TIME_WINDOW_STOP_LOSS', -2.0333)]"
20260810,2026-08-10T11:09:00+09:00,DOWN_BLUE,3,AFTERNOON,0197X0,10720.0,2026-08-10T11:39:00+09:00,10775.0,EARLY_TAKE_PROFIT,0.422761,0.96,1.821455223880597,-1.0223880597014925,False,False,TREND,False,False,,False,,,"[('2026-08-10T11:39:00+09:00', 10775.0, 1.0, 'EARLY_TAKE_PROFIT', 0.4228)]"
20260811,2026-08-11T09:06:00+09:00,DOWN_BLUE,1,MORNING,0197X0,11450.0,2026-08-11T09:54:00+09:00,11520.0,OPPOSITE_SIGNAL,0.521048,1.0,2.441572052401747,-1.574061135371179,False,False,TREND,False,False,,False,,,"[('2026-08-11T09:54:00+09:00', 11520.0, 1.0, 'OPPOSITE_SIGNAL', 0.521)]"
20260811,2026-08-11T09:54:00+09:00,UP_RED,2,MORNING,0193T0,7055.0,2026-08-11T10:03:00+09:00,6910.0,TIME_WINDOW_STOP_LOSS,-2.144437,1.0,0.47682494684620835,-2.1444365698086463,False,False,TREND,False,False,,False,,,"[('2026-08-11T10:03:00+09:00', 6910.0, 1.0, 'TIME_WINDOW_STOP_LOSS', -2.1444)]"
20260811,2026-08-11T11:51:00+09:00,UP_RED,3,AFTERNOON,0193T0,7360.0,2026-08-11T13:24:00+09:00,7525.0,SMALL_WHIPSAW_HOLD_EXIT,2.150815,1.0,3.5089673913043478,-0.7010869565217391,False,True,TREND,False,False,,False,,,"[('2026-08-11T13:24:00+09:00', 7525.0, 1.0, 'SMALL_WHIPSAW_HOLD_EXIT', 2.1508)]"
20260812,2026-08-12T09:48:00+09:00,DOWN_BLUE,1,MORNING,0197X0,10520.0,2026-08-12T10:33:00+09:00,10435.0,OPPOSITE_SIGNAL,-0.897719,1.0,2.0002851711026617,-1.2776615969581748,False,False,TREND,False,False,,False,,,"[('2026-08-12T10:33:00+09:00', 10435.0, 1.0, 'OPPOSITE_SIGNAL', -0.8977)]"
20260813,2026-08-13T09:45:00+09:00,DOWN_BLUE,1,MORNING,0197X0,8610.0,2026-08-13T09:51:00+09:00,8395.0,TIME_WINDOW_STOP_LOSS,-2.585947,0.8,0.0,-2.818234610917538,False,False,TREND,False,False,,False,,,"[('2026-08-13T09:51:00+09:00', 8395.0, 1.0, 'TIME_WINDOW_STOP_LOSS', -2.5859)]"
20260813,2026-08-13T12:00:00+09:00,UP_RED,2,AFTERNOON,0193T0,9475.0,2026-08-13T13:15:00+09:00,9545.0,EARLY_TAKE_PROFIT,0.648443,0.96,1.7560949868073876,-0.8811609498680739,False,True,TREND,False,False,,False,,,"[('2026-08-13T13:15:00+09:00', 9545.0, 1.0, 'EARLY_TAKE_PROFIT', 0.6484)]"
20260813,2026-08-13T14:24:00+09:00,DOWN_BLUE,3,AFTERNOON,0197X0,8465.0,2026-08-13T15:00:00+09:00,8745.0,FORCED_LIQUIDATION,3.216302,1.2,2.7438865918487894,-0.38523331364441815,False,False,TREND,False,False,,False,,,"[('2026-08-13T15:00:00+09:00', 8745.0, 1.0, 'FORCED_LIQUIDATION', 3.2163)]"
20260814,2026-08-14T09:51:00+09:00,DOWN_BLUE,1,MORNING,0197X0,7770.0,2026-08-14T10:25:00+09:00,8090.0,TIME_WINDOW_TP2_FULL,3.859279,1.0,4.026512226512226,0.0,True,False,TREND,False,False,,False,,,"[('2026-08-14T10:25:00+09:00', np.float64(8090.0), 0.8, 'TIME_WINDOW_TP2_FULL', 4.0265)]"
20260814,2026-08-14T13:06:00+09:00,DOWN_BLUE,2,AFTERNOON,0197X0,8180.0,2026-08-14T13:15:00+09:00,8080.0,TIME_WINDOW_STOP_LOSS,-1.31198,1.0,0.0,-1.3119804400977995,False,False,TREND,False,False,,False,,,"[('2026-08-14T13:15:00+09:00', 8080.0, 1.0, 'TIME_WINDOW_STOP_LOSS', -1.312)]"
20260814,2026-08-14T14:00:00+09:00,DOWN_BLUE,3,AFTERNOON,0197X0,8060.0,2026-08-14T14:21:00+09:00,8065.0,TIME_WINDOW_BREAKEVEN_STOP,-0.02804,1.0,1.770223325062035,-0.40012406947890816,False,False,TREND,False,False,,False,,,"[('2026-08-14T14:21:00+09:00', 8065.0, 1.0, 'TIME_WINDOW_BREAKEVEN_STOP', -0.028)]"
20260818,2026-08-18T09:06:00+09:00,UP_RED,1,MORNING,0193T0,10960.0,2026-08-18T09:57:00+09:00,11260.0,OPPOSITE_SIGNAL,2.645985,1.0,4.789233576642336,-0.9107664233576642,True,False,TREND,False,False,,False,,,"[('2026-08-18T09:57:00+09:00', 11260.0, 1.0, 'OPPOSITE_SIGNAL', 2.646)]"
20260818,2026-08-18T09:57:00+09:00,DOWN_BLUE,2,MORNING,0197X0,6860.0,2026-08-18T10:45:00+09:00,7145.0,TIME_WINDOW_TP2_FULL,3.873265,1.0,4.06268221574344,-1.0371720116618077,True,False,TREND,False,False,,False,,,"[('2026-08-18T10:45:00+09:00', 7145.0, 0.8, 'TIME_WINDOW_TP2_FULL', 4.0627)]"
20260819,2026-08-19T09:09:00+09:00,DOWN_BLUE,1,MORNING,0197X0,9280.0,2026-08-19T09:30:00+09:00,9330.0,OPPOSITE_SIGNAL,0.448599,1.0,1.7949353448275862,0.0,False,False,TREND,False,False,,False,,,"[('2026-08-19T09:30:00+09:00', 9330.0, 1.0, 'OPPOSITE_SIGNAL', 0.4486)]"
20260819,2026-08-19T09:30:00+09:00,UP_RED,2,MORNING,0193T0,8200.0,2026-08-19T10:06:00+09:00,8640.0,TIME_WINDOW_TP2_FULL,4.82239,1.0,5.2734146341463415,-0.15097560975609756,True,False,TREND,False,False,,False,,,"[('2026-08-19T10:06:00+09:00', 8640.0, 0.8, 'TIME_WINDOW_TP2_FULL', 5.2734)]"
20260819,2026-08-19T11:09:00+09:00,DOWN_BLUE,3,AFTERNOON,0197X0,9210.0,2026-08-19T12:54:00+09:00,9310.0,SMALL_WHIPSAW_HOLD_EXIT,0.995223,1.0,1.6464712269272528,-0.5782844733984799,False,True,TREND,False,False,,False,,,"[('2026-08-19T12:54:00+09:00', 9310.0, 1.0, 'SMALL_WHIPSAW_HOLD_EXIT', 0.9952)]"
20260820,2026-08-20T09:24:00+09:00,UP_RED,1,MORNING,0193T0,9370.0,2026-08-20T10:24:00+09:00,9795.0,PP_EXIT,4.44365,0.8,6.47043756670224,-0.9434364994663821,True,False,TREND,False,False,,False,,,"[('2026-08-20T10:24:00+09:00', 9795.0, 1.0, 'PP_EXIT', 4.4436)]"
20260820,2026-08-20T10:42:00+09:00,UP_RED,2,MORNING,0193T0,10080.0,2026-08-20T11:15:00+09:00,10115.0,OPPOSITE_SIGNAL,0.257044,1.0,1.199107142857143,-0.6849206349206349,False,False,TREND,False,False,,False,,,"[('2026-08-20T11:15:00+09:00', 10115.0, 1.0, 'OPPOSITE_SIGNAL', 0.257)]"
20260820,2026-08-20T12:21:00+09:00,UP_RED,3,AFTERNOON,0193T0,10100.0,2026-08-20T13:39:00+09:00,10250.0,SMALL_WHIPSAW_HOLD_EXIT,1.394554,1.0,3.324356435643564,-0.9310891089108911,False,True,TREND,False,False,,False,,,"[('2026-08-20T13:39:00+09:00', 10250.0, 1.0, 'SMALL_WHIPSAW_HOLD_EXIT', 1.3946)]"
20260821,2026-08-21T09:09:00+09:00,UP_RED,1,MORNING,0193T0,10180.0,2026-08-21T09:51:00+09:00,11045.0,TIME_WINDOW_TP2_FULL,8.403143,1.0,8.403143418467584,0.0,True,False,TREND,False,False,,False,,,"[('2026-08-21T09:51:00+09:00', np.float64(11045.0), 1.0, 'TIME_WINDOW_TP2_FULL', 8.4031)]"
20260821,2026-08-21T10:12:00+09:00,DOWN_BLUE,2,MORNING,0197X0,6575.0,2026-08-21T10:18:00+09:00,6490.0,TIME_WINDOW_STOP_LOSS,-1.382205,0.8,0.0,-1.6862357414448672,False,False,TREND,False,False,,False,,,"[('2026-08-21T10:18:00+09:00', 6490.0, 1.0, 'TIME_WINDOW_STOP_LOSS', -1.3822)]"
20260821,2026-08-21T10:21:00+09:00,UP_RED,3,MORNING,0193T0,11045.0,2026-08-21T10:33:00+09:00,10790.0,OPPOSITE_SIGNAL,-2.397737,1.0,0.0,-1.4474422815753734,False,False,TREND,False,False,,False,,,"[('2026-08-21T10:33:00+09:00', 10790.0, 1.0, 'OPPOSITE_SIGNAL', -2.3977)]"
20260824,2026-08-24T09:57:00+09:00,UP_RED,1,MORNING,0193T0,10925.0,2026-08-24T10:36:00+09:00,10695.0,TIME_WINDOW_STOP_LOSS,-2.194325,1.0,1.0078718535469107,-2.194324942791762,False,False,TREND,False,False,,False,,,"[('2026-08-24T10:36:00+09:00', 10695.0, 1.0, 'TIME_WINDOW_STOP_LOSS', -2.1943)]"
20260824,2026-08-24T10:39:00+09:00,DOWN_BLUE,2,MORNING,0197X0,6650.0,2026-08-24T11:30:00+09:00,6880.0,PP_EXIT,3.367068,1.2,5.39624060150376,-0.09007518796992481,True,False,TREND,False,False,,False,,,"[('2026-08-24T11:30:00+09:00', 6880.0, 1.0, 'PP_EXIT', 3.3671)]"
20260825,2026-08-25T09:06:00+09:00,DOWN_BLUE,1,MORNING,0197X0,8000.0,2026-08-25T09:33:00+09:00,7980.0,OPPOSITE_SIGNAL,-0.339875,1.0,1.9091249999999997,-1.277,False,False,TREND,False,False,,False,,,"[('2026-08-25T09:33:00+09:00', 7980.0, 1.0, 'OPPOSITE_SIGNAL', -0.3399)]"
20260825,2026-08-25T09:33:00+09:00,UP_RED,2,MORNING,0193T0,8805.0,2026-08-25T09:48:00+09:00,8785.0,EARLY_TAKE_PROFIT,-0.317093,0.8,1.5560477001703577,-0.8278250993753549,False,False,TREND,False,False,,False,,,"[('2026-08-25T09:48:00+09:00', 8785.0, 1.0, 'EARLY_TAKE_PROFIT', -0.3171)]"
20260825,2026-08-25T12:15:00+09:00,UP_RED,3,AFTERNOON,0193T0,8985.0,2026-08-25T13:04:00+09:00,9365.0,TIME_WINDOW_AFTERNOON_TP,4.13734,0.8,4.137340011129661,-0.3125208681135225,False,True,TREND,False,False,,False,,,"[('2026-08-25T13:04:00+09:00', np.float64(9365.0), 1.0, 'TIME_WINDOW_AFTERNOON_TP', 4.1373)]"
20260826,2026-08-26T09:24:00+09:00,UP_RED,1,MORNING,0193T0,10235.0,2026-08-26T09:30:00+09:00,10160.0,OPPOSITE_SIGNAL,-0.822472,1.0,0.0,-1.1643380556912555,False,False,TREND,False,False,,False,,,"[('2026-08-26T09:30:00+09:00', 10160.0, 1.0, 'OPPOSITE_SIGNAL', -0.8225)]"
20260826,2026-08-26T09:30:00+09:00,DOWN_BLUE,2,MORNING,0197X0,7005.0,2026-08-26T10:12:00+09:00,7065.0,EARLY_TAKE_PROFIT,0.766167,0.8,2.6211277658815133,-0.018558172733761598,False,False,TREND,False,False,,False,,,"[('2026-08-26T10:12:00+09:00', 7065.0, 1.0, 'EARLY_TAKE_PROFIT', 0.7662)]"
20260826,2026-08-26T10:21:00+09:00,UP_RED,3,MORNING,0193T0,10140.0,2026-08-26T10:27:00+09:00,9965.0,TIME_WINDOW_STOP_LOSS,-1.81499,1.0,0.0,-1.814990138067061,False,False,TREND,False,False,,False,,,"[('2026-08-26T10:27:00+09:00', 9965.0, 1.0, 'TIME_WINDOW_STOP_LOSS', -1.815)]"
20260827,2026-08-27T09:36:00+09:00,DOWN_BLUE,1,MORNING,0197X0,6620.0,2026-08-27T10:06:00+09:00,6715.0,TIME_WINDOW_TRAILING_STOP,1.706767,1.0,3.8358006042296076,-0.3164652567975831,True,False,TREND,False,False,,False,,,"[('2026-08-27T10:06:00+09:00', 6715.0, 0.8, 'TIME_WINDOW_TRAILING_STOP', 1.3444)]"
20260827,2026-08-27T10:30:00+09:00,UP_RED,2,MORNING,0193T0,10585.0,2026-08-27T11:51:00+09:00,10795.0,SMALL_WHIPSAW_HOLD_EXIT,1.893056,1.0,1.7985829003306566,-0.9398205007085498,False,True,TREND,False,False,,False,,,"[('2026-08-27T11:51:00+09:00', 10795.0, 1.0, 'SMALL_WHIPSAW_HOLD_EXIT', 1.8931)]"
20260827,2026-08-27T13:39:00+09:00,DOWN_BLUE,3,AFTERNOON,0197X0,6685.0,2026-08-27T15:00:00+09:00,6850.0,FORCED_LIQUIDATION,2.377113,1.0,2.6761406133133883,-0.3142857142857143,False,True,TREND,False,False,,False,,,"[('2026-08-27T15:00:00+09:00', 6850.0, 1.0, 'FORCED_LIQUIDATION', 2.3771)]"
20260828,2026-08-28T09:09:00+09:00,DOWN_BLUE,1,MORNING,0197X0,7070.0,2026-08-28T09:18:00+09:00,6980.0,TIME_WINDOW_STOP_LOSS,-1.362518,1.0,0.0,-1.3625176803394625,False,False,TREND,False,False,,False,,,"[('2026-08-28T09:18:00+09:00', 6980.0, 1.0, 'TIME_WINDOW_STOP_LOSS', -1.3625)]"
20260828,2026-08-28T09:27:00+09:00,UP_RED,2,MORNING,0193T0,10270.0,2026-08-28T09:57:00+09:00,10325.0,EARLY_TAKE_PROFIT,0.445278,0.96,2.0025316455696203,0.0,False,False,TREND,False,False,,False,,,"[('2026-08-28T09:57:00+09:00', 10325.0, 1.0, 'EARLY_TAKE_PROFIT', 0.4453)]"
20260828,2026-08-28T10:15:00+09:00,DOWN_BLUE,3,MORNING,0197X0,6900.0,2026-08-28T11:39:00+09:00,6985.0,SMALL_WHIPSAW_HOLD_EXIT,1.141304,1.04,1.141304347826087,-0.6694202898550724,False,True,TREND,False,False,,False,,,"[('2026-08-28T11:39:00+09:00', 6985.0, 1.0, 'SMALL_WHIPSAW_HOLD_EXIT', 1.1413)]"
20260831,2026-08-31T09:06:00+09:00,DOWN_BLUE,1,MORNING,0197X0,7995.0,2026-08-31T09:09:00+09:00,7910.0,GX_SL,-1.15272,1.0,0.0,-1.152720450281426,False,False,CHOP,True,False,,False,,,"[('2026-08-31T09:09:00+09:00', np.float64(7910.0), 1.0, 'GX_SL', -1.1527)]"
20260831,2026-08-31T09:18:00+09:00,UP_RED,2,MORNING,0193T0,9030.0,2026-08-31T09:48:00+09:00,9120.0,TIME_WINDOW_TRAILING_STOP,1.40443,1.0,3.6182724252491694,-0.5880398671096345,True,False,TREND,False,False,,False,,,"[('2026-08-31T09:48:00+09:00', 9120.0, 0.8, 'TIME_WINDOW_TRAILING_STOP', 0.9063)]"
20260831,2026-08-31T10:06:00+09:00,DOWN_BLUE,3,MORNING,0197X0,7835.0,2026-08-31T10:33:00+09:00,7775.0,OPPOSITE_SIGNAL,-0.85552,1.0,0.6116145500957243,-0.6641991065730695,False,False,TREND,False,False,,False,,,"[('2026-08-31T10:33:00+09:00', 7775.0, 1.0, 'OPPOSITE_SIGNAL', -0.8555)]"
20260903,2026-09-03T09:18:00+09:00,DOWN_BLUE,1,MORNING,0197X0,7545.0,2026-09-03T10:33:00+09:00,7395.0,TIME_WINDOW_STOP_LOSS,-2.077137,1.0,0.9036447978793904,-2.0771371769383697,False,True,TREND,False,False,,False,,,"[('2026-09-03T10:33:00+09:00', 7395.0, 1.0, 'TIME_WINDOW_STOP_LOSS', -2.0771)]"
20260903,2026-09-03T11:00:00+09:00,DOWN_BLUE,2,AFTERNOON,0197X0,7525.0,2026-09-03T11:20:00+09:00,7470.0,GX_MAXHOLD,-0.820598,1.2,0.1756810631229236,-0.8205980066445182,False,True,CHOP,True,False,,False,,,"[('2026-09-03T11:20:00+09:00', np.float64(7470.0), 1.0, 'GX_MAXHOLD', -0.8206)]"
20260904,2026-09-04T10:03:00+09:00,DOWN_BLUE,1,MORNING,0197X0,7380.0,2026-09-04T10:23:00+09:00,7345.0,GX_MAXHOLD,-0.564092,1.0,0.0,-0.7672086720867208,False,False,CHOP,True,False,,False,,,"[('2026-09-04T10:23:00+09:00', np.float64(7345.0), 1.0, 'GX_MAXHOLD', -0.5641)]"
20260904,2026-09-04T11:18:00+09:00,UP_RED,2,AFTERNOON,0193T0,9380.0,2026-09-04T11:38:00+09:00,9335.0,GX_MAXHOLD,-0.56951,1.0,0.12313432835820896,-0.7294243070362474,False,False,CHOP,True,False,,False,,,"[('2026-09-04T11:38:00+09:00', np.float64(9335.0), 1.0, 'GX_MAXHOLD', -0.5695)]"
20260904,2026-09-04T11:42:00+09:00,DOWN_BLUE,3,AFTERNOON,0197X0,7455.0,2026-09-04T11:57:00+09:00,7405.0,OPPOSITE_SIGNAL,-0.760429,0.8,0.11106639839034203,-0.9615023474178406,False,False,CHOP,True,False,,False,,,"[('2026-09-04T11:57:00+09:00', 7405.0, 1.0, 'OPPOSITE_SIGNAL', -0.7604)]"
20260907,2026-09-07T09:21:00+09:00,DOWN_BLUE,1,MORNING,0197X0,6440.0,2026-09-07T09:41:00+09:00,6485.0,GX_MAXHOLD,0.608385,1.0,1.1515527950310558,-0.16770186335403728,False,False,CHOP,True,False,,False,,,"[('2026-09-07T09:41:00+09:00', np.float64(6485.0), 1.0, 'GX_MAXHOLD', 0.6084)]"
20260907,2026-09-07T11:33:00+09:00,UP_RED,2,AFTERNOON,0193T0,10565.0,2026-09-07T11:53:00+09:00,10605.0,GX_MAXHOLD,0.2885,1.0,0.477709417889257,-0.1845716990061524,False,False,CHOP,True,False,,False,,,"[('2026-09-07T11:53:00+09:00', np.float64(10605.0), 1.0, 'GX_MAXHOLD', 0.2885)]"
20260907,2026-09-07T13:06:00+09:00,UP_RED,3,AFTERNOON,0193T0,10735.0,2026-09-07T13:26:00+09:00,10880.0,GX_TP,1.260177,1.0,1.2601769911504423,-0.08998602701443875,False,False,CHOP,True,False,,False,,,"[('2026-09-07T13:26:00+09:00', np.float64(10880.0), 1.0, 'GX_TP', 1.2602)]"
20260908,2026-09-08T09:15:00+09:00,UP_RED,1,MORNING,0193T0,11480.0,2026-09-08T09:18:00+09:00,11690.0,GX_TP,1.738502,1.0,1.738501742160279,0.0,False,False,CHOP,True,False,,False,,,"[('2026-09-08T09:18:00+09:00', np.float64(11690.0), 1.0, 'GX_TP', 1.7385)]"
20260908,2026-09-08T10:12:00+09:00,DOWN_BLUE,2,MORNING,0197X0,5715.0,2026-09-08T10:32:00+09:00,5705.0,GX_MAXHOLD,-0.265092,1.0,0.4346456692913386,-0.789676290463692,False,False,CHOP,True,False,,False,,,"[('2026-09-08T10:32:00+09:00', np.float64(5705.0), 1.0, 'GX_MAXHOLD', -0.2651)]"
20260908,2026-09-08T12:18:00+09:00,UP_RED,3,AFTERNOON,0193T0,12065.0,2026-09-08T12:38:00+09:00,12210.0,GX_MAXHOLD,1.111314,1.0,1.1113137173642769,-0.04857024450891007,False,False,CHOP,True,False,,False,,,"[('2026-09-08T12:38:00+09:00', np.float64(12210.0), 1.0, 'GX_MAXHOLD', 1.1113)]"
20260909,2026-09-09T09:15:00+09:00,UP_RED,1,MORNING,0193T0,11520.0,2026-09-09T09:19:00+09:00,11705.0,GX_TP,1.515104,1.0,1.5151041666666667,0.0,False,False,CHOP,True,False,,False,,,"[('2026-09-09T09:19:00+09:00', np.float64(11705.0), 1.0, 'GX_TP', 1.5151)]"
20260909,2026-09-09T10:39:00+09:00,DOWN_BLUE,2,MORNING,0197X0,5615.0,2026-09-09T10:51:00+09:00,5700.0,GX_TP,1.42333,1.0,1.4233303650934996,-0.17898486197684774,False,False,CHOP,True,False,,False,,,"[('2026-09-09T10:51:00+09:00', np.float64(5700.0), 1.0, 'GX_TP', 1.4233)]"
20260909,2026-09-09T11:27:00+09:00,UP_RED,3,AFTERNOON,0193T0,12110.0,2026-09-09T11:47:00+09:00,12190.0,GX_MAXHOLD,0.570273,1.0,0.98298926507019,-0.5440132122213046,False,False,CHOP,True,False,,False,,,"[('2026-09-09T11:47:00+09:00', np.float64(12190.0), 1.0, 'GX_MAXHOLD', 0.5703)]"
20260910,2026-09-10T14:27:00+09:00,UP_RED,1,AFTERNOON,0193T0,11990.0,2026-09-10T14:47:00+09:00,12040.0,GX_MAXHOLD,0.326772,1.0,0.9103419516263555,-0.006672226855713095,False,False,CHOP,True,False,,False,,,"[('2026-09-10T14:47:00+09:00', np.float64(12040.0), 1.0, 'GX_MAXHOLD', 0.3268)]"
20260911,2026-09-11T09:18:00+09:00,UP_RED,1,MORNING,0193T0,10850.0,2026-09-11T09:23:00+09:00,11010.0,GX_TP,1.383963,1.0,1.383963133640553,-0.22829493087557604,False,False,CHOP,True,False,,False,,,"[('2026-09-11T09:23:00+09:00', np.float64(11010.0), 1.0, 'GX_TP', 1.384)]"
20260911,2026-09-11T10:36:00+09:00,UP_RED,2,MORNING,0193T0,11015.0,2026-09-11T10:56:00+09:00,10940.0,GX_MAXHOLD,-0.770586,0.8,0.0,-0.9974580118020882,False,False,CHOP,True,False,,False,,,"[('2026-09-11T10:56:00+09:00', np.float64(10940.0), 1.0, 'GX_MAXHOLD', -0.7706)]"
20260911,2026-09-11T14:48:00+09:00,UP_RED,3,AFTERNOON,0193T0,11267.0,2026-09-11T14:54:00+09:00,11460.0,GX_TP,1.622171,1.0,1.6221709416881158,-0.19650306203958462,False,False,CHOP,True,False,,False,,,"[('2026-09-11T14:54:00+09:00', np.float64(11460.0), 1.0, 'GX_TP', 1.6222)]"
20260914,2026-09-14T09:30:00+09:00,UP_RED,1,MORNING,0193T0,10200.0,2026-09-14T09:50:00+09:00,10205.0,GX_MAXHOLD,-0.04098,1.0,0.5959803921568627,-0.8250000000000001,False,False,CHOP,True,False,,False,,,"[('2026-09-14T09:50:00+09:00', np.float64(10205.0), 1.0, 'GX_MAXHOLD', -0.041)]"
20260915,2026-09-15T09:27:00+09:00,UP_RED,1,MORNING,0193T0,10120.0,2026-09-15T09:47:00+09:00,10105.0,GX_MAXHOLD,-0.238241,1.0,1.1939723320158102,-0.6826086956521739,False,False,CHOP,True,False,,False,,,"[('2026-09-15T09:47:00+09:00', np.float64(10105.0), 1.0, 'GX_MAXHOLD', -0.2382)]"
20260915,2026-09-15T09:54:00+09:00,DOWN_BLUE,2,MORNING,0197X0,6575.0,2026-09-15T10:14:00+09:00,6575.0,GX_MAXHOLD,-0.090038,0.8,0.3660836501901141,-0.4701140684410647,False,False,CHOP,True,False,,False,,,"[('2026-09-15T10:14:00+09:00', np.float64(6575.0), 1.0, 'GX_MAXHOLD', -0.09)]"
20260915,2026-09-15T10:27:00+09:00,UP_RED,3,MORNING,0193T0,10140.0,2026-09-15T10:40:00+09:00,10025.0,GX_SL,-1.22357,1.0,0.25502958579881657,-1.2235700197238657,False,False,CHOP,True,False,,False,,,"[('2026-09-15T10:40:00+09:00', np.float64(10025.0), 1.0, 'GX_SL', -1.2236)]"
20260916,2026-09-16T09:06:00+09:00,UP_RED,1,MORNING,0193T0,9965.0,2026-09-16T09:16:00+09:00,10125.0,GX_TP,1.514902,1.0,1.51490215755143,-0.2403411941796287,False,False,CHOP,True,False,,False,,,"[('2026-09-16T09:16:00+09:00', np.float64(10125.0), 1.0, 'GX_TP', 1.5149)]"
20260916,2026-09-16T10:03:00+09:00,DOWN_BLUE,2,MORNING,0197X0,6415.0,2026-09-16T10:20:00+09:00,6510.0,GX_TP,1.390179,1.0,1.390179267342167,0.0,False,False,CHOP,True,False,,False,,,"[('2026-09-16T10:20:00+09:00', np.float64(6510.0), 1.0, 'GX_TP', 1.3902)]"
20260916,2026-09-16T12:51:00+09:00,UP_RED,3,AFTERNOON,0193T0,10360.0,2026-09-16T13:11:00+09:00,10495.0,GX_TP,1.212548,1.0,1.2125482625482626,0.0,False,False,CHOP,True,False,,False,,,"[('2026-09-16T13:11:00+09:00', np.float64(10495.0), 1.0, 'GX_TP', 1.2125)]"
20260917,2026-09-17T09:12:00+09:00,DOWN_BLUE,1,MORNING,0197X0,6230.0,2026-09-17T09:32:00+09:00,6275.0,GX_MAXHOLD,0.632103,1.0,0.8727126805778491,-0.7317817014446228,False,False,CHOP,True,False,,False,,,"[('2026-09-17T09:32:00+09:00', np.float64(6275.0), 1.0, 'GX_MAXHOLD', 0.6321)]"
20260917,2026-09-17T10:00:00+09:00,UP_RED,2,MORNING,0193T0,10540.0,2026-09-17T10:08:00+09:00,10700.0,GX_TP,1.427419,1.0,1.4274193548387095,-0.08994307400379507,False,False,CHOP,True,False,,False,,,"[('2026-09-17T10:08:00+09:00', np.float64(10700.0), 1.0, 'GX_TP', 1.4274)]"
20260917,2026-09-17T10:48:00+09:00,DOWN_BLUE,3,MORNING,0197X0,6195.0,2026-09-17T11:08:00+09:00,6255.0,GX_MAXHOLD,0.878128,0.8,0.8781275221953189,-0.0900726392251816,False,False,CHOP,True,False,,False,,,"[('2026-09-17T11:08:00+09:00', np.float64(6255.0), 1.0, 'GX_MAXHOLD', 0.8781)]"
20260918,2026-09-18T09:06:00+09:00,DOWN_BLUE,1,MORNING,0197X0,5720.0,2026-09-18T09:21:00+09:00,5695.0,WHIPSAW_WATCH_DETERIORATION_EXIT,-0.526748,1.0,0.34685314685314683,-0.8763986013986015,False,False,CHOP,True,False,,False,,,"[('2026-09-18T09:21:00+09:00', 5695.0, 1.0, 'WHIPSAW_WATCH_DETERIORATION_EXIT', -0.5267)]"
20260921,2026-09-21T09:57:00+09:00,UP_RED,1,MORNING,0193T0,11980.0,2026-09-21T10:17:00+09:00,12105.0,GX_MAXHOLD,0.952838,1.0,1.1615191986644406,-0.17345575959933224,False,False,CHOP,True,False,,False,,,"[('2026-09-21T10:17:00+09:00', np.float64(12105.0), 1.0, 'GX_MAXHOLD', 0.9528)]"
20260921,2026-09-21T10:51:00+09:00,DOWN_BLUE,2,MORNING,0197X0,5360.0,2026-09-21T11:11:00+09:00,5375.0,GX_MAXHOLD,0.189739,1.0,0.5626865671641791,-0.27630597014925373,False,False,CHOP,True,False,,False,,,"[('2026-09-21T11:11:00+09:00', np.float64(5375.0), 1.0, 'GX_MAXHOLD', 0.1897)]"
20260921,2026-09-21T12:57:00+09:00,UP_RED,3,AFTERNOON,0193T0,12080.0,2026-09-21T13:17:00+09:00,12085.0,GX_MAXHOLD,-0.048593,1.0,0.11680463576158939,-0.5036423841059603,False,False,CHOP,True,False,,False,,,"[('2026-09-21T13:17:00+09:00', np.float64(12085.0), 1.0, 'GX_MAXHOLD', -0.0486)]"
20260922,2026-09-22T09:06:00+09:00,UP_RED,1,MORNING,0193T0,12710.0,2026-09-22T09:26:00+09:00,12700.0,GX_MAXHOLD,-0.168607,1.0,0.6963808025177026,-0.6012588512981905,False,False,CHOP,True,False,,False,,,"[('2026-09-22T09:26:00+09:00', np.float64(12700.0), 1.0, 'GX_MAXHOLD', -0.1686)]"
20260922,2026-09-22T11:18:00+09:00,DOWN_BLUE,2,AFTERNOON,0197X0,5130.0,2026-09-22T11:38:00+09:00,5105.0,GX_MAXHOLD,-0.577193,1.0,0.007407407407407408,-0.6744639376218324,False,False,CHOP,True,False,,False,,,"[('2026-09-22T11:38:00+09:00', np.float64(5105.0), 1.0, 'GX_MAXHOLD', -0.5772)]"
20260922,2026-09-22T12:15:00+09:00,DOWN_BLUE,3,AFTERNOON,0197X0,5100.0,2026-09-22T12:35:00+09:00,5120.0,GX_MAXHOLD,0.301961,1.0,0.3019607843137255,0.0,False,False,CHOP,True,False,,False,,,"[('2026-09-22T12:35:00+09:00', np.float64(5120.0), 1.0, 'GX_MAXHOLD', 0.302)]"
